-17,143,EPBBzYEmQWB4RRkdne272j5ZPnM=,c96BGq6UgKGC4vkX6MnUtixM8AQ=
-18,143,EPBBzYEmQWB4RRkdne272j5ZPnM=,c96BGq6UgKGC4vkX6MnUtixM8AQ=
-18,129,EPBBzYEmQWB4RRkdne272j5ZPnM=,c96BGq6UgKGC4vkX6MnUtixM8AQ=
-20,143,EPBBzYEmQWB4RRkdne272j5ZPnM=,c96BGq6UgKGC4vkX6MnUtixM8AQ=
-19,143,EPBBzYEmQWB4RRkdne272j5ZPnM=,c96BGq6UgKGC4vkX6MnUtixM8AQ=
-21,143,EPBBzYEmQWB4RRkdne272j5ZPnM=,c96BGq6UgKGC4vkX6MnUtixM8AQ=
-32,128,EPBBzYEmQWB4RRkdne272j5ZPnM=,c96BGq6UgKGC4vkX6MnUtixM8AQ=
-24,143,EPBBzYEmQWB4RRkdne272j5ZPnM=,c96BGq6UgKGC4vkX6MnUtixM8AQ=
-22,143,EPBBzYEmQWB4RRkdne272j5ZPnM=,c96BGq6UgKGC4vkX6MnUtixM8AQ=
-23,143,EPBBzYEmQWB4RRkdne272j5ZPnM=,c96BGq6UgKGC4vkX6MnUtixM8AQ=
-17,129,EPBBzYEmQWB4RRkdne272j5ZPnM=,c96BGq6UgKGC4vkX6MnUtixM8AQ=
-25,143,EPBBzYEmQWB4RRkdne272j5ZPnM=,c96BGq6UgKGC4vkX6MnUtixM8AQ=
-17,128,98jDpr8LKaWQLErayQP+cQ5lcE8=,c96BGq6UgKGC4vkX6MnUtixM8AQ=
-26,143,98jDpr8LKaWQLErayQP+cQ5lcE8=,c96BGq6UgKGC4vkX6MnUtixM8AQ=
-27,143,98jDpr8LKaWQLErayQP+cQ5lcE8=,c96BGq6UgKGC4vkX6MnUtixM8AQ=
-28,143,98jDpr8LKaWQLErayQP+cQ5lcE8=,c96BGq6UgKGC4vkX6MnUtixM8AQ=
-19,128,98jDpr8LKaWQLErayQP+cQ5lcE8=,c96BGq6UgKGC4vkX6MnUtixM8AQ=
-18,128,98jDpr8LKaWQLErayQP+cQ5lcE8=,c96BGq6UgKGC4vkX6MnUtixM8AQ=
-32,130,98jDpr8LKaWQLErayQP+cQ5lcE8=,c96BGq6UgKGC4vkX6MnUtixM8AQ=
-29,143,98jDpr8LKaWQLErayQP+cQ5lcE8=,c96BGq6UgKGC4vkX6MnUtixM8AQ=
-30,143,98jDpr8LKaWQLErayQP+cQ5lcE8=,c96BGq6UgKGC4vkX6MnUtixM8AQ=
-31,143,98jDpr8LKaWQLErayQP+cQ5lcE8=,c96BGq6UgKGC4vkX6MnUtixM8AQ=
-20,128,98jDpr8LKaWQLErayQP+cQ5lcE8=,c96BGq6UgKGC4vkX6MnUtixM8AQ=
-21,128,98jDpr8LKaWQLErayQP+cQ5lcE8=,c96BGq6UgKGC4vkX6MnUtixM8AQ=
-31,130,98jDpr8LKaWQLErayQP+cQ5lcE8=,c96BGq6UgKGC4vkX6MnUtixM8AQ=
-22,128,98jDpr8LKaWQLErayQP+cQ5lcE8=,c96BGq6UgKGC4vkX6MnUtixM8AQ=
-23,128,98jDpr8LKaWQLErayQP+cQ5lcE8=,c96BGq6UgKGC4vkX6MnUtixM8AQ=
-24,128,98jDpr8LKaWQLErayQP+cQ5lcE8=,c96BGq6UgKGC4vkX6MnUtixM8AQ=
-26,128,98jDpr8LKaWQLErayQP+cQ5lcE8=,c96BGq6UgKGC4vkX6MnUtixM8AQ=
-25,128,98jDpr8LKaWQLErayQP+cQ5lcE8=,c96BGq6UgKGC4vkX6MnUtixM8AQ=
-27,128,98jDpr8LKaWQLErayQP+cQ5lcE8=,c96BGq6UgKGC4vkX6MnUtixM8AQ=
-32,143,98jDpr8LKaWQLErayQP+cQ5lcE8=,c96BGq6UgKGC4vkX6MnUtixM8AQ=
-30,130,98jDpr8LKaWQLErayQP+cQ5lcE8=,c96BGq6UgKGC4vkX6MnUtixM8AQ=
-19,129,98jDpr8LKaWQLErayQP+cQ5lcE8=,c96BGq6UgKGC4vkX6MnUtixM8AQ=
-31,128,98jDpr8LKaWQLErayQP+cQ5lcE8=,c96BGq6UgKGC4vkX6MnUtixM8AQ=
-28,128,98jDpr8LKaWQLErayQP+cQ5lcE8=,c96BGq6UgKGC4vkX6MnUtixM8AQ=
-30,128,98jDpr8LKaWQLErayQP+cQ5lcE8=,c96BGq6UgKGC4vkX6MnUtixM8AQ=
-17,142,98jDpr8LKaWQLErayQP+cQ5lcE8=,c96BGq6UgKGC4vkX6MnUtixM8AQ=
-29,128,98jDpr8LKaWQLErayQP+cQ5lcE8=,c96BGq6UgKGC4vkX6MnUtixM8AQ=
-21,142,98jDpr8LKaWQLErayQP+cQ5lcE8=,c96BGq6UgKGC4vkX6MnUtixM8AQ=
-22,142,98jDpr8LKaWQLErayQP+cQ5lcE8=,c96BGq6UgKGC4vkX6MnUtixM8AQ=
-23,142,98jDpr8LKaWQLErayQP+cQ5lcE8=,c96BGq6UgKGC4vkX6MnUtixM8AQ=
-20,142,98jDpr8LKaWQLErayQP+cQ5lcE8=,c96BGq6UgKGC4vkX6MnUtixM8AQ=
-18,142,98jDpr8LKaWQLErayQP+cQ5lcE8=,c96BGq6UgKGC4vkX6MnUtixM8AQ=
-19,142,98jDpr8LKaWQLErayQP+cQ5lcE8=,c96BGq6UgKGC4vkX6MnUtixM8AQ=
-24,142,98jDpr8LKaWQLErayQP+cQ5lcE8=,c96BGq6UgKGC4vkX6MnUtixM8AQ=
-27,142,98jDpr8LKaWQLErayQP+cQ5lcE8=,c96BGq6UgKGC4vkX6MnUtixM8AQ=
-29,130,98jDpr8LKaWQLErayQP+cQ5lcE8=,c96BGq6UgKGC4vkX6MnUtixM8AQ=
-25,142,98jDpr8LKaWQLErayQP+cQ5lcE8=,c96BGq6UgKGC4vkX6MnUtixM8AQ=
-26,142,98jDpr8LKaWQLErayQP+cQ5lcE8=,c96BGq6UgKGC4vkX6MnUtixM8AQ=
-20,129,98jDpr8LKaWQLErayQP+cQ5lcE8=,c96BGq6UgKGC4vkX6MnUtixM8AQ=
-28,142,98jDpr8LKaWQLErayQP+cQ5lcE8=,c96BGq6UgKGC4vkX6MnUtixM8AQ=
-17,141,98jDpr8LKaWQLErayQP+cQ5lcE8=,c96BGq6UgKGC4vkX6MnUtixM8AQ=
-29,142,98jDpr8LKaWQLErayQP+cQ5lcE8=,c96BGq6UgKGC4vkX6MnUtixM8AQ=
-31,142,98jDpr8LKaWQLErayQP+cQ5lcE8=,c96BGq6UgKGC4vkX6MnUtixM8AQ=
-18,141,98jDpr8LKaWQLErayQP+cQ5lcE8=,c96BGq6UgKGC4vkX6MnUtixM8AQ=
-19,141,98jDpr8LKaWQLErayQP+cQ5lcE8=,c96BGq6UgKGC4vkX6MnUtixM8AQ=
-30,142,98jDpr8LKaWQLErayQP+cQ5lcE8=,c96BGq6UgKGC4vkX6MnUtixM8AQ=
-32,142,98jDpr8LKaWQLErayQP+cQ5lcE8=,c96BGq6UgKGC4vkX6MnUtixM8AQ=
-28,130,98jDpr8LKaWQLErayQP+cQ5lcE8=,c96BGq6UgKGC4vkX6MnUtixM8AQ=
-20,141,98jDpr8LKaWQLErayQP+cQ5lcE8=,c96BGq6UgKGC4vkX6MnUtixM8AQ=
-21,141,98jDpr8LKaWQLErayQP+cQ5lcE8=,c96BGq6UgKGC4vkX6MnUtixM8AQ=
-22,141,98jDpr8LKaWQLErayQP+cQ5lcE8=,c96BGq6UgKGC4vkX6MnUtixM8AQ=
-23,141,98jDpr8LKaWQLErayQP+cQ5lcE8=,c96BGq6UgKGC4vkX6MnUtixM8AQ=
-24,141,98jDpr8LKaWQLErayQP+cQ5lcE8=,c96BGq6UgKGC4vkX6MnUtixM8AQ=
-27,141,98jDpr8LKaWQLErayQP+cQ5lcE8=,c96BGq6UgKGC4vkX6MnUtixM8AQ=
-28,141,98jDpr8LKaWQLErayQP+cQ5lcE8=,c96BGq6UgKGC4vkX6MnUtixM8AQ=
-26,141,98jDpr8LKaWQLErayQP+cQ5lcE8=,c96BGq6UgKGC4vkX6MnUtixM8AQ=
-25,141,98jDpr8LKaWQLErayQP+cQ5lcE8=,c96BGq6UgKGC4vkX6MnUtixM8AQ=
-21,129,98jDpr8LKaWQLErayQP+cQ5lcE8=,c96BGq6UgKGC4vkX6MnUtixM8AQ=
-29,141,98jDpr8LKaWQLErayQP+cQ5lcE8=,c96BGq6UgKGC4vkX6MnUtixM8AQ=
-32,141,98jDpr8LKaWQLErayQP+cQ5lcE8=,c96BGq6UgKGC4vkX6MnUtixM8AQ=
-27,130,98jDpr8LKaWQLErayQP+cQ5lcE8=,c96BGq6UgKGC4vkX6MnUtixM8AQ=
-18,140,98jDpr8LKaWQLErayQP+cQ5lcE8=,c96BGq6UgKGC4vkX6MnUtixM8AQ=
-17,140,98jDpr8LKaWQLErayQP+cQ5lcE8=,c96BGq6UgKGC4vkX6MnUtixM8AQ=
-19,140,98jDpr8LKaWQLErayQP+cQ5lcE8=,c96BGq6UgKGC4vkX6MnUtixM8AQ=
-20,140,98jDpr8LKaWQLErayQP+cQ5lcE8=,c96BGq6UgKGC4vkX6MnUtixM8AQ=
-30,141,98jDpr8LKaWQLErayQP+cQ5lcE8=,c96BGq6UgKGC4vkX6MnUtixM8AQ=
-21,140,98jDpr8LKaWQLErayQP+cQ5lcE8=,c96BGq6UgKGC4vkX6MnUtixM8AQ=
-31,141,98jDpr8LKaWQLErayQP+cQ5lcE8=,c96BGq6UgKGC4vkX6MnUtixM8AQ=
-23,140,98jDpr8LKaWQLErayQP+cQ5lcE8=,c96BGq6UgKGC4vkX6MnUtixM8AQ=
-22,140,98jDpr8LKaWQLErayQP+cQ5lcE8=,c96BGq6UgKGC4vkX6MnUtixM8AQ=
-24,140,98jDpr8LKaWQLErayQP+cQ5lcE8=,c96BGq6UgKGC4vkX6MnUtixM8AQ=
-28,140,98jDpr8LKaWQLErayQP+cQ5lcE8=,c96BGq6UgKGC4vkX6MnUtixM8AQ=
-27,140,98jDpr8LKaWQLErayQP+cQ5lcE8=,c96BGq6UgKGC4vkX6MnUtixM8AQ=
-25,140,98jDpr8LKaWQLErayQP+cQ5lcE8=,c96BGq6UgKGC4vkX6MnUtixM8AQ=
-26,140,98jDpr8LKaWQLErayQP+cQ5lcE8=,c96BGq6UgKGC4vkX6MnUtixM8AQ=
-29,140,98jDpr8LKaWQLErayQP+cQ5lcE8=,c96BGq6UgKGC4vkX6MnUtixM8AQ=
-22,129,98jDpr8LKaWQLErayQP+cQ5lcE8=,c96BGq6UgKGC4vkX6MnUtixM8AQ=
-26,130,98jDpr8LKaWQLErayQP+cQ5lcE8=,c96BGq6UgKGC4vkX6MnUtixM8AQ=
-19,139,98jDpr8LKaWQLErayQP+cQ5lcE8=,c96BGq6UgKGC4vkX6MnUtixM8AQ=
-32,140,98jDpr8LKaWQLErayQP+cQ5lcE8=,c96BGq6UgKGC4vkX6MnUtixM8AQ=
-18,139,98jDpr8LKaWQLErayQP+cQ5lcE8=,c96BGq6UgKGC4vkX6MnUtixM8AQ=
-31,140,98jDpr8LKaWQLErayQP+cQ5lcE8=,c96BGq6UgKGC4vkX6MnUtixM8AQ=
-20,139,98jDpr8LKaWQLErayQP+cQ5lcE8=,c96BGq6UgKGC4vkX6MnUtixM8AQ=
-30,140,98jDpr8LKaWQLErayQP+cQ5lcE8=,c96BGq6UgKGC4vkX6MnUtixM8AQ=
-17,139,98jDpr8LKaWQLErayQP+cQ5lcE8=,c96BGq6UgKGC4vkX6MnUtixM8AQ=
-25,130,98jDpr8LKaWQLErayQP+cQ5lcE8=,c96BGq6UgKGC4vkX6MnUtixM8AQ=
-21,139,98jDpr8LKaWQLErayQP+cQ5lcE8=,c96BGq6UgKGC4vkX6MnUtixM8AQ=
-23,139,98jDpr8LKaWQLErayQP+cQ5lcE8=,c96BGq6UgKGC4vkX6MnUtixM8AQ=
-24,139,98jDpr8LKaWQLErayQP+cQ5lcE8=,c96BGq6UgKGC4vkX6MnUtixM8AQ=
-22,139,98jDpr8LKaWQLErayQP+cQ5lcE8=,c96BGq6UgKGC4vkX6MnUtixM8AQ=
-25,139,98jDpr8LKaWQLErayQP+cQ5lcE8=,c96BGq6UgKGC4vkX6MnUtixM8AQ=
-26,139,98jDpr8LKaWQLErayQP+cQ5lcE8=,c96BGq6UgKGC4vkX6MnUtixM8AQ=
-29,139,98jDpr8LKaWQLErayQP+cQ5lcE8=,c96BGq6UgKGC4vkX6MnUtixM8AQ=
-28,139,98jDpr8LKaWQLErayQP+cQ5lcE8=,c96BGq6UgKGC4vkX6MnUtixM8AQ=
-27,139,98jDpr8LKaWQLErayQP+cQ5lcE8=,c96BGq6UgKGC4vkX6MnUtixM8AQ=
-23,129,98jDpr8LKaWQLErayQP+cQ5lcE8=,c96BGq6UgKGC4vkX6MnUtixM8AQ=
-24,130,98jDpr8LKaWQLErayQP+cQ5lcE8=,c96BGq6UgKGC4vkX6MnUtixM8AQ=
-32,139,98jDpr8LKaWQLErayQP+cQ5lcE8=,c96BGq6UgKGC4vkX6MnUtixM8AQ=
-31,139,98jDpr8LKaWQLErayQP+cQ5lcE8=,c96BGq6UgKGC4vkX6MnUtixM8AQ=
-30,139,98jDpr8LKaWQLErayQP+cQ5lcE8=,c96BGq6UgKGC4vkX6MnUtixM8AQ=
-18,138,98jDpr8LKaWQLErayQP+cQ5lcE8=,c96BGq6UgKGC4vkX6MnUtixM8AQ=
-19,138,98jDpr8LKaWQLErayQP+cQ5lcE8=,c96BGq6UgKGC4vkX6MnUtixM8AQ=
-17,138,98jDpr8LKaWQLErayQP+cQ5lcE8=,c96BGq6UgKGC4vkX6MnUtixM8AQ=
-20,138,98jDpr8LKaWQLErayQP+cQ5lcE8=,c96BGq6UgKGC4vkX6MnUtixM8AQ=
-23,130,98jDpr8LKaWQLErayQP+cQ5lcE8=,c96BGq6UgKGC4vkX6MnUtixM8AQ=
-21,138,98jDpr8LKaWQLErayQP+cQ5lcE8=,c96BGq6UgKGC4vkX6MnUtixM8AQ=
-25,138,98jDpr8LKaWQLErayQP+cQ5lcE8=,c96BGq6UgKGC4vkX6MnUtixM8AQ=
-22,138,98jDpr8LKaWQLErayQP+cQ5lcE8=,c96BGq6UgKGC4vkX6MnUtixM8AQ=
-23,138,98jDpr8LKaWQLErayQP+cQ5lcE8=,c96BGq6UgKGC4vkX6MnUtixM8AQ=
-22,130,98jDpr8LKaWQLErayQP+cQ5lcE8=,c96BGq6UgKGC4vkX6MnUtixM8AQ=
-26,138,98jDpr8LKaWQLErayQP+cQ5lcE8=,c96BGq6UgKGC4vkX6MnUtixM8AQ=
-21,130,98jDpr8LKaWQLErayQP+cQ5lcE8=,c96BGq6UgKGC4vkX6MnUtixM8AQ=
-29,138,98jDpr8LKaWQLErayQP+cQ5lcE8=,c96BGq6UgKGC4vkX6MnUtixM8AQ=
-30,138,98jDpr8LKaWQLErayQP+cQ5lcE8=,c96BGq6UgKGC4vkX6MnUtixM8AQ=
-27,138,98jDpr8LKaWQLErayQP+cQ5lcE8=,c96BGq6UgKGC4vkX6MnUtixM8AQ=
-28,138,98jDpr8LKaWQLErayQP+cQ5lcE8=,c96BGq6UgKGC4vkX6MnUtixM8AQ=
-24,129,98jDpr8LKaWQLErayQP+cQ5lcE8=,c96BGq6UgKGC4vkX6MnUtixM8AQ=
-20,130,98jDpr8LKaWQLErayQP+cQ5lcE8=,c96BGq6UgKGC4vkX6MnUtixM8AQ=
-31,138,98jDpr8LKaWQLErayQP+cQ5lcE8=,c96BGq6UgKGC4vkX6MnUtixM8AQ=
-32,138,98jDpr8LKaWQLErayQP+cQ5lcE8=,c96BGq6UgKGC4vkX6MnUtixM8AQ=
-17,137,98jDpr8LKaWQLErayQP+cQ5lcE8=,c96BGq6UgKGC4vkX6MnUtixM8AQ=
-19,130,98jDpr8LKaWQLErayQP+cQ5lcE8=,c96BGq6UgKGC4vkX6MnUtixM8AQ=
-19,137,98jDpr8LKaWQLErayQP+cQ5lcE8=,c96BGq6UgKGC4vkX6MnUtixM8AQ=
-18,137,98jDpr8LKaWQLErayQP+cQ5lcE8=,c96BGq6UgKGC4vkX6MnUtixM8AQ=
-20,137,98jDpr8LKaWQLErayQP+cQ5lcE8=,c96BGq6UgKGC4vkX6MnUtixM8AQ=
-21,137,98jDpr8LKaWQLErayQP+cQ5lcE8=,c96BGq6UgKGC4vkX6MnUtixM8AQ=
-22,137,98jDpr8LKaWQLErayQP+cQ5lcE8=,c96BGq6UgKGC4vkX6MnUtixM8AQ=
-32,129,98jDpr8LKaWQLErayQP+cQ5lcE8=,c96BGq6UgKGC4vkX6MnUtixM8AQ=
-23,137,98jDpr8LKaWQLErayQP+cQ5lcE8=,c96BGq6UgKGC4vkX6MnUtixM8AQ=
-25,129,98jDpr8LKaWQLErayQP+cQ5lcE8=,c96BGq6UgKGC4vkX6MnUtixM8AQ=
-24,137,98jDpr8LKaWQLErayQP+cQ5lcE8=,c96BGq6UgKGC4vkX6MnUtixM8AQ=
-25,137,98jDpr8LKaWQLErayQP+cQ5lcE8=,c96BGq6UgKGC4vkX6MnUtixM8AQ=
-18,130,98jDpr8LKaWQLErayQP+cQ5lcE8=,c96BGq6UgKGC4vkX6MnUtixM8AQ=
-26,137,98jDpr8LKaWQLErayQP+cQ5lcE8=,c96BGq6UgKGC4vkX6MnUtixM8AQ=
-28,137,98jDpr8LKaWQLErayQP+cQ5lcE8=,c96BGq6UgKGC4vkX6MnUtixM8AQ=
-27,137,98jDpr8LKaWQLErayQP+cQ5lcE8=,c96BGq6UgKGC4vkX6MnUtixM8AQ=
-31,137,98jDpr8LKaWQLErayQP+cQ5lcE8=,c96BGq6UgKGC4vkX6MnUtixM8AQ=
-17,130,98jDpr8LKaWQLErayQP+cQ5lcE8=,c96BGq6UgKGC4vkX6MnUtixM8AQ=
-30,137,98jDpr8LKaWQLErayQP+cQ5lcE8=,c96BGq6UgKGC4vkX6MnUtixM8AQ=
-29,137,98jDpr8LKaWQLErayQP+cQ5lcE8=,c96BGq6UgKGC4vkX6MnUtixM8AQ=
-32,137,98jDpr8LKaWQLErayQP+cQ5lcE8=,c96BGq6UgKGC4vkX6MnUtixM8AQ=
-17,136,98jDpr8LKaWQLErayQP+cQ5lcE8=,c96BGq6UgKGC4vkX6MnUtixM8AQ=
-18,136,98jDpr8LKaWQLErayQP+cQ5lcE8=,c96BGq6UgKGC4vkX6MnUtixM8AQ=
-19,136,98jDpr8LKaWQLErayQP+cQ5lcE8=,c96BGq6UgKGC4vkX6MnUtixM8AQ=
-32,131,98jDpr8LKaWQLErayQP+cQ5lcE8=,c96BGq6UgKGC4vkX6MnUtixM8AQ=
-20,136,98jDpr8LKaWQLErayQP+cQ5lcE8=,c96BGq6UgKGC4vkX6MnUtixM8AQ=
-21,136,98jDpr8LKaWQLErayQP+cQ5lcE8=,c96BGq6UgKGC4vkX6MnUtixM8AQ=
-22,136,98jDpr8LKaWQLErayQP+cQ5lcE8=,c96BGq6UgKGC4vkX6MnUtixM8AQ=
-23,136,98jDpr8LKaWQLErayQP+cQ5lcE8=,c96BGq6UgKGC4vkX6MnUtixM8AQ=
-24,136,98jDpr8LKaWQLErayQP+cQ5lcE8=,c96BGq6UgKGC4vkX6MnUtixM8AQ=
-31,131,98jDpr8LKaWQLErayQP+cQ5lcE8=,c96BGq6UgKGC4vkX6MnUtixM8AQ=
-26,129,98jDpr8LKaWQLErayQP+cQ5lcE8=,c96BGq6UgKGC4vkX6MnUtixM8AQ=
-26,136,98jDpr8LKaWQLErayQP+cQ5lcE8=,c96BGq6UgKGC4vkX6MnUtixM8AQ=
-25,136,98jDpr8LKaWQLErayQP+cQ5lcE8=,c96BGq6UgKGC4vkX6MnUtixM8AQ=
-28,136,98jDpr8LKaWQLErayQP+cQ5lcE8=,c96BGq6UgKGC4vkX6MnUtixM8AQ=
-27,136,98jDpr8LKaWQLErayQP+cQ5lcE8=,c96BGq6UgKGC4vkX6MnUtixM8AQ=
-29,136,98jDpr8LKaWQLErayQP+cQ5lcE8=,c96BGq6UgKGC4vkX6MnUtixM8AQ=
-30,131,98jDpr8LKaWQLErayQP+cQ5lcE8=,c96BGq6UgKGC4vkX6MnUtixM8AQ=
-32,136,98jDpr8LKaWQLErayQP+cQ5lcE8=,c96BGq6UgKGC4vkX6MnUtixM8AQ=
-30,136,98jDpr8LKaWQLErayQP+cQ5lcE8=,c96BGq6UgKGC4vkX6MnUtixM8AQ=
-31,136,98jDpr8LKaWQLErayQP+cQ5lcE8=,c96BGq6UgKGC4vkX6MnUtixM8AQ=
-17,135,98jDpr8LKaWQLErayQP+cQ5lcE8=,c96BGq6UgKGC4vkX6MnUtixM8AQ=
-18,135,98jDpr8LKaWQLErayQP+cQ5lcE8=,c96BGq6UgKGC4vkX6MnUtixM8AQ=
-19,135,98jDpr8LKaWQLErayQP+cQ5lcE8=,c96BGq6UgKGC4vkX6MnUtixM8AQ=
-29,131,98jDpr8LKaWQLErayQP+cQ5lcE8=,c96BGq6UgKGC4vkX6MnUtixM8AQ=
-20,135,98jDpr8LKaWQLErayQP+cQ5lcE8=,c96BGq6UgKGC4vkX6MnUtixM8AQ=
-22,135,98jDpr8LKaWQLErayQP+cQ5lcE8=,c96BGq6UgKGC4vkX6MnUtixM8AQ=
-23,135,98jDpr8LKaWQLErayQP+cQ5lcE8=,c96BGq6UgKGC4vkX6MnUtixM8AQ=
-21,135,98jDpr8LKaWQLErayQP+cQ5lcE8=,c96BGq6UgKGC4vkX6MnUtixM8AQ=
-24,135,98jDpr8LKaWQLErayQP+cQ5lcE8=,c96BGq6UgKGC4vkX6MnUtixM8AQ=
-27,129,98jDpr8LKaWQLErayQP+cQ5lcE8=,c96BGq6UgKGC4vkX6MnUtixM8AQ=
-28,131,98jDpr8LKaWQLErayQP+cQ5lcE8=,c96BGq6UgKGC4vkX6MnUtixM8AQ=
-25,135,98jDpr8LKaWQLErayQP+cQ5lcE8=,c96BGq6UgKGC4vkX6MnUtixM8AQ=
-27,135,98jDpr8LKaWQLErayQP+cQ5lcE8=,c96BGq6UgKGC4vkX6MnUtixM8AQ=
-26,135,98jDpr8LKaWQLErayQP+cQ5lcE8=,c96BGq6UgKGC4vkX6MnUtixM8AQ=
-30,135,98jDpr8LKaWQLErayQP+cQ5lcE8=,c96BGq6UgKGC4vkX6MnUtixM8AQ=
-29,135,98jDpr8LKaWQLErayQP+cQ5lcE8=,c96BGq6UgKGC4vkX6MnUtixM8AQ=
-28,135,98jDpr8LKaWQLErayQP+cQ5lcE8=,c96BGq6UgKGC4vkX6MnUtixM8AQ=
-27,131,98jDpr8LKaWQLErayQP+cQ5lcE8=,c96BGq6UgKGC4vkX6MnUtixM8AQ=
-31,135,98jDpr8LKaWQLErayQP+cQ5lcE8=,c96BGq6UgKGC4vkX6MnUtixM8AQ=
-32,135,98jDpr8LKaWQLErayQP+cQ5lcE8=,c96BGq6UgKGC4vkX6MnUtixM8AQ=
-17,134,98jDpr8LKaWQLErayQP+cQ5lcE8=,c96BGq6UgKGC4vkX6MnUtixM8AQ=
-18,134,98jDpr8LKaWQLErayQP+cQ5lcE8=,c96BGq6UgKGC4vkX6MnUtixM8AQ=
-19,134,98jDpr8LKaWQLErayQP+cQ5lcE8=,c96BGq6UgKGC4vkX6MnUtixM8AQ=
-26,131,98jDpr8LKaWQLErayQP+cQ5lcE8=,c96BGq6UgKGC4vkX6MnUtixM8AQ=
-21,134,98jDpr8LKaWQLErayQP+cQ5lcE8=,c96BGq6UgKGC4vkX6MnUtixM8AQ=
-22,134,98jDpr8LKaWQLErayQP+cQ5lcE8=,c96BGq6UgKGC4vkX6MnUtixM8AQ=
-20,134,98jDpr8LKaWQLErayQP+cQ5lcE8=,c96BGq6UgKGC4vkX6MnUtixM8AQ=
-28,129,98jDpr8LKaWQLErayQP+cQ5lcE8=,c96BGq6UgKGC4vkX6MnUtixM8AQ=
-25,134,98jDpr8LKaWQLErayQP+cQ5lcE8=,c96BGq6UgKGC4vkX6MnUtixM8AQ=
-25,131,98jDpr8LKaWQLErayQP+cQ5lcE8=,c96BGq6UgKGC4vkX6MnUtixM8AQ=
-30,134,98jDpr8LKaWQLErayQP+cQ5lcE8=,c96BGq6UgKGC4vkX6MnUtixM8AQ=
-28,134,98jDpr8LKaWQLErayQP+cQ5lcE8=,c96BGq6UgKGC4vkX6MnUtixM8AQ=
-29,134,98jDpr8LKaWQLErayQP+cQ5lcE8=,c96BGq6UgKGC4vkX6MnUtixM8AQ=
-32,134,98jDpr8LKaWQLErayQP+cQ5lcE8=,c96BGq6UgKGC4vkX6MnUtixM8AQ=
-17,133,98jDpr8LKaWQLErayQP+cQ5lcE8=,c96BGq6UgKGC4vkX6MnUtixM8AQ=
-21,133,98jDpr8LKaWQLErayQP+cQ5lcE8=,c96BGq6UgKGC4vkX6MnUtixM8AQ=
-18,133,98jDpr8LKaWQLErayQP+cQ5lcE8=,c96BGq6UgKGC4vkX6MnUtixM8AQ=
-22,133,98jDpr8LKaWQLErayQP+cQ5lcE8=,c96BGq6UgKGC4vkX6MnUtixM8AQ=
-20,133,98jDpr8LKaWQLErayQP+cQ5lcE8=,c96BGq6UgKGC4vkX6MnUtixM8AQ=
-24,131,98jDpr8LKaWQLErayQP+cQ5lcE8=,c96BGq6UgKGC4vkX6MnUtixM8AQ=
-19,133,98jDpr8LKaWQLErayQP+cQ5lcE8=,c96BGq6UgKGC4vkX6MnUtixM8AQ=
-29,129,98jDpr8LKaWQLErayQP+cQ5lcE8=,c96BGq6UgKGC4vkX6MnUtixM8AQ=
-23,133,98jDpr8LKaWQLErayQP+cQ5lcE8=,c96BGq6UgKGC4vkX6MnUtixM8AQ=
-24,133,98jDpr8LKaWQLErayQP+cQ5lcE8=,c96BGq6UgKGC4vkX6MnUtixM8AQ=
-25,133,98jDpr8LKaWQLErayQP+cQ5lcE8=,c96BGq6UgKGC4vkX6MnUtixM8AQ=
-28,133,98jDpr8LKaWQLErayQP+cQ5lcE8=,c96BGq6UgKGC4vkX6MnUtixM8AQ=
-27,133,98jDpr8LKaWQLErayQP+cQ5lcE8=,c96BGq6UgKGC4vkX6MnUtixM8AQ=
-23,131,98jDpr8LKaWQLErayQP+cQ5lcE8=,c96BGq6UgKGC4vkX6MnUtixM8AQ=
-29,133,98jDpr8LKaWQLErayQP+cQ5lcE8=,c96BGq6UgKGC4vkX6MnUtixM8AQ=
-30,133,98jDpr8LKaWQLErayQP+cQ5lcE8=,c96BGq6UgKGC4vkX6MnUtixM8AQ=
-31,133,98jDpr8LKaWQLErayQP+cQ5lcE8=,c96BGq6UgKGC4vkX6MnUtixM8AQ=
-32,133,98jDpr8LKaWQLErayQP+cQ5lcE8=,c96BGq6UgKGC4vkX6MnUtixM8AQ=
-22,131,98jDpr8LKaWQLErayQP+cQ5lcE8=,c96BGq6UgKGC4vkX6MnUtixM8AQ=
-20,132,98jDpr8LKaWQLErayQP+cQ5lcE8=,c96BGq6UgKGC4vkX6MnUtixM8AQ=
-18,132,98jDpr8LKaWQLErayQP+cQ5lcE8=,c96BGq6UgKGC4vkX6MnUtixM8AQ=
-19,132,98jDpr8LKaWQLErayQP+cQ5lcE8=,c96BGq6UgKGC4vkX6MnUtixM8AQ=
-21,131,98jDpr8LKaWQLErayQP+cQ5lcE8=,c96BGq6UgKGC4vkX6MnUtixM8AQ=
-21,132,98jDpr8LKaWQLErayQP+cQ5lcE8=,c96BGq6UgKGC4vkX6MnUtixM8AQ=
-30,129,98jDpr8LKaWQLErayQP+cQ5lcE8=,c96BGq6UgKGC4vkX6MnUtixM8AQ=
-20,131,98jDpr8LKaWQLErayQP+cQ5lcE8=,c96BGq6UgKGC4vkX6MnUtixM8AQ=
-23,132,98jDpr8LKaWQLErayQP+cQ5lcE8=,c96BGq6UgKGC4vkX6MnUtixM8AQ=
-24,132,98jDpr8LKaWQLErayQP+cQ5lcE8=,c96BGq6UgKGC4vkX6MnUtixM8AQ=
-25,132,98jDpr8LKaWQLErayQP+cQ5lcE8=,c96BGq6UgKGC4vkX6MnUtixM8AQ=
-26,132,98jDpr8LKaWQLErayQP+cQ5lcE8=,c96BGq6UgKGC4vkX6MnUtixM8AQ=
-28,132,98jDpr8LKaWQLErayQP+cQ5lcE8=,c96BGq6UgKGC4vkX6MnUtixM8AQ=
-31,129,98jDpr8LKaWQLErayQP+cQ5lcE8=,c96BGq6UgKGC4vkX6MnUtixM8AQ=
-29,132,98jDpr8LKaWQLErayQP+cQ5lcE8=,c96BGq6UgKGC4vkX6MnUtixM8AQ=
-30,132,98jDpr8LKaWQLErayQP+cQ5lcE8=,c96BGq6UgKGC4vkX6MnUtixM8AQ=
-19,131,98jDpr8LKaWQLErayQP+cQ5lcE8=,c96BGq6UgKGC4vkX6MnUtixM8AQ=
-31,132,98jDpr8LKaWQLErayQP+cQ5lcE8=,c96BGq6UgKGC4vkX6MnUtixM8AQ=
-32,132,98jDpr8LKaWQLErayQP+cQ5lcE8=,c96BGq6UgKGC4vkX6MnUtixM8AQ=
-17,131,98jDpr8LKaWQLErayQP+cQ5lcE8=,c96BGq6UgKGC4vkX6MnUtixM8AQ=
-31,134,98jDpr8LKaWQLErayQP+cQ5lcE8=,c96BGq6UgKGC4vkX6MnUtixM8AQ=
-23,134,98jDpr8LKaWQLErayQP+cQ5lcE8=,c96BGq6UgKGC4vkX6MnUtixM8AQ=
-24,134,98jDpr8LKaWQLErayQP+cQ5lcE8=,c96BGq6UgKGC4vkX6MnUtixM8AQ=
-27,132,98jDpr8LKaWQLErayQP+cQ5lcE8=,c96BGq6UgKGC4vkX6MnUtixM8AQ=
-17,132,98jDpr8LKaWQLErayQP+cQ5lcE8=,c96BGq6UgKGC4vkX6MnUtixM8AQ=
-18,131,98jDpr8LKaWQLErayQP+cQ5lcE8=,c96BGq6UgKGC4vkX6MnUtixM8AQ=
-22,132,98jDpr8LKaWQLErayQP+cQ5lcE8=,c96BGq6UgKGC4vkX6MnUtixM8AQ=
-26,133,98jDpr8LKaWQLErayQP+cQ5lcE8=,c96BGq6UgKGC4vkX6MnUtixM8AQ=
-27,134,98jDpr8LKaWQLErayQP+cQ5lcE8=,c96BGq6UgKGC4vkX6MnUtixM8AQ=
-26,134,98jDpr8LKaWQLErayQP+cQ5lcE8=,c96BGq6UgKGC4vkX6MnUtixM8AQ=
-24,138,98jDpr8LKaWQLErayQP+cQ5lcE8=,c96BGq6UgKGC4vkX6MnUtixM8AQ=
-1,128,98jDpr8LKaWQLErayQP+cQ5lcE8=,c96BGq6UgKGC4vkX6MnUtixM8AQ=
-2,143,98jDpr8LKaWQLErayQP+cQ5lcE8=,c96BGq6UgKGC4vkX6MnUtixM8AQ=
-1,143,98jDpr8LKaWQLErayQP+cQ5lcE8=,c96BGq6UgKGC4vkX6MnUtixM8AQ=
-3,143,98jDpr8LKaWQLErayQP+cQ5lcE8=,c96BGq6UgKGC4vkX6MnUtixM8AQ=
-5,143,98jDpr8LKaWQLErayQP+cQ5lcE8=,c96BGq6UgKGC4vkX6MnUtixM8AQ=
-7,143,98jDpr8LKaWQLErayQP+cQ5lcE8=,c96BGq6UgKGC4vkX6MnUtixM8AQ=
-4,143,98jDpr8LKaWQLErayQP+cQ5lcE8=,c96BGq6UgKGC4vkX6MnUtixM8AQ=
-6,143,98jDpr8LKaWQLErayQP+cQ5lcE8=,c96BGq6UgKGC4vkX6MnUtixM8AQ=
-8,143,98jDpr8LKaWQLErayQP+cQ5lcE8=,c96BGq6UgKGC4vkX6MnUtixM8AQ=
-10,143,98jDpr8LKaWQLErayQP+cQ5lcE8=,c96BGq6UgKGC4vkX6MnUtixM8AQ=
-9,143,98jDpr8LKaWQLErayQP+cQ5lcE8=,c96BGq6UgKGC4vkX6MnUtixM8AQ=
-12,143,98jDpr8LKaWQLErayQP+cQ5lcE8=,c96BGq6UgKGC4vkX6MnUtixM8AQ=
-13,143,98jDpr8LKaWQLErayQP+cQ5lcE8=,c96BGq6UgKGC4vkX6MnUtixM8AQ=
-11,143,98jDpr8LKaWQLErayQP+cQ5lcE8=,c96BGq6UgKGC4vkX6MnUtixM8AQ=
-14,143,98jDpr8LKaWQLErayQP+cQ5lcE8=,c96BGq6UgKGC4vkX6MnUtixM8AQ=
-16,143,98jDpr8LKaWQLErayQP+cQ5lcE8=,c96BGq6UgKGC4vkX6MnUtixM8AQ=
-15,143,98jDpr8LKaWQLErayQP+cQ5lcE8=,c96BGq6UgKGC4vkX6MnUtixM8AQ=
-1,142,98jDpr8LKaWQLErayQP+cQ5lcE8=,c96BGq6UgKGC4vkX6MnUtixM8AQ=
-3,142,98jDpr8LKaWQLErayQP+cQ5lcE8=,c96BGq6UgKGC4vkX6MnUtixM8AQ=
-4,142,98jDpr8LKaWQLErayQP+cQ5lcE8=,c96BGq6UgKGC4vkX6MnUtixM8AQ=
-2,142,98jDpr8LKaWQLErayQP+cQ5lcE8=,c96BGq6UgKGC4vkX6MnUtixM8AQ=
-5,142,98jDpr8LKaWQLErayQP+cQ5lcE8=,c96BGq6UgKGC4vkX6MnUtixM8AQ=
-6,142,98jDpr8LKaWQLErayQP+cQ5lcE8=,c96BGq6UgKGC4vkX6MnUtixM8AQ=
-7,142,98jDpr8LKaWQLErayQP+cQ5lcE8=,c96BGq6UgKGC4vkX6MnUtixM8AQ=
-8,142,98jDpr8LKaWQLErayQP+cQ5lcE8=,c96BGq6UgKGC4vkX6MnUtixM8AQ=
-12,142,98jDpr8LKaWQLErayQP+cQ5lcE8=,c96BGq6UgKGC4vkX6MnUtixM8AQ=
-11,142,98jDpr8LKaWQLErayQP+cQ5lcE8=,c96BGq6UgKGC4vkX6MnUtixM8AQ=
-9,142,98jDpr8LKaWQLErayQP+cQ5lcE8=,c96BGq6UgKGC4vkX6MnUtixM8AQ=
-10,142,98jDpr8LKaWQLErayQP+cQ5lcE8=,c96BGq6UgKGC4vkX6MnUtixM8AQ=
-13,142,98jDpr8LKaWQLErayQP+cQ5lcE8=,c96BGq6UgKGC4vkX6MnUtixM8AQ=
-16,142,98jDpr8LKaWQLErayQP+cQ5lcE8=,c96BGq6UgKGC4vkX6MnUtixM8AQ=
-15,142,98jDpr8LKaWQLErayQP+cQ5lcE8=,c96BGq6UgKGC4vkX6MnUtixM8AQ=
-14,142,98jDpr8LKaWQLErayQP+cQ5lcE8=,c96BGq6UgKGC4vkX6MnUtixM8AQ=
-1,141,98jDpr8LKaWQLErayQP+cQ5lcE8=,c96BGq6UgKGC4vkX6MnUtixM8AQ=
-2,128,98jDpr8LKaWQLErayQP+cQ5lcE8=,c96BGq6UgKGC4vkX6MnUtixM8AQ=
-3,141,98jDpr8LKaWQLErayQP+cQ5lcE8=,c96BGq6UgKGC4vkX6MnUtixM8AQ=
-2,141,98jDpr8LKaWQLErayQP+cQ5lcE8=,c96BGq6UgKGC4vkX6MnUtixM8AQ=
-4,141,98jDpr8LKaWQLErayQP+cQ5lcE8=,c96BGq6UgKGC4vkX6MnUtixM8AQ=
-5,141,98jDpr8LKaWQLErayQP+cQ5lcE8=,c96BGq6UgKGC4vkX6MnUtixM8AQ=
-6,141,98jDpr8LKaWQLErayQP+cQ5lcE8=,c96BGq6UgKGC4vkX6MnUtixM8AQ=
-8,141,98jDpr8LKaWQLErayQP+cQ5lcE8=,c96BGq6UgKGC4vkX6MnUtixM8AQ=
-7,141,98jDpr8LKaWQLErayQP+cQ5lcE8=,c96BGq6UgKGC4vkX6MnUtixM8AQ=
-9,141,98jDpr8LKaWQLErayQP+cQ5lcE8=,c96BGq6UgKGC4vkX6MnUtixM8AQ=
-10,141,98jDpr8LKaWQLErayQP+cQ5lcE8=,c96BGq6UgKGC4vkX6MnUtixM8AQ=
-12,141,98jDpr8LKaWQLErayQP+cQ5lcE8=,c96BGq6UgKGC4vkX6MnUtixM8AQ=
-13,141,98jDpr8LKaWQLErayQP+cQ5lcE8=,c96BGq6UgKGC4vkX6MnUtixM8AQ=
-11,141,98jDpr8LKaWQLErayQP+cQ5lcE8=,c96BGq6UgKGC4vkX6MnUtixM8AQ=
-16,141,98jDpr8LKaWQLErayQP+cQ5lcE8=,c96BGq6UgKGC4vkX6MnUtixM8AQ=
-14,141,98jDpr8LKaWQLErayQP+cQ5lcE8=,c96BGq6UgKGC4vkX6MnUtixM8AQ=
-1,140,98jDpr8LKaWQLErayQP+cQ5lcE8=,c96BGq6UgKGC4vkX6MnUtixM8AQ=
-2,140,98jDpr8LKaWQLErayQP+cQ5lcE8=,c96BGq6UgKGC4vkX6MnUtixM8AQ=
-4,140,98jDpr8LKaWQLErayQP+cQ5lcE8=,c96BGq6UgKGC4vkX6MnUtixM8AQ=
-15,141,98jDpr8LKaWQLErayQP+cQ5lcE8=,c96BGq6UgKGC4vkX6MnUtixM8AQ=
-3,140,98jDpr8LKaWQLErayQP+cQ5lcE8=,c96BGq6UgKGC4vkX6MnUtixM8AQ=
-5,140,98jDpr8LKaWQLErayQP+cQ5lcE8=,c96BGq6UgKGC4vkX6MnUtixM8AQ=
-6,140,98jDpr8LKaWQLErayQP+cQ5lcE8=,c96BGq6UgKGC4vkX6MnUtixM8AQ=
-8,140,98jDpr8LKaWQLErayQP+cQ5lcE8=,c96BGq6UgKGC4vkX6MnUtixM8AQ=
-7,140,98jDpr8LKaWQLErayQP+cQ5lcE8=,c96BGq6UgKGC4vkX6MnUtixM8AQ=
-9,140,98jDpr8LKaWQLErayQP+cQ5lcE8=,c96BGq6UgKGC4vkX6MnUtixM8AQ=
-12,140,98jDpr8LKaWQLErayQP+cQ5lcE8=,c96BGq6UgKGC4vkX6MnUtixM8AQ=
-11,140,98jDpr8LKaWQLErayQP+cQ5lcE8=,c96BGq6UgKGC4vkX6MnUtixM8AQ=
-13,140,98jDpr8LKaWQLErayQP+cQ5lcE8=,c96BGq6UgKGC4vkX6MnUtixM8AQ=
-15,140,98jDpr8LKaWQLErayQP+cQ5lcE8=,c96BGq6UgKGC4vkX6MnUtixM8AQ=
-14,140,98jDpr8LKaWQLErayQP+cQ5lcE8=,c96BGq6UgKGC4vkX6MnUtixM8AQ=
-16,140,98jDpr8LKaWQLErayQP+cQ5lcE8=,c96BGq6UgKGC4vkX6MnUtixM8AQ=
-4,128,98jDpr8LKaWQLErayQP+cQ5lcE8=,c96BGq6UgKGC4vkX6MnUtixM8AQ=
-1,139,98jDpr8LKaWQLErayQP+cQ5lcE8=,c96BGq6UgKGC4vkX6MnUtixM8AQ=
-10,140,98jDpr8LKaWQLErayQP+cQ5lcE8=,c96BGq6UgKGC4vkX6MnUtixM8AQ=
-2,139,98jDpr8LKaWQLErayQP+cQ5lcE8=,c96BGq6UgKGC4vkX6MnUtixM8AQ=
-5,139,98jDpr8LKaWQLErayQP+cQ5lcE8=,c96BGq6UgKGC4vkX6MnUtixM8AQ=
-6,139,98jDpr8LKaWQLErayQP+cQ5lcE8=,c96BGq6UgKGC4vkX6MnUtixM8AQ=
-3,139,98jDpr8LKaWQLErayQP+cQ5lcE8=,c96BGq6UgKGC4vkX6MnUtixM8AQ=
-8,139,98jDpr8LKaWQLErayQP+cQ5lcE8=,c96BGq6UgKGC4vkX6MnUtixM8AQ=
-4,139,98jDpr8LKaWQLErayQP+cQ5lcE8=,c96BGq6UgKGC4vkX6MnUtixM8AQ=
-7,139,98jDpr8LKaWQLErayQP+cQ5lcE8=,c96BGq6UgKGC4vkX6MnUtixM8AQ=
-10,139,98jDpr8LKaWQLErayQP+cQ5lcE8=,c96BGq6UgKGC4vkX6MnUtixM8AQ=
-9,139,98jDpr8LKaWQLErayQP+cQ5lcE8=,c96BGq6UgKGC4vkX6MnUtixM8AQ=
-11,139,98jDpr8LKaWQLErayQP+cQ5lcE8=,c96BGq6UgKGC4vkX6MnUtixM8AQ=
-12,139,98jDpr8LKaWQLErayQP+cQ5lcE8=,c96BGq6UgKGC4vkX6MnUtixM8AQ=
-13,139,98jDpr8LKaWQLErayQP+cQ5lcE8=,c96BGq6UgKGC4vkX6MnUtixM8AQ=
-15,139,98jDpr8LKaWQLErayQP+cQ5lcE8=,c96BGq6UgKGC4vkX6MnUtixM8AQ=
-14,139,98jDpr8LKaWQLErayQP+cQ5lcE8=,c96BGq6UgKGC4vkX6MnUtixM8AQ=
-16,139,98jDpr8LKaWQLErayQP+cQ5lcE8=,c96BGq6UgKGC4vkX6MnUtixM8AQ=
-2,138,98jDpr8LKaWQLErayQP+cQ5lcE8=,c96BGq6UgKGC4vkX6MnUtixM8AQ=
-1,138,98jDpr8LKaWQLErayQP+cQ5lcE8=,c96BGq6UgKGC4vkX6MnUtixM8AQ=
-3,138,98jDpr8LKaWQLErayQP+cQ5lcE8=,c96BGq6UgKGC4vkX6MnUtixM8AQ=
-5,128,98jDpr8LKaWQLErayQP+cQ5lcE8=,c96BGq6UgKGC4vkX6MnUtixM8AQ=
-6,138,98jDpr8LKaWQLErayQP+cQ5lcE8=,c96BGq6UgKGC4vkX6MnUtixM8AQ=
-4,138,98jDpr8LKaWQLErayQP+cQ5lcE8=,c96BGq6UgKGC4vkX6MnUtixM8AQ=
-9,138,98jDpr8LKaWQLErayQP+cQ5lcE8=,c96BGq6UgKGC4vkX6MnUtixM8AQ=
-5,138,98jDpr8LKaWQLErayQP+cQ5lcE8=,c96BGq6UgKGC4vkX6MnUtixM8AQ=
-8,138,98jDpr8LKaWQLErayQP+cQ5lcE8=,c96BGq6UgKGC4vkX6MnUtixM8AQ=
-10,138,98jDpr8LKaWQLErayQP+cQ5lcE8=,c96BGq6UgKGC4vkX6MnUtixM8AQ=
-11,138,98jDpr8LKaWQLErayQP+cQ5lcE8=,c96BGq6UgKGC4vkX6MnUtixM8AQ=
-12,138,98jDpr8LKaWQLErayQP+cQ5lcE8=,c96BGq6UgKGC4vkX6MnUtixM8AQ=
-13,138,98jDpr8LKaWQLErayQP+cQ5lcE8=,c96BGq6UgKGC4vkX6MnUtixM8AQ=
-15,138,98jDpr8LKaWQLErayQP+cQ5lcE8=,c96BGq6UgKGC4vkX6MnUtixM8AQ=
-16,138,98jDpr8LKaWQLErayQP+cQ5lcE8=,c96BGq6UgKGC4vkX6MnUtixM8AQ=
-14,138,98jDpr8LKaWQLErayQP+cQ5lcE8=,c96BGq6UgKGC4vkX6MnUtixM8AQ=
-6,128,98jDpr8LKaWQLErayQP+cQ5lcE8=,c96BGq6UgKGC4vkX6MnUtixM8AQ=
-3,137,98jDpr8LKaWQLErayQP+cQ5lcE8=,c96BGq6UgKGC4vkX6MnUtixM8AQ=
-1,137,98jDpr8LKaWQLErayQP+cQ5lcE8=,c96BGq6UgKGC4vkX6MnUtixM8AQ=
-5,137,98jDpr8LKaWQLErayQP+cQ5lcE8=,c96BGq6UgKGC4vkX6MnUtixM8AQ=
-4,137,98jDpr8LKaWQLErayQP+cQ5lcE8=,c96BGq6UgKGC4vkX6MnUtixM8AQ=
-2,137,98jDpr8LKaWQLErayQP+cQ5lcE8=,c96BGq6UgKGC4vkX6MnUtixM8AQ=
-6,137,98jDpr8LKaWQLErayQP+cQ5lcE8=,c96BGq6UgKGC4vkX6MnUtixM8AQ=
-7,137,98jDpr8LKaWQLErayQP+cQ5lcE8=,c96BGq6UgKGC4vkX6MnUtixM8AQ=
-8,137,98jDpr8LKaWQLErayQP+cQ5lcE8=,c96BGq6UgKGC4vkX6MnUtixM8AQ=
-10,137,98jDpr8LKaWQLErayQP+cQ5lcE8=,c96BGq6UgKGC4vkX6MnUtixM8AQ=
-11,137,98jDpr8LKaWQLErayQP+cQ5lcE8=,c96BGq6UgKGC4vkX6MnUtixM8AQ=
-12,137,98jDpr8LKaWQLErayQP+cQ5lcE8=,c96BGq6UgKGC4vkX6MnUtixM8AQ=
-9,137,98jDpr8LKaWQLErayQP+cQ5lcE8=,c96BGq6UgKGC4vkX6MnUtixM8AQ=
-13,137,98jDpr8LKaWQLErayQP+cQ5lcE8=,c96BGq6UgKGC4vkX6MnUtixM8AQ=
-14,137,98jDpr8LKaWQLErayQP+cQ5lcE8=,c96BGq6UgKGC4vkX6MnUtixM8AQ=
-15,137,98jDpr8LKaWQLErayQP+cQ5lcE8=,c96BGq6UgKGC4vkX6MnUtixM8AQ=
-1,136,98jDpr8LKaWQLErayQP+cQ5lcE8=,c96BGq6UgKGC4vkX6MnUtixM8AQ=
-16,137,98jDpr8LKaWQLErayQP+cQ5lcE8=,c96BGq6UgKGC4vkX6MnUtixM8AQ=
-7,128,98jDpr8LKaWQLErayQP+cQ5lcE8=,c96BGq6UgKGC4vkX6MnUtixM8AQ=
-2,136,98jDpr8LKaWQLErayQP+cQ5lcE8=,c96BGq6UgKGC4vkX6MnUtixM8AQ=
-4,136,98jDpr8LKaWQLErayQP+cQ5lcE8=,c96BGq6UgKGC4vkX6MnUtixM8AQ=
-5,136,98jDpr8LKaWQLErayQP+cQ5lcE8=,c96BGq6UgKGC4vkX6MnUtixM8AQ=
-3,136,98jDpr8LKaWQLErayQP+cQ5lcE8=,c96BGq6UgKGC4vkX6MnUtixM8AQ=
-7,136,98jDpr8LKaWQLErayQP+cQ5lcE8=,c96BGq6UgKGC4vkX6MnUtixM8AQ=
-6,136,98jDpr8LKaWQLErayQP+cQ5lcE8=,c96BGq6UgKGC4vkX6MnUtixM8AQ=
-10,136,98jDpr8LKaWQLErayQP+cQ5lcE8=,c96BGq6UgKGC4vkX6MnUtixM8AQ=
-8,136,98jDpr8LKaWQLErayQP+cQ5lcE8=,c96BGq6UgKGC4vkX6MnUtixM8AQ=
-9,136,98jDpr8LKaWQLErayQP+cQ5lcE8=,c96BGq6UgKGC4vkX6MnUtixM8AQ=
-11,136,98jDpr8LKaWQLErayQP+cQ5lcE8=,c96BGq6UgKGC4vkX6MnUtixM8AQ=
-8,128,98jDpr8LKaWQLErayQP+cQ5lcE8=,c96BGq6UgKGC4vkX6MnUtixM8AQ=
-12,136,98jDpr8LKaWQLErayQP+cQ5lcE8=,c96BGq6UgKGC4vkX6MnUtixM8AQ=
-13,136,98jDpr8LKaWQLErayQP+cQ5lcE8=,c96BGq6UgKGC4vkX6MnUtixM8AQ=
-16,136,98jDpr8LKaWQLErayQP+cQ5lcE8=,c96BGq6UgKGC4vkX6MnUtixM8AQ=
-14,136,98jDpr8LKaWQLErayQP+cQ5lcE8=,c96BGq6UgKGC4vkX6MnUtixM8AQ=
-15,136,98jDpr8LKaWQLErayQP+cQ5lcE8=,c96BGq6UgKGC4vkX6MnUtixM8AQ=
-1,135,98jDpr8LKaWQLErayQP+cQ5lcE8=,c96BGq6UgKGC4vkX6MnUtixM8AQ=
-2,135,98jDpr8LKaWQLErayQP+cQ5lcE8=,c96BGq6UgKGC4vkX6MnUtixM8AQ=
-4,135,98jDpr8LKaWQLErayQP+cQ5lcE8=,c96BGq6UgKGC4vkX6MnUtixM8AQ=
-3,135,98jDpr8LKaWQLErayQP+cQ5lcE8=,c96BGq6UgKGC4vkX6MnUtixM8AQ=
-5,135,98jDpr8LKaWQLErayQP+cQ5lcE8=,c96BGq6UgKGC4vkX6MnUtixM8AQ=
-6,135,98jDpr8LKaWQLErayQP+cQ5lcE8=,c96BGq6UgKGC4vkX6MnUtixM8AQ=
-7,135,98jDpr8LKaWQLErayQP+cQ5lcE8=,c96BGq6UgKGC4vkX6MnUtixM8AQ=
-8,135,98jDpr8LKaWQLErayQP+cQ5lcE8=,c96BGq6UgKGC4vkX6MnUtixM8AQ=
-9,135,98jDpr8LKaWQLErayQP+cQ5lcE8=,c96BGq6UgKGC4vkX6MnUtixM8AQ=
-10,135,98jDpr8LKaWQLErayQP+cQ5lcE8=,c96BGq6UgKGC4vkX6MnUtixM8AQ=
-11,135,98jDpr8LKaWQLErayQP+cQ5lcE8=,c96BGq6UgKGC4vkX6MnUtixM8AQ=
-12,135,98jDpr8LKaWQLErayQP+cQ5lcE8=,c96BGq6UgKGC4vkX6MnUtixM8AQ=
-14,135,98jDpr8LKaWQLErayQP+cQ5lcE8=,c96BGq6UgKGC4vkX6MnUtixM8AQ=
-13,135,98jDpr8LKaWQLErayQP+cQ5lcE8=,c96BGq6UgKGC4vkX6MnUtixM8AQ=
-15,135,98jDpr8LKaWQLErayQP+cQ5lcE8=,c96BGq6UgKGC4vkX6MnUtixM8AQ=
-9,128,98jDpr8LKaWQLErayQP+cQ5lcE8=,c96BGq6UgKGC4vkX6MnUtixM8AQ=
-1,134,98jDpr8LKaWQLErayQP+cQ5lcE8=,c96BGq6UgKGC4vkX6MnUtixM8AQ=
-16,135,98jDpr8LKaWQLErayQP+cQ5lcE8=,c96BGq6UgKGC4vkX6MnUtixM8AQ=
-4,134,98jDpr8LKaWQLErayQP+cQ5lcE8=,c96BGq6UgKGC4vkX6MnUtixM8AQ=
-2,134,98jDpr8LKaWQLErayQP+cQ5lcE8=,c96BGq6UgKGC4vkX6MnUtixM8AQ=
-3,134,98jDpr8LKaWQLErayQP+cQ5lcE8=,c96BGq6UgKGC4vkX6MnUtixM8AQ=
-5,134,98jDpr8LKaWQLErayQP+cQ5lcE8=,c96BGq6UgKGC4vkX6MnUtixM8AQ=
-8,134,98jDpr8LKaWQLErayQP+cQ5lcE8=,c96BGq6UgKGC4vkX6MnUtixM8AQ=
-7,134,98jDpr8LKaWQLErayQP+cQ5lcE8=,c96BGq6UgKGC4vkX6MnUtixM8AQ=
-6,134,98jDpr8LKaWQLErayQP+cQ5lcE8=,c96BGq6UgKGC4vkX6MnUtixM8AQ=
-10,134,98jDpr8LKaWQLErayQP+cQ5lcE8=,c96BGq6UgKGC4vkX6MnUtixM8AQ=
-9,134,98jDpr8LKaWQLErayQP+cQ5lcE8=,c96BGq6UgKGC4vkX6MnUtixM8AQ=
-11,134,98jDpr8LKaWQLErayQP+cQ5lcE8=,c96BGq6UgKGC4vkX6MnUtixM8AQ=
-12,134,98jDpr8LKaWQLErayQP+cQ5lcE8=,c96BGq6UgKGC4vkX6MnUtixM8AQ=
-14,134,98jDpr8LKaWQLErayQP+cQ5lcE8=,c96BGq6UgKGC4vkX6MnUtixM8AQ=
-13,134,98jDpr8LKaWQLErayQP+cQ5lcE8=,c96BGq6UgKGC4vkX6MnUtixM8AQ=
-15,134,98jDpr8LKaWQLErayQP+cQ5lcE8=,c96BGq6UgKGC4vkX6MnUtixM8AQ=
-10,128,98jDpr8LKaWQLErayQP+cQ5lcE8=,c96BGq6UgKGC4vkX6MnUtixM8AQ=
-3,133,98jDpr8LKaWQLErayQP+cQ5lcE8=,c96BGq6UgKGC4vkX6MnUtixM8AQ=
-1,133,98jDpr8LKaWQLErayQP+cQ5lcE8=,c96BGq6UgKGC4vkX6MnUtixM8AQ=
-4,133,98jDpr8LKaWQLErayQP+cQ5lcE8=,c96BGq6UgKGC4vkX6MnUtixM8AQ=
-12,133,98jDpr8LKaWQLErayQP+cQ5lcE8=,c96BGq6UgKGC4vkX6MnUtixM8AQ=
-6,133,98jDpr8LKaWQLErayQP+cQ5lcE8=,c96BGq6UgKGC4vkX6MnUtixM8AQ=
-8,133,98jDpr8LKaWQLErayQP+cQ5lcE8=,c96BGq6UgKGC4vkX6MnUtixM8AQ=
-9,133,98jDpr8LKaWQLErayQP+cQ5lcE8=,c96BGq6UgKGC4vkX6MnUtixM8AQ=
-16,129,98jDpr8LKaWQLErayQP+cQ5lcE8=,c96BGq6UgKGC4vkX6MnUtixM8AQ=
-10,133,98jDpr8LKaWQLErayQP+cQ5lcE8=,c96BGq6UgKGC4vkX6MnUtixM8AQ=
-11,133,98jDpr8LKaWQLErayQP+cQ5lcE8=,c96BGq6UgKGC4vkX6MnUtixM8AQ=
-13,133,98jDpr8LKaWQLErayQP+cQ5lcE8=,c96BGq6UgKGC4vkX6MnUtixM8AQ=
-14,133,98jDpr8LKaWQLErayQP+cQ5lcE8=,c96BGq6UgKGC4vkX6MnUtixM8AQ=
-11,128,98jDpr8LKaWQLErayQP+cQ5lcE8=,c96BGq6UgKGC4vkX6MnUtixM8AQ=
-15,133,98jDpr8LKaWQLErayQP+cQ5lcE8=,c96BGq6UgKGC4vkX6MnUtixM8AQ=
-2,132,98jDpr8LKaWQLErayQP+cQ5lcE8=,c96BGq6UgKGC4vkX6MnUtixM8AQ=
-1,132,98jDpr8LKaWQLErayQP+cQ5lcE8=,c96BGq6UgKGC4vkX6MnUtixM8AQ=
-16,133,98jDpr8LKaWQLErayQP+cQ5lcE8=,c96BGq6UgKGC4vkX6MnUtixM8AQ=
-16,128,98jDpr8LKaWQLErayQP+cQ5lcE8=,c96BGq6UgKGC4vkX6MnUtixM8AQ=
-3,132,98jDpr8LKaWQLErayQP+cQ5lcE8=,c96BGq6UgKGC4vkX6MnUtixM8AQ=
-7,132,98jDpr8LKaWQLErayQP+cQ5lcE8=,c96BGq6UgKGC4vkX6MnUtixM8AQ=
-4,132,98jDpr8LKaWQLErayQP+cQ5lcE8=,c96BGq6UgKGC4vkX6MnUtixM8AQ=
-5,132,98jDpr8LKaWQLErayQP+cQ5lcE8=,c96BGq6UgKGC4vkX6MnUtixM8AQ=
-8,132,98jDpr8LKaWQLErayQP+cQ5lcE8=,c96BGq6UgKGC4vkX6MnUtixM8AQ=
-6,132,98jDpr8LKaWQLErayQP+cQ5lcE8=,c96BGq6UgKGC4vkX6MnUtixM8AQ=
-15,129,98jDpr8LKaWQLErayQP+cQ5lcE8=,c96BGq6UgKGC4vkX6MnUtixM8AQ=
-10,132,98jDpr8LKaWQLErayQP+cQ5lcE8=,c96BGq6UgKGC4vkX6MnUtixM8AQ=
-13,132,98jDpr8LKaWQLErayQP+cQ5lcE8=,c96BGq6UgKGC4vkX6MnUtixM8AQ=
-12,132,98jDpr8LKaWQLErayQP+cQ5lcE8=,c96BGq6UgKGC4vkX6MnUtixM8AQ=
-9,132,98jDpr8LKaWQLErayQP+cQ5lcE8=,c96BGq6UgKGC4vkX6MnUtixM8AQ=
-11,132,98jDpr8LKaWQLErayQP+cQ5lcE8=,c96BGq6UgKGC4vkX6MnUtixM8AQ=
-14,132,98jDpr8LKaWQLErayQP+cQ5lcE8=,c96BGq6UgKGC4vkX6MnUtixM8AQ=
-14,129,98jDpr8LKaWQLErayQP+cQ5lcE8=,c96BGq6UgKGC4vkX6MnUtixM8AQ=
-1,131,98jDpr8LKaWQLErayQP+cQ5lcE8=,c96BGq6UgKGC4vkX6MnUtixM8AQ=
-12,128,98jDpr8LKaWQLErayQP+cQ5lcE8=,c96BGq6UgKGC4vkX6MnUtixM8AQ=
-15,132,98jDpr8LKaWQLErayQP+cQ5lcE8=,c96BGq6UgKGC4vkX6MnUtixM8AQ=
-16,132,98jDpr8LKaWQLErayQP+cQ5lcE8=,c96BGq6UgKGC4vkX6MnUtixM8AQ=
-3,131,98jDpr8LKaWQLErayQP+cQ5lcE8=,c96BGq6UgKGC4vkX6MnUtixM8AQ=
-2,131,98jDpr8LKaWQLErayQP+cQ5lcE8=,c96BGq6UgKGC4vkX6MnUtixM8AQ=
-13,129,98jDpr8LKaWQLErayQP+cQ5lcE8=,c96BGq6UgKGC4vkX6MnUtixM8AQ=
-6,131,98jDpr8LKaWQLErayQP+cQ5lcE8=,c96BGq6UgKGC4vkX6MnUtixM8AQ=
-4,131,98jDpr8LKaWQLErayQP+cQ5lcE8=,c96BGq6UgKGC4vkX6MnUtixM8AQ=
-5,131,98jDpr8LKaWQLErayQP+cQ5lcE8=,c96BGq6UgKGC4vkX6MnUtixM8AQ=
-7,131,98jDpr8LKaWQLErayQP+cQ5lcE8=,c96BGq6UgKGC4vkX6MnUtixM8AQ=
-9,131,98jDpr8LKaWQLErayQP+cQ5lcE8=,c96BGq6UgKGC4vkX6MnUtixM8AQ=
-12,129,98jDpr8LKaWQLErayQP+cQ5lcE8=,c96BGq6UgKGC4vkX6MnUtixM8AQ=
-8,131,98jDpr8LKaWQLErayQP+cQ5lcE8=,c96BGq6UgKGC4vkX6MnUtixM8AQ=
-11,131,98jDpr8LKaWQLErayQP+cQ5lcE8=,c96BGq6UgKGC4vkX6MnUtixM8AQ=
-11,129,98jDpr8LKaWQLErayQP+cQ5lcE8=,c96BGq6UgKGC4vkX6MnUtixM8AQ=
-12,131,98jDpr8LKaWQLErayQP+cQ5lcE8=,c96BGq6UgKGC4vkX6MnUtixM8AQ=
-13,131,98jDpr8LKaWQLErayQP+cQ5lcE8=,c96BGq6UgKGC4vkX6MnUtixM8AQ=
-10,131,98jDpr8LKaWQLErayQP+cQ5lcE8=,c96BGq6UgKGC4vkX6MnUtixM8AQ=
-14,131,98jDpr8LKaWQLErayQP+cQ5lcE8=,c96BGq6UgKGC4vkX6MnUtixM8AQ=
-10,129,98jDpr8LKaWQLErayQP+cQ5lcE8=,c96BGq6UgKGC4vkX6MnUtixM8AQ=
-15,131,98jDpr8LKaWQLErayQP+cQ5lcE8=,c96BGq6UgKGC4vkX6MnUtixM8AQ=
-16,131,98jDpr8LKaWQLErayQP+cQ5lcE8=,c96BGq6UgKGC4vkX6MnUtixM8AQ=
-1,130,98jDpr8LKaWQLErayQP+cQ5lcE8=,c96BGq6UgKGC4vkX6MnUtixM8AQ=
-13,128,98jDpr8LKaWQLErayQP+cQ5lcE8=,c96BGq6UgKGC4vkX6MnUtixM8AQ=
-2,130,98jDpr8LKaWQLErayQP+cQ5lcE8=,c96BGq6UgKGC4vkX6MnUtixM8AQ=
-3,130,98jDpr8LKaWQLErayQP+cQ5lcE8=,c96BGq6UgKGC4vkX6MnUtixM8AQ=
-9,129,98jDpr8LKaWQLErayQP+cQ5lcE8=,c96BGq6UgKGC4vkX6MnUtixM8AQ=
-4,130,98jDpr8LKaWQLErayQP+cQ5lcE8=,c96BGq6UgKGC4vkX6MnUtixM8AQ=
-8,130,98jDpr8LKaWQLErayQP+cQ5lcE8=,c96BGq6UgKGC4vkX6MnUtixM8AQ=
-6,130,98jDpr8LKaWQLErayQP+cQ5lcE8=,c96BGq6UgKGC4vkX6MnUtixM8AQ=
-7,130,98jDpr8LKaWQLErayQP+cQ5lcE8=,c96BGq6UgKGC4vkX6MnUtixM8AQ=
-5,130,98jDpr8LKaWQLErayQP+cQ5lcE8=,c96BGq6UgKGC4vkX6MnUtixM8AQ=
-11,130,98jDpr8LKaWQLErayQP+cQ5lcE8=,c96BGq6UgKGC4vkX6MnUtixM8AQ=
-8,129,98jDpr8LKaWQLErayQP+cQ5lcE8=,c96BGq6UgKGC4vkX6MnUtixM8AQ=
-12,130,98jDpr8LKaWQLErayQP+cQ5lcE8=,c96BGq6UgKGC4vkX6MnUtixM8AQ=
-10,130,98jDpr8LKaWQLErayQP+cQ5lcE8=,c96BGq6UgKGC4vkX6MnUtixM8AQ=
-9,130,98jDpr8LKaWQLErayQP+cQ5lcE8=,c96BGq6UgKGC4vkX6MnUtixM8AQ=
-13,130,98jDpr8LKaWQLErayQP+cQ5lcE8=,c96BGq6UgKGC4vkX6MnUtixM8AQ=
-14,130,98jDpr8LKaWQLErayQP+cQ5lcE8=,c96BGq6UgKGC4vkX6MnUtixM8AQ=
-7,129,98jDpr8LKaWQLErayQP+cQ5lcE8=,c96BGq6UgKGC4vkX6MnUtixM8AQ=
-15,130,98jDpr8LKaWQLErayQP+cQ5lcE8=,c96BGq6UgKGC4vkX6MnUtixM8AQ=
-16,130,98jDpr8LKaWQLErayQP+cQ5lcE8=,c96BGq6UgKGC4vkX6MnUtixM8AQ=
-1,129,98jDpr8LKaWQLErayQP+cQ5lcE8=,c96BGq6UgKGC4vkX6MnUtixM8AQ=
-14,128,98jDpr8LKaWQLErayQP+cQ5lcE8=,c96BGq6UgKGC4vkX6MnUtixM8AQ=
-2,129,98jDpr8LKaWQLErayQP+cQ5lcE8=,c96BGq6UgKGC4vkX6MnUtixM8AQ=
-6,129,98jDpr8LKaWQLErayQP+cQ5lcE8=,c96BGq6UgKGC4vkX6MnUtixM8AQ=
-2,133,98jDpr8LKaWQLErayQP+cQ5lcE8=,c96BGq6UgKGC4vkX6MnUtixM8AQ=
-15,128,98jDpr8LKaWQLErayQP+cQ5lcE8=,c96BGq6UgKGC4vkX6MnUtixM8AQ=
-3,129,98jDpr8LKaWQLErayQP+cQ5lcE8=,c96BGq6UgKGC4vkX6MnUtixM8AQ=
-4,129,98jDpr8LKaWQLErayQP+cQ5lcE8=,c96BGq6UgKGC4vkX6MnUtixM8AQ=
-5,129,98jDpr8LKaWQLErayQP+cQ5lcE8=,c96BGq6UgKGC4vkX6MnUtixM8AQ=
-5,133,98jDpr8LKaWQLErayQP+cQ5lcE8=,c96BGq6UgKGC4vkX6MnUtixM8AQ=
-16,134,98jDpr8LKaWQLErayQP+cQ5lcE8=,c96BGq6UgKGC4vkX6MnUtixM8AQ=
-7,133,98jDpr8LKaWQLErayQP+cQ5lcE8=,c96BGq6UgKGC4vkX6MnUtixM8AQ=
-7,138,98jDpr8LKaWQLErayQP+cQ5lcE8=,c96BGq6UgKGC4vkX6MnUtixM8AQ=
-3,128,98jDpr8LKaWQLErayQP+cQ5lcE8=,c96BGq6UgKGC4vkX6MnUtixM8AQ=
-20,159,ilyNH7x+yQlV4hNTTBA2pfrL+JM=,c96BGq6UgKGC4vkX6MnUtixM8AQ=
-21,159,ilyNH7x+yQlV4hNTTBA2pfrL+JM=,c96BGq6UgKGC4vkX6MnUtixM8AQ=
-22,159,ilyNH7x+yQlV4hNTTBA2pfrL+JM=,c96BGq6UgKGC4vkX6MnUtixM8AQ=
-23,159,ilyNH7x+yQlV4hNTTBA2pfrL+JM=,c96BGq6UgKGC4vkX6MnUtixM8AQ=
-24,159,ilyNH7x+yQlV4hNTTBA2pfrL+JM=,c96BGq6UgKGC4vkX6MnUtixM8AQ=
-25,159,ilyNH7x+yQlV4hNTTBA2pfrL+JM=,c96BGq6UgKGC4vkX6MnUtixM8AQ=
-26,159,ilyNH7x+yQlV4hNTTBA2pfrL+JM=,c96BGq6UgKGC4vkX6MnUtixM8AQ=
-27,159,ilyNH7x+yQlV4hNTTBA2pfrL+JM=,c96BGq6UgKGC4vkX6MnUtixM8AQ=
-28,159,ilyNH7x+yQlV4hNTTBA2pfrL+JM=,c96BGq6UgKGC4vkX6MnUtixM8AQ=
-29,159,ilyNH7x+yQlV4hNTTBA2pfrL+JM=,c96BGq6UgKGC4vkX6MnUtixM8AQ=
-31,159,ilyNH7x+yQlV4hNTTBA2pfrL+JM=,c96BGq6UgKGC4vkX6MnUtixM8AQ=
-30,159,ilyNH7x+yQlV4hNTTBA2pfrL+JM=,c96BGq6UgKGC4vkX6MnUtixM8AQ=
-32,159,ilyNH7x+yQlV4hNTTBA2pfrL+JM=,c96BGq6UgKGC4vkX6MnUtixM8AQ=
-17,144,ilyNH7x+yQlV4hNTTBA2pfrL+JM=,c96BGq6UgKGC4vkX6MnUtixM8AQ=
-19,159,ilyNH7x+yQlV4hNTTBA2pfrL+JM=,c96BGq6UgKGC4vkX6MnUtixM8AQ=
-18,144,ilyNH7x+yQlV4hNTTBA2pfrL+JM=,c96BGq6UgKGC4vkX6MnUtixM8AQ=
-32,144,ilyNH7x+yQlV4hNTTBA2pfrL+JM=,c96BGq6UgKGC4vkX6MnUtixM8AQ=
-20,158,ilyNH7x+yQlV4hNTTBA2pfrL+JM=,c96BGq6UgKGC4vkX6MnUtixM8AQ=
-22,158,ilyNH7x+yQlV4hNTTBA2pfrL+JM=,c96BGq6UgKGC4vkX6MnUtixM8AQ=
-21,158,ilyNH7x+yQlV4hNTTBA2pfrL+JM=,c96BGq6UgKGC4vkX6MnUtixM8AQ=
-24,158,ilyNH7x+yQlV4hNTTBA2pfrL+JM=,c96BGq6UgKGC4vkX6MnUtixM8AQ=
-23,158,ilyNH7x+yQlV4hNTTBA2pfrL+JM=,c96BGq6UgKGC4vkX6MnUtixM8AQ=
-25,158,ilyNH7x+yQlV4hNTTBA2pfrL+JM=,c96BGq6UgKGC4vkX6MnUtixM8AQ=
-26,158,ilyNH7x+yQlV4hNTTBA2pfrL+JM=,c96BGq6UgKGC4vkX6MnUtixM8AQ=
-27,158,ilyNH7x+yQlV4hNTTBA2pfrL+JM=,c96BGq6UgKGC4vkX6MnUtixM8AQ=
-29,158,ilyNH7x+yQlV4hNTTBA2pfrL+JM=,c96BGq6UgKGC4vkX6MnUtixM8AQ=
-28,158,ilyNH7x+yQlV4hNTTBA2pfrL+JM=,c96BGq6UgKGC4vkX6MnUtixM8AQ=
-30,158,ilyNH7x+yQlV4hNTTBA2pfrL+JM=,c96BGq6UgKGC4vkX6MnUtixM8AQ=
-32,145,ilyNH7x+yQlV4hNTTBA2pfrL+JM=,c96BGq6UgKGC4vkX6MnUtixM8AQ=
-31,158,ilyNH7x+yQlV4hNTTBA2pfrL+JM=,c96BGq6UgKGC4vkX6MnUtixM8AQ=
-17,159,ilyNH7x+yQlV4hNTTBA2pfrL+JM=,c96BGq6UgKGC4vkX6MnUtixM8AQ=
-32,158,ilyNH7x+yQlV4hNTTBA2pfrL+JM=,c96BGq6UgKGC4vkX6MnUtixM8AQ=
-18,158,ilyNH7x+yQlV4hNTTBA2pfrL+JM=,c96BGq6UgKGC4vkX6MnUtixM8AQ=
-18,159,ilyNH7x+yQlV4hNTTBA2pfrL+JM=,c96BGq6UgKGC4vkX6MnUtixM8AQ=
-19,158,ilyNH7x+yQlV4hNTTBA2pfrL+JM=,c96BGq6UgKGC4vkX6MnUtixM8AQ=
-20,157,ilyNH7x+yQlV4hNTTBA2pfrL+JM=,c96BGq6UgKGC4vkX6MnUtixM8AQ=
-22,157,ilyNH7x+yQlV4hNTTBA2pfrL+JM=,c96BGq6UgKGC4vkX6MnUtixM8AQ=
-21,157,ilyNH7x+yQlV4hNTTBA2pfrL+JM=,c96BGq6UgKGC4vkX6MnUtixM8AQ=
-23,157,ilyNH7x+yQlV4hNTTBA2pfrL+JM=,c96BGq6UgKGC4vkX6MnUtixM8AQ=
-24,157,ilyNH7x+yQlV4hNTTBA2pfrL+JM=,c96BGq6UgKGC4vkX6MnUtixM8AQ=
-17,158,ilyNH7x+yQlV4hNTTBA2pfrL+JM=,c96BGq6UgKGC4vkX6MnUtixM8AQ=
-25,157,ilyNH7x+yQlV4hNTTBA2pfrL+JM=,c96BGq6UgKGC4vkX6MnUtixM8AQ=
-26,157,ilyNH7x+yQlV4hNTTBA2pfrL+JM=,c96BGq6UgKGC4vkX6MnUtixM8AQ=
-28,157,ilyNH7x+yQlV4hNTTBA2pfrL+JM=,c96BGq6UgKGC4vkX6MnUtixM8AQ=
-27,157,ilyNH7x+yQlV4hNTTBA2pfrL+JM=,c96BGq6UgKGC4vkX6MnUtixM8AQ=
-29,157,ilyNH7x+yQlV4hNTTBA2pfrL+JM=,c96BGq6UgKGC4vkX6MnUtixM8AQ=
-31,157,ilyNH7x+yQlV4hNTTBA2pfrL+JM=,c96BGq6UgKGC4vkX6MnUtixM8AQ=
-30,157,ilyNH7x+yQlV4hNTTBA2pfrL+JM=,c96BGq6UgKGC4vkX6MnUtixM8AQ=
-32,157,ilyNH7x+yQlV4hNTTBA2pfrL+JM=,c96BGq6UgKGC4vkX6MnUtixM8AQ=
-19,157,ilyNH7x+yQlV4hNTTBA2pfrL+JM=,c96BGq6UgKGC4vkX6MnUtixM8AQ=
-19,144,ilyNH7x+yQlV4hNTTBA2pfrL+JM=,c96BGq6UgKGC4vkX6MnUtixM8AQ=
-18,157,ilyNH7x+yQlV4hNTTBA2pfrL+JM=,c96BGq6UgKGC4vkX6MnUtixM8AQ=
-31,145,ilyNH7x+yQlV4hNTTBA2pfrL+JM=,c96BGq6UgKGC4vkX6MnUtixM8AQ=
-21,156,ilyNH7x+yQlV4hNTTBA2pfrL+JM=,c96BGq6UgKGC4vkX6MnUtixM8AQ=
-20,156,ilyNH7x+yQlV4hNTTBA2pfrL+JM=,c96BGq6UgKGC4vkX6MnUtixM8AQ=
-22,156,ilyNH7x+yQlV4hNTTBA2pfrL+JM=,c96BGq6UgKGC4vkX6MnUtixM8AQ=
-23,156,ilyNH7x+yQlV4hNTTBA2pfrL+JM=,c96BGq6UgKGC4vkX6MnUtixM8AQ=
-24,156,ilyNH7x+yQlV4hNTTBA2pfrL+JM=,c96BGq6UgKGC4vkX6MnUtixM8AQ=
-17,157,ilyNH7x+yQlV4hNTTBA2pfrL+JM=,c96BGq6UgKGC4vkX6MnUtixM8AQ=
-25,156,ilyNH7x+yQlV4hNTTBA2pfrL+JM=,c96BGq6UgKGC4vkX6MnUtixM8AQ=
-26,156,ilyNH7x+yQlV4hNTTBA2pfrL+JM=,c96BGq6UgKGC4vkX6MnUtixM8AQ=
-27,156,ilyNH7x+yQlV4hNTTBA2pfrL+JM=,c96BGq6UgKGC4vkX6MnUtixM8AQ=
-28,156,ilyNH7x+yQlV4hNTTBA2pfrL+JM=,c96BGq6UgKGC4vkX6MnUtixM8AQ=
-29,156,ilyNH7x+yQlV4hNTTBA2pfrL+JM=,c96BGq6UgKGC4vkX6MnUtixM8AQ=
-30,156,ilyNH7x+yQlV4hNTTBA2pfrL+JM=,c96BGq6UgKGC4vkX6MnUtixM8AQ=
-31,156,ilyNH7x+yQlV4hNTTBA2pfrL+JM=,c96BGq6UgKGC4vkX6MnUtixM8AQ=
-32,156,ilyNH7x+yQlV4hNTTBA2pfrL+JM=,c96BGq6UgKGC4vkX6MnUtixM8AQ=
-19,156,ilyNH7x+yQlV4hNTTBA2pfrL+JM=,c96BGq6UgKGC4vkX6MnUtixM8AQ=
-21,144,ilyNH7x+yQlV4hNTTBA2pfrL+JM=,c96BGq6UgKGC4vkX6MnUtixM8AQ=
-20,144,ilyNH7x+yQlV4hNTTBA2pfrL+JM=,c96BGq6UgKGC4vkX6MnUtixM8AQ=
-17,156,ilyNH7x+yQlV4hNTTBA2pfrL+JM=,c96BGq6UgKGC4vkX6MnUtixM8AQ=
-20,155,ilyNH7x+yQlV4hNTTBA2pfrL+JM=,c96BGq6UgKGC4vkX6MnUtixM8AQ=
-21,155,ilyNH7x+yQlV4hNTTBA2pfrL+JM=,c96BGq6UgKGC4vkX6MnUtixM8AQ=
-22,155,ilyNH7x+yQlV4hNTTBA2pfrL+JM=,c96BGq6UgKGC4vkX6MnUtixM8AQ=
-23,155,ilyNH7x+yQlV4hNTTBA2pfrL+JM=,c96BGq6UgKGC4vkX6MnUtixM8AQ=
-24,155,ilyNH7x+yQlV4hNTTBA2pfrL+JM=,c96BGq6UgKGC4vkX6MnUtixM8AQ=
-25,155,ilyNH7x+yQlV4hNTTBA2pfrL+JM=,c96BGq6UgKGC4vkX6MnUtixM8AQ=
-26,155,ilyNH7x+yQlV4hNTTBA2pfrL+JM=,c96BGq6UgKGC4vkX6MnUtixM8AQ=
-27,155,ilyNH7x+yQlV4hNTTBA2pfrL+JM=,c96BGq6UgKGC4vkX6MnUtixM8AQ=
-28,155,ilyNH7x+yQlV4hNTTBA2pfrL+JM=,c96BGq6UgKGC4vkX6MnUtixM8AQ=
-29,155,ilyNH7x+yQlV4hNTTBA2pfrL+JM=,c96BGq6UgKGC4vkX6MnUtixM8AQ=
-30,155,ilyNH7x+yQlV4hNTTBA2pfrL+JM=,c96BGq6UgKGC4vkX6MnUtixM8AQ=
-31,155,ilyNH7x+yQlV4hNTTBA2pfrL+JM=,c96BGq6UgKGC4vkX6MnUtixM8AQ=
-32,155,ilyNH7x+yQlV4hNTTBA2pfrL+JM=,c96BGq6UgKGC4vkX6MnUtixM8AQ=
-18,156,ilyNH7x+yQlV4hNTTBA2pfrL+JM=,c96BGq6UgKGC4vkX6MnUtixM8AQ=
-22,144,ilyNH7x+yQlV4hNTTBA2pfrL+JM=,c96BGq6UgKGC4vkX6MnUtixM8AQ=
-21,154,ilyNH7x+yQlV4hNTTBA2pfrL+JM=,c96BGq6UgKGC4vkX6MnUtixM8AQ=
-19,155,ilyNH7x+yQlV4hNTTBA2pfrL+JM=,c96BGq6UgKGC4vkX6MnUtixM8AQ=
-22,154,ilyNH7x+yQlV4hNTTBA2pfrL+JM=,c96BGq6UgKGC4vkX6MnUtixM8AQ=
-20,154,ilyNH7x+yQlV4hNTTBA2pfrL+JM=,c96BGq6UgKGC4vkX6MnUtixM8AQ=
-23,154,ilyNH7x+yQlV4hNTTBA2pfrL+JM=,c96BGq6UgKGC4vkX6MnUtixM8AQ=
-24,154,ilyNH7x+yQlV4hNTTBA2pfrL+JM=,c96BGq6UgKGC4vkX6MnUtixM8AQ=
-25,154,ilyNH7x+yQlV4hNTTBA2pfrL+JM=,c96BGq6UgKGC4vkX6MnUtixM8AQ=
-26,154,ilyNH7x+yQlV4hNTTBA2pfrL+JM=,c96BGq6UgKGC4vkX6MnUtixM8AQ=
-27,154,ilyNH7x+yQlV4hNTTBA2pfrL+JM=,c96BGq6UgKGC4vkX6MnUtixM8AQ=
-28,154,ilyNH7x+yQlV4hNTTBA2pfrL+JM=,c96BGq6UgKGC4vkX6MnUtixM8AQ=
-30,154,ilyNH7x+yQlV4hNTTBA2pfrL+JM=,c96BGq6UgKGC4vkX6MnUtixM8AQ=
-29,154,ilyNH7x+yQlV4hNTTBA2pfrL+JM=,c96BGq6UgKGC4vkX6MnUtixM8AQ=
-31,154,ilyNH7x+yQlV4hNTTBA2pfrL+JM=,c96BGq6UgKGC4vkX6MnUtixM8AQ=
-17,155,ilyNH7x+yQlV4hNTTBA2pfrL+JM=,c96BGq6UgKGC4vkX6MnUtixM8AQ=
-30,145,ilyNH7x+yQlV4hNTTBA2pfrL+JM=,c96BGq6UgKGC4vkX6MnUtixM8AQ=
-32,154,ilyNH7x+yQlV4hNTTBA2pfrL+JM=,c96BGq6UgKGC4vkX6MnUtixM8AQ=
-19,154,ilyNH7x+yQlV4hNTTBA2pfrL+JM=,c96BGq6UgKGC4vkX6MnUtixM8AQ=
-18,155,ilyNH7x+yQlV4hNTTBA2pfrL+JM=,c96BGq6UgKGC4vkX6MnUtixM8AQ=
-18,154,ilyNH7x+yQlV4hNTTBA2pfrL+JM=,c96BGq6UgKGC4vkX6MnUtixM8AQ=
-20,153,ilyNH7x+yQlV4hNTTBA2pfrL+JM=,c96BGq6UgKGC4vkX6MnUtixM8AQ=
-21,153,ilyNH7x+yQlV4hNTTBA2pfrL+JM=,c96BGq6UgKGC4vkX6MnUtixM8AQ=
-22,153,ilyNH7x+yQlV4hNTTBA2pfrL+JM=,c96BGq6UgKGC4vkX6MnUtixM8AQ=
-23,153,ilyNH7x+yQlV4hNTTBA2pfrL+JM=,c96BGq6UgKGC4vkX6MnUtixM8AQ=
-23,144,ilyNH7x+yQlV4hNTTBA2pfrL+JM=,c96BGq6UgKGC4vkX6MnUtixM8AQ=
-17,154,ilyNH7x+yQlV4hNTTBA2pfrL+JM=,c96BGq6UgKGC4vkX6MnUtixM8AQ=
-24,153,ilyNH7x+yQlV4hNTTBA2pfrL+JM=,c96BGq6UgKGC4vkX6MnUtixM8AQ=
-25,153,ilyNH7x+yQlV4hNTTBA2pfrL+JM=,c96BGq6UgKGC4vkX6MnUtixM8AQ=
-26,153,ilyNH7x+yQlV4hNTTBA2pfrL+JM=,c96BGq6UgKGC4vkX6MnUtixM8AQ=
-29,153,ilyNH7x+yQlV4hNTTBA2pfrL+JM=,c96BGq6UgKGC4vkX6MnUtixM8AQ=
-28,153,ilyNH7x+yQlV4hNTTBA2pfrL+JM=,c96BGq6UgKGC4vkX6MnUtixM8AQ=
-30,153,ilyNH7x+yQlV4hNTTBA2pfrL+JM=,c96BGq6UgKGC4vkX6MnUtixM8AQ=
-31,153,ilyNH7x+yQlV4hNTTBA2pfrL+JM=,c96BGq6UgKGC4vkX6MnUtixM8AQ=
-27,153,ilyNH7x+yQlV4hNTTBA2pfrL+JM=,c96BGq6UgKGC4vkX6MnUtixM8AQ=
-32,153,ilyNH7x+yQlV4hNTTBA2pfrL+JM=,c96BGq6UgKGC4vkX6MnUtixM8AQ=
-29,145,ilyNH7x+yQlV4hNTTBA2pfrL+JM=,c96BGq6UgKGC4vkX6MnUtixM8AQ=
-18,153,ilyNH7x+yQlV4hNTTBA2pfrL+JM=,c96BGq6UgKGC4vkX6MnUtixM8AQ=
-24,144,ilyNH7x+yQlV4hNTTBA2pfrL+JM=,c96BGq6UgKGC4vkX6MnUtixM8AQ=
-21,152,ilyNH7x+yQlV4hNTTBA2pfrL+JM=,c96BGq6UgKGC4vkX6MnUtixM8AQ=
-17,153,ilyNH7x+yQlV4hNTTBA2pfrL+JM=,c96BGq6UgKGC4vkX6MnUtixM8AQ=
-22,152,ilyNH7x+yQlV4hNTTBA2pfrL+JM=,c96BGq6UgKGC4vkX6MnUtixM8AQ=
-24,152,ilyNH7x+yQlV4hNTTBA2pfrL+JM=,c96BGq6UgKGC4vkX6MnUtixM8AQ=
-23,152,ilyNH7x+yQlV4hNTTBA2pfrL+JM=,c96BGq6UgKGC4vkX6MnUtixM8AQ=
-25,152,ilyNH7x+yQlV4hNTTBA2pfrL+JM=,c96BGq6UgKGC4vkX6MnUtixM8AQ=
-20,152,ilyNH7x+yQlV4hNTTBA2pfrL+JM=,c96BGq6UgKGC4vkX6MnUtixM8AQ=
-26,152,ilyNH7x+yQlV4hNTTBA2pfrL+JM=,c96BGq6UgKGC4vkX6MnUtixM8AQ=
-28,152,ilyNH7x+yQlV4hNTTBA2pfrL+JM=,c96BGq6UgKGC4vkX6MnUtixM8AQ=
-29,152,ilyNH7x+yQlV4hNTTBA2pfrL+JM=,c96BGq6UgKGC4vkX6MnUtixM8AQ=
-31,152,ilyNH7x+yQlV4hNTTBA2pfrL+JM=,c96BGq6UgKGC4vkX6MnUtixM8AQ=
-27,152,ilyNH7x+yQlV4hNTTBA2pfrL+JM=,c96BGq6UgKGC4vkX6MnUtixM8AQ=
-30,152,ilyNH7x+yQlV4hNTTBA2pfrL+JM=,c96BGq6UgKGC4vkX6MnUtixM8AQ=
-19,153,ilyNH7x+yQlV4hNTTBA2pfrL+JM=,c96BGq6UgKGC4vkX6MnUtixM8AQ=
-32,152,ilyNH7x+yQlV4hNTTBA2pfrL+JM=,c96BGq6UgKGC4vkX6MnUtixM8AQ=
-17,152,ilyNH7x+yQlV4hNTTBA2pfrL+JM=,c96BGq6UgKGC4vkX6MnUtixM8AQ=
-28,145,ilyNH7x+yQlV4hNTTBA2pfrL+JM=,c96BGq6UgKGC4vkX6MnUtixM8AQ=
-19,152,ilyNH7x+yQlV4hNTTBA2pfrL+JM=,c96BGq6UgKGC4vkX6MnUtixM8AQ=
-18,152,ilyNH7x+yQlV4hNTTBA2pfrL+JM=,c96BGq6UgKGC4vkX6MnUtixM8AQ=
-25,144,ilyNH7x+yQlV4hNTTBA2pfrL+JM=,c96BGq6UgKGC4vkX6MnUtixM8AQ=
-26,145,ilyNH7x+yQlV4hNTTBA2pfrL+JM=,c96BGq6UgKGC4vkX6MnUtixM8AQ=
-27,145,ilyNH7x+yQlV4hNTTBA2pfrL+JM=,c96BGq6UgKGC4vkX6MnUtixM8AQ=
-17,151,ilyNH7x+yQlV4hNTTBA2pfrL+JM=,c96BGq6UgKGC4vkX6MnUtixM8AQ=
-20,151,ilyNH7x+yQlV4hNTTBA2pfrL+JM=,c96BGq6UgKGC4vkX6MnUtixM8AQ=
-19,151,ilyNH7x+yQlV4hNTTBA2pfrL+JM=,c96BGq6UgKGC4vkX6MnUtixM8AQ=
-18,151,ilyNH7x+yQlV4hNTTBA2pfrL+JM=,c96BGq6UgKGC4vkX6MnUtixM8AQ=
-27,151,ilyNH7x+yQlV4hNTTBA2pfrL+JM=,c96BGq6UgKGC4vkX6MnUtixM8AQ=
-28,151,ilyNH7x+yQlV4hNTTBA2pfrL+JM=,c96BGq6UgKGC4vkX6MnUtixM8AQ=
-22,151,ilyNH7x+yQlV4hNTTBA2pfrL+JM=,c96BGq6UgKGC4vkX6MnUtixM8AQ=
-21,151,ilyNH7x+yQlV4hNTTBA2pfrL+JM=,c96BGq6UgKGC4vkX6MnUtixM8AQ=
-29,151,ilyNH7x+yQlV4hNTTBA2pfrL+JM=,c96BGq6UgKGC4vkX6MnUtixM8AQ=
-31,151,ilyNH7x+yQlV4hNTTBA2pfrL+JM=,c96BGq6UgKGC4vkX6MnUtixM8AQ=
-30,151,ilyNH7x+yQlV4hNTTBA2pfrL+JM=,c96BGq6UgKGC4vkX6MnUtixM8AQ=
-32,151,ilyNH7x+yQlV4hNTTBA2pfrL+JM=,c96BGq6UgKGC4vkX6MnUtixM8AQ=
-24,151,ilyNH7x+yQlV4hNTTBA2pfrL+JM=,c96BGq6UgKGC4vkX6MnUtixM8AQ=
-25,145,ilyNH7x+yQlV4hNTTBA2pfrL+JM=,c96BGq6UgKGC4vkX6MnUtixM8AQ=
-25,151,ilyNH7x+yQlV4hNTTBA2pfrL+JM=,c96BGq6UgKGC4vkX6MnUtixM8AQ=
-26,144,ilyNH7x+yQlV4hNTTBA2pfrL+JM=,c96BGq6UgKGC4vkX6MnUtixM8AQ=
-26,151,ilyNH7x+yQlV4hNTTBA2pfrL+JM=,c96BGq6UgKGC4vkX6MnUtixM8AQ=
-23,151,ilyNH7x+yQlV4hNTTBA2pfrL+JM=,c96BGq6UgKGC4vkX6MnUtixM8AQ=
-24,145,ilyNH7x+yQlV4hNTTBA2pfrL+JM=,c96BGq6UgKGC4vkX6MnUtixM8AQ=
-23,145,ilyNH7x+yQlV4hNTTBA2pfrL+JM=,c96BGq6UgKGC4vkX6MnUtixM8AQ=
-17,150,ilyNH7x+yQlV4hNTTBA2pfrL+JM=,c96BGq6UgKGC4vkX6MnUtixM8AQ=
-18,150,ilyNH7x+yQlV4hNTTBA2pfrL+JM=,c96BGq6UgKGC4vkX6MnUtixM8AQ=
-19,150,ilyNH7x+yQlV4hNTTBA2pfrL+JM=,c96BGq6UgKGC4vkX6MnUtixM8AQ=
-21,150,ilyNH7x+yQlV4hNTTBA2pfrL+JM=,c96BGq6UgKGC4vkX6MnUtixM8AQ=
-22,145,ilyNH7x+yQlV4hNTTBA2pfrL+JM=,c96BGq6UgKGC4vkX6MnUtixM8AQ=
-20,150,ilyNH7x+yQlV4hNTTBA2pfrL+JM=,c96BGq6UgKGC4vkX6MnUtixM8AQ=
-26,150,ilyNH7x+yQlV4hNTTBA2pfrL+JM=,c96BGq6UgKGC4vkX6MnUtixM8AQ=
-24,150,ilyNH7x+yQlV4hNTTBA2pfrL+JM=,c96BGq6UgKGC4vkX6MnUtixM8AQ=
-22,150,ilyNH7x+yQlV4hNTTBA2pfrL+JM=,c96BGq6UgKGC4vkX6MnUtixM8AQ=
-25,150,ilyNH7x+yQlV4hNTTBA2pfrL+JM=,c96BGq6UgKGC4vkX6MnUtixM8AQ=
-23,150,ilyNH7x+yQlV4hNTTBA2pfrL+JM=,c96BGq6UgKGC4vkX6MnUtixM8AQ=
-21,145,ilyNH7x+yQlV4hNTTBA2pfrL+JM=,c96BGq6UgKGC4vkX6MnUtixM8AQ=
-28,150,ilyNH7x+yQlV4hNTTBA2pfrL+JM=,c96BGq6UgKGC4vkX6MnUtixM8AQ=
-31,150,ilyNH7x+yQlV4hNTTBA2pfrL+JM=,c96BGq6UgKGC4vkX6MnUtixM8AQ=
-27,150,ilyNH7x+yQlV4hNTTBA2pfrL+JM=,c96BGq6UgKGC4vkX6MnUtixM8AQ=
-27,144,ilyNH7x+yQlV4hNTTBA2pfrL+JM=,c96BGq6UgKGC4vkX6MnUtixM8AQ=
-30,150,ilyNH7x+yQlV4hNTTBA2pfrL+JM=,c96BGq6UgKGC4vkX6MnUtixM8AQ=
-32,150,ilyNH7x+yQlV4hNTTBA2pfrL+JM=,c96BGq6UgKGC4vkX6MnUtixM8AQ=
-29,150,ilyNH7x+yQlV4hNTTBA2pfrL+JM=,c96BGq6UgKGC4vkX6MnUtixM8AQ=
-20,145,ilyNH7x+yQlV4hNTTBA2pfrL+JM=,c96BGq6UgKGC4vkX6MnUtixM8AQ=
-21,149,ilyNH7x+yQlV4hNTTBA2pfrL+JM=,c96BGq6UgKGC4vkX6MnUtixM8AQ=
-20,149,ilyNH7x+yQlV4hNTTBA2pfrL+JM=,c96BGq6UgKGC4vkX6MnUtixM8AQ=
-17,149,ilyNH7x+yQlV4hNTTBA2pfrL+JM=,c96BGq6UgKGC4vkX6MnUtixM8AQ=
-19,149,ilyNH7x+yQlV4hNTTBA2pfrL+JM=,c96BGq6UgKGC4vkX6MnUtixM8AQ=
-18,149,ilyNH7x+yQlV4hNTTBA2pfrL+JM=,c96BGq6UgKGC4vkX6MnUtixM8AQ=
-26,149,ilyNH7x+yQlV4hNTTBA2pfrL+JM=,c96BGq6UgKGC4vkX6MnUtixM8AQ=
-22,149,ilyNH7x+yQlV4hNTTBA2pfrL+JM=,c96BGq6UgKGC4vkX6MnUtixM8AQ=
-27,149,ilyNH7x+yQlV4hNTTBA2pfrL+JM=,c96BGq6UgKGC4vkX6MnUtixM8AQ=
-25,149,ilyNH7x+yQlV4hNTTBA2pfrL+JM=,c96BGq6UgKGC4vkX6MnUtixM8AQ=
-19,145,ilyNH7x+yQlV4hNTTBA2pfrL+JM=,c96BGq6UgKGC4vkX6MnUtixM8AQ=
-23,149,ilyNH7x+yQlV4hNTTBA2pfrL+JM=,c96BGq6UgKGC4vkX6MnUtixM8AQ=
-28,149,ilyNH7x+yQlV4hNTTBA2pfrL+JM=,c96BGq6UgKGC4vkX6MnUtixM8AQ=
-24,149,ilyNH7x+yQlV4hNTTBA2pfrL+JM=,c96BGq6UgKGC4vkX6MnUtixM8AQ=
-29,149,ilyNH7x+yQlV4hNTTBA2pfrL+JM=,c96BGq6UgKGC4vkX6MnUtixM8AQ=
-32,149,ilyNH7x+yQlV4hNTTBA2pfrL+JM=,c96BGq6UgKGC4vkX6MnUtixM8AQ=
-28,144,ilyNH7x+yQlV4hNTTBA2pfrL+JM=,c96BGq6UgKGC4vkX6MnUtixM8AQ=
-31,149,ilyNH7x+yQlV4hNTTBA2pfrL+JM=,c96BGq6UgKGC4vkX6MnUtixM8AQ=
-18,145,ilyNH7x+yQlV4hNTTBA2pfrL+JM=,c96BGq6UgKGC4vkX6MnUtixM8AQ=
-30,149,ilyNH7x+yQlV4hNTTBA2pfrL+JM=,c96BGq6UgKGC4vkX6MnUtixM8AQ=
-18,148,ilyNH7x+yQlV4hNTTBA2pfrL+JM=,c96BGq6UgKGC4vkX6MnUtixM8AQ=
-19,148,ilyNH7x+yQlV4hNTTBA2pfrL+JM=,c96BGq6UgKGC4vkX6MnUtixM8AQ=
-20,148,ilyNH7x+yQlV4hNTTBA2pfrL+JM=,c96BGq6UgKGC4vkX6MnUtixM8AQ=
-21,148,ilyNH7x+yQlV4hNTTBA2pfrL+JM=,c96BGq6UgKGC4vkX6MnUtixM8AQ=
-27,148,ilyNH7x+yQlV4hNTTBA2pfrL+JM=,c96BGq6UgKGC4vkX6MnUtixM8AQ=
-22,148,ilyNH7x+yQlV4hNTTBA2pfrL+JM=,c96BGq6UgKGC4vkX6MnUtixM8AQ=
-24,148,ilyNH7x+yQlV4hNTTBA2pfrL+JM=,c96BGq6UgKGC4vkX6MnUtixM8AQ=
-25,148,ilyNH7x+yQlV4hNTTBA2pfrL+JM=,c96BGq6UgKGC4vkX6MnUtixM8AQ=
-26,148,ilyNH7x+yQlV4hNTTBA2pfrL+JM=,c96BGq6UgKGC4vkX6MnUtixM8AQ=
-32,148,ilyNH7x+yQlV4hNTTBA2pfrL+JM=,c96BGq6UgKGC4vkX6MnUtixM8AQ=
-29,148,ilyNH7x+yQlV4hNTTBA2pfrL+JM=,c96BGq6UgKGC4vkX6MnUtixM8AQ=
-29,144,ilyNH7x+yQlV4hNTTBA2pfrL+JM=,c96BGq6UgKGC4vkX6MnUtixM8AQ=
-23,148,ilyNH7x+yQlV4hNTTBA2pfrL+JM=,c96BGq6UgKGC4vkX6MnUtixM8AQ=
-17,145,ilyNH7x+yQlV4hNTTBA2pfrL+JM=,c96BGq6UgKGC4vkX6MnUtixM8AQ=
-32,146,ilyNH7x+yQlV4hNTTBA2pfrL+JM=,c96BGq6UgKGC4vkX6MnUtixM8AQ=
-17,148,ilyNH7x+yQlV4hNTTBA2pfrL+JM=,c96BGq6UgKGC4vkX6MnUtixM8AQ=
-30,148,ilyNH7x+yQlV4hNTTBA2pfrL+JM=,c96BGq6UgKGC4vkX6MnUtixM8AQ=
-31,148,ilyNH7x+yQlV4hNTTBA2pfrL+JM=,c96BGq6UgKGC4vkX6MnUtixM8AQ=
-31,144,ilyNH7x+yQlV4hNTTBA2pfrL+JM=,c96BGq6UgKGC4vkX6MnUtixM8AQ=
-17,147,ilyNH7x+yQlV4hNTTBA2pfrL+JM=,c96BGq6UgKGC4vkX6MnUtixM8AQ=
-18,147,ilyNH7x+yQlV4hNTTBA2pfrL+JM=,c96BGq6UgKGC4vkX6MnUtixM8AQ=
-19,147,ilyNH7x+yQlV4hNTTBA2pfrL+JM=,c96BGq6UgKGC4vkX6MnUtixM8AQ=
-28,148,ilyNH7x+yQlV4hNTTBA2pfrL+JM=,c96BGq6UgKGC4vkX6MnUtixM8AQ=
-20,147,ilyNH7x+yQlV4hNTTBA2pfrL+JM=,c96BGq6UgKGC4vkX6MnUtixM8AQ=
-21,147,ilyNH7x+yQlV4hNTTBA2pfrL+JM=,c96BGq6UgKGC4vkX6MnUtixM8AQ=
-31,146,ilyNH7x+yQlV4hNTTBA2pfrL+JM=,c96BGq6UgKGC4vkX6MnUtixM8AQ=
-22,147,ilyNH7x+yQlV4hNTTBA2pfrL+JM=,c96BGq6UgKGC4vkX6MnUtixM8AQ=
-25,147,ilyNH7x+yQlV4hNTTBA2pfrL+JM=,c96BGq6UgKGC4vkX6MnUtixM8AQ=
-23,147,ilyNH7x+yQlV4hNTTBA2pfrL+JM=,c96BGq6UgKGC4vkX6MnUtixM8AQ=
-26,147,ilyNH7x+yQlV4hNTTBA2pfrL+JM=,c96BGq6UgKGC4vkX6MnUtixM8AQ=
-27,147,ilyNH7x+yQlV4hNTTBA2pfrL+JM=,c96BGq6UgKGC4vkX6MnUtixM8AQ=
-24,147,ilyNH7x+yQlV4hNTTBA2pfrL+JM=,c96BGq6UgKGC4vkX6MnUtixM8AQ=
-28,147,ilyNH7x+yQlV4hNTTBA2pfrL+JM=,c96BGq6UgKGC4vkX6MnUtixM8AQ=
-32,147,ilyNH7x+yQlV4hNTTBA2pfrL+JM=,c96BGq6UgKGC4vkX6MnUtixM8AQ=
-30,146,ilyNH7x+yQlV4hNTTBA2pfrL+JM=,c96BGq6UgKGC4vkX6MnUtixM8AQ=
-29,147,ilyNH7x+yQlV4hNTTBA2pfrL+JM=,c96BGq6UgKGC4vkX6MnUtixM8AQ=
-30,144,ilyNH7x+yQlV4hNTTBA2pfrL+JM=,c96BGq6UgKGC4vkX6MnUtixM8AQ=
-30,147,ilyNH7x+yQlV4hNTTBA2pfrL+JM=,c96BGq6UgKGC4vkX6MnUtixM8AQ=
-18,146,ilyNH7x+yQlV4hNTTBA2pfrL+JM=,c96BGq6UgKGC4vkX6MnUtixM8AQ=
-31,147,ilyNH7x+yQlV4hNTTBA2pfrL+JM=,c96BGq6UgKGC4vkX6MnUtixM8AQ=
-17,146,ilyNH7x+yQlV4hNTTBA2pfrL+JM=,c96BGq6UgKGC4vkX6MnUtixM8AQ=
-19,146,ilyNH7x+yQlV4hNTTBA2pfrL+JM=,c96BGq6UgKGC4vkX6MnUtixM8AQ=
-29,146,ilyNH7x+yQlV4hNTTBA2pfrL+JM=,c96BGq6UgKGC4vkX6MnUtixM8AQ=
-21,146,ilyNH7x+yQlV4hNTTBA2pfrL+JM=,c96BGq6UgKGC4vkX6MnUtixM8AQ=
-22,146,ilyNH7x+yQlV4hNTTBA2pfrL+JM=,c96BGq6UgKGC4vkX6MnUtixM8AQ=
-26,146,ilyNH7x+yQlV4hNTTBA2pfrL+JM=,c96BGq6UgKGC4vkX6MnUtixM8AQ=
-20,146,ilyNH7x+yQlV4hNTTBA2pfrL+JM=,c96BGq6UgKGC4vkX6MnUtixM8AQ=
-27,146,ilyNH7x+yQlV4hNTTBA2pfrL+JM=,c96BGq6UgKGC4vkX6MnUtixM8AQ=
-28,146,ilyNH7x+yQlV4hNTTBA2pfrL+JM=,c96BGq6UgKGC4vkX6MnUtixM8AQ=
-24,146,ilyNH7x+yQlV4hNTTBA2pfrL+JM=,c96BGq6UgKGC4vkX6MnUtixM8AQ=
-23,146,ilyNH7x+yQlV4hNTTBA2pfrL+JM=,c96BGq6UgKGC4vkX6MnUtixM8AQ=
-25,146,ilyNH7x+yQlV4hNTTBA2pfrL+JM=,c96BGq6UgKGC4vkX6MnUtixM8AQ=
-1,159,ilyNH7x+yQlV4hNTTBA2pfrL+JM=,c96BGq6UgKGC4vkX6MnUtixM8AQ=
-16,145,ilyNH7x+yQlV4hNTTBA2pfrL+JM=,c96BGq6UgKGC4vkX6MnUtixM8AQ=
-1,144,ilyNH7x+yQlV4hNTTBA2pfrL+JM=,c96BGq6UgKGC4vkX6MnUtixM8AQ=
-2,159,ilyNH7x+yQlV4hNTTBA2pfrL+JM=,c96BGq6UgKGC4vkX6MnUtixM8AQ=
-2,144,ilyNH7x+yQlV4hNTTBA2pfrL+JM=,c96BGq6UgKGC4vkX6MnUtixM8AQ=
-3,144,ilyNH7x+yQlV4hNTTBA2pfrL+JM=,c96BGq6UgKGC4vkX6MnUtixM8AQ=
-4,144,ilyNH7x+yQlV4hNTTBA2pfrL+JM=,c96BGq6UgKGC4vkX6MnUtixM8AQ=
-5,144,ilyNH7x+yQlV4hNTTBA2pfrL+JM=,c96BGq6UgKGC4vkX6MnUtixM8AQ=
-15,145,OdYAAD8dTQYRuVIt7fTfZ52fDfY=,c96BGq6UgKGC4vkX6MnUtixM8AQ=
-6,144,OdYAAD8dTQYRuVIt7fTfZ52fDfY=,c96BGq6UgKGC4vkX6MnUtixM8AQ=
-7,144,OdYAAD8dTQYRuVIt7fTfZ52fDfY=,c96BGq6UgKGC4vkX6MnUtixM8AQ=
-8,144,OdYAAD8dTQYRuVIt7fTfZ52fDfY=,c96BGq6UgKGC4vkX6MnUtixM8AQ=
-9,144,OdYAAD8dTQYRuVIt7fTfZ52fDfY=,c96BGq6UgKGC4vkX6MnUtixM8AQ=
-10,144,OdYAAD8dTQYRuVIt7fTfZ52fDfY=,c96BGq6UgKGC4vkX6MnUtixM8AQ=
-11,144,OdYAAD8dTQYRuVIt7fTfZ52fDfY=,c96BGq6UgKGC4vkX6MnUtixM8AQ=
-12,144,OdYAAD8dTQYRuVIt7fTfZ52fDfY=,c96BGq6UgKGC4vkX6MnUtixM8AQ=
-15,144,OdYAAD8dTQYRuVIt7fTfZ52fDfY=,c96BGq6UgKGC4vkX6MnUtixM8AQ=
-13,144,OdYAAD8dTQYRuVIt7fTfZ52fDfY=,c96BGq6UgKGC4vkX6MnUtixM8AQ=
-14,144,OdYAAD8dTQYRuVIt7fTfZ52fDfY=,c96BGq6UgKGC4vkX6MnUtixM8AQ=
-16,144,OdYAAD8dTQYRuVIt7fTfZ52fDfY=,c96BGq6UgKGC4vkX6MnUtixM8AQ=
-3,159,OdYAAD8dTQYRuVIt7fTfZ52fDfY=,c96BGq6UgKGC4vkX6MnUtixM8AQ=
-4,159,OdYAAD8dTQYRuVIt7fTfZ52fDfY=,c96BGq6UgKGC4vkX6MnUtixM8AQ=
-7,159,OdYAAD8dTQYRuVIt7fTfZ52fDfY=,c96BGq6UgKGC4vkX6MnUtixM8AQ=
-5,159,OdYAAD8dTQYRuVIt7fTfZ52fDfY=,c96BGq6UgKGC4vkX6MnUtixM8AQ=
-9,159,OdYAAD8dTQYRuVIt7fTfZ52fDfY=,c96BGq6UgKGC4vkX6MnUtixM8AQ=
-6,159,OdYAAD8dTQYRuVIt7fTfZ52fDfY=,c96BGq6UgKGC4vkX6MnUtixM8AQ=
-8,159,OdYAAD8dTQYRuVIt7fTfZ52fDfY=,c96BGq6UgKGC4vkX6MnUtixM8AQ=
-10,159,OdYAAD8dTQYRuVIt7fTfZ52fDfY=,c96BGq6UgKGC4vkX6MnUtixM8AQ=
-11,159,OdYAAD8dTQYRuVIt7fTfZ52fDfY=,c96BGq6UgKGC4vkX6MnUtixM8AQ=
-15,159,OdYAAD8dTQYRuVIt7fTfZ52fDfY=,c96BGq6UgKGC4vkX6MnUtixM8AQ=
-14,159,OdYAAD8dTQYRuVIt7fTfZ52fDfY=,c96BGq6UgKGC4vkX6MnUtixM8AQ=
-12,159,OdYAAD8dTQYRuVIt7fTfZ52fDfY=,c96BGq6UgKGC4vkX6MnUtixM8AQ=
-13,159,OdYAAD8dTQYRuVIt7fTfZ52fDfY=,c96BGq6UgKGC4vkX6MnUtixM8AQ=
-14,145,OdYAAD8dTQYRuVIt7fTfZ52fDfY=,c96BGq6UgKGC4vkX6MnUtixM8AQ=
-16,159,OdYAAD8dTQYRuVIt7fTfZ52fDfY=,c96BGq6UgKGC4vkX6MnUtixM8AQ=
-1,158,OdYAAD8dTQYRuVIt7fTfZ52fDfY=,c96BGq6UgKGC4vkX6MnUtixM8AQ=
-3,158,OdYAAD8dTQYRuVIt7fTfZ52fDfY=,c96BGq6UgKGC4vkX6MnUtixM8AQ=
-4,158,OdYAAD8dTQYRuVIt7fTfZ52fDfY=,c96BGq6UgKGC4vkX6MnUtixM8AQ=
-5,158,OdYAAD8dTQYRuVIt7fTfZ52fDfY=,c96BGq6UgKGC4vkX6MnUtixM8AQ=
-2,158,OdYAAD8dTQYRuVIt7fTfZ52fDfY=,c96BGq6UgKGC4vkX6MnUtixM8AQ=
-13,145,OdYAAD8dTQYRuVIt7fTfZ52fDfY=,c96BGq6UgKGC4vkX6MnUtixM8AQ=
-7,158,OdYAAD8dTQYRuVIt7fTfZ52fDfY=,c96BGq6UgKGC4vkX6MnUtixM8AQ=
-6,158,OdYAAD8dTQYRuVIt7fTfZ52fDfY=,c96BGq6UgKGC4vkX6MnUtixM8AQ=
-8,158,OdYAAD8dTQYRuVIt7fTfZ52fDfY=,c96BGq6UgKGC4vkX6MnUtixM8AQ=
-9,158,OdYAAD8dTQYRuVIt7fTfZ52fDfY=,c96BGq6UgKGC4vkX6MnUtixM8AQ=
-10,158,OdYAAD8dTQYRuVIt7fTfZ52fDfY=,c96BGq6UgKGC4vkX6MnUtixM8AQ=
-11,158,OdYAAD8dTQYRuVIt7fTfZ52fDfY=,c96BGq6UgKGC4vkX6MnUtixM8AQ=
-12,158,OdYAAD8dTQYRuVIt7fTfZ52fDfY=,c96BGq6UgKGC4vkX6MnUtixM8AQ=
-12,145,OdYAAD8dTQYRuVIt7fTfZ52fDfY=,c96BGq6UgKGC4vkX6MnUtixM8AQ=
-14,158,OdYAAD8dTQYRuVIt7fTfZ52fDfY=,c96BGq6UgKGC4vkX6MnUtixM8AQ=
-13,158,OdYAAD8dTQYRuVIt7fTfZ52fDfY=,c96BGq6UgKGC4vkX6MnUtixM8AQ=
-16,158,OdYAAD8dTQYRuVIt7fTfZ52fDfY=,c96BGq6UgKGC4vkX6MnUtixM8AQ=
-15,158,OdYAAD8dTQYRuVIt7fTfZ52fDfY=,c96BGq6UgKGC4vkX6MnUtixM8AQ=
-1,157,OdYAAD8dTQYRuVIt7fTfZ52fDfY=,c96BGq6UgKGC4vkX6MnUtixM8AQ=
-2,157,OdYAAD8dTQYRuVIt7fTfZ52fDfY=,c96BGq6UgKGC4vkX6MnUtixM8AQ=
-4,157,OdYAAD8dTQYRuVIt7fTfZ52fDfY=,c96BGq6UgKGC4vkX6MnUtixM8AQ=
-11,145,OdYAAD8dTQYRuVIt7fTfZ52fDfY=,c96BGq6UgKGC4vkX6MnUtixM8AQ=
-3,157,OdYAAD8dTQYRuVIt7fTfZ52fDfY=,c96BGq6UgKGC4vkX6MnUtixM8AQ=
-7,157,OdYAAD8dTQYRuVIt7fTfZ52fDfY=,c96BGq6UgKGC4vkX6MnUtixM8AQ=
-5,157,OdYAAD8dTQYRuVIt7fTfZ52fDfY=,c96BGq6UgKGC4vkX6MnUtixM8AQ=
-6,157,OdYAAD8dTQYRuVIt7fTfZ52fDfY=,c96BGq6UgKGC4vkX6MnUtixM8AQ=
-9,157,OdYAAD8dTQYRuVIt7fTfZ52fDfY=,c96BGq6UgKGC4vkX6MnUtixM8AQ=
-8,157,OdYAAD8dTQYRuVIt7fTfZ52fDfY=,c96BGq6UgKGC4vkX6MnUtixM8AQ=
-12,157,OdYAAD8dTQYRuVIt7fTfZ52fDfY=,c96BGq6UgKGC4vkX6MnUtixM8AQ=
-10,145,OdYAAD8dTQYRuVIt7fTfZ52fDfY=,c96BGq6UgKGC4vkX6MnUtixM8AQ=
-10,157,OdYAAD8dTQYRuVIt7fTfZ52fDfY=,c96BGq6UgKGC4vkX6MnUtixM8AQ=
-11,157,OdYAAD8dTQYRuVIt7fTfZ52fDfY=,c96BGq6UgKGC4vkX6MnUtixM8AQ=
-13,157,OdYAAD8dTQYRuVIt7fTfZ52fDfY=,c96BGq6UgKGC4vkX6MnUtixM8AQ=
-14,157,OdYAAD8dTQYRuVIt7fTfZ52fDfY=,c96BGq6UgKGC4vkX6MnUtixM8AQ=
-16,157,OdYAAD8dTQYRuVIt7fTfZ52fDfY=,c96BGq6UgKGC4vkX6MnUtixM8AQ=
-15,157,OdYAAD8dTQYRuVIt7fTfZ52fDfY=,c96BGq6UgKGC4vkX6MnUtixM8AQ=
-9,145,OdYAAD8dTQYRuVIt7fTfZ52fDfY=,c96BGq6UgKGC4vkX6MnUtixM8AQ=
-2,156,OdYAAD8dTQYRuVIt7fTfZ52fDfY=,c96BGq6UgKGC4vkX6MnUtixM8AQ=
-1,156,OdYAAD8dTQYRuVIt7fTfZ52fDfY=,c96BGq6UgKGC4vkX6MnUtixM8AQ=
-3,156,OdYAAD8dTQYRuVIt7fTfZ52fDfY=,c96BGq6UgKGC4vkX6MnUtixM8AQ=
-4,156,OdYAAD8dTQYRuVIt7fTfZ52fDfY=,c96BGq6UgKGC4vkX6MnUtixM8AQ=
-5,156,OdYAAD8dTQYRuVIt7fTfZ52fDfY=,c96BGq6UgKGC4vkX6MnUtixM8AQ=
-6,156,OdYAAD8dTQYRuVIt7fTfZ52fDfY=,c96BGq6UgKGC4vkX6MnUtixM8AQ=
-8,145,OdYAAD8dTQYRuVIt7fTfZ52fDfY=,c96BGq6UgKGC4vkX6MnUtixM8AQ=
-7,156,OdYAAD8dTQYRuVIt7fTfZ52fDfY=,c96BGq6UgKGC4vkX6MnUtixM8AQ=
-9,156,OdYAAD8dTQYRuVIt7fTfZ52fDfY=,c96BGq6UgKGC4vkX6MnUtixM8AQ=
-10,156,OdYAAD8dTQYRuVIt7fTfZ52fDfY=,c96BGq6UgKGC4vkX6MnUtixM8AQ=
-11,156,OdYAAD8dTQYRuVIt7fTfZ52fDfY=,c96BGq6UgKGC4vkX6MnUtixM8AQ=
-12,156,OdYAAD8dTQYRuVIt7fTfZ52fDfY=,c96BGq6UgKGC4vkX6MnUtixM8AQ=
-13,156,OdYAAD8dTQYRuVIt7fTfZ52fDfY=,c96BGq6UgKGC4vkX6MnUtixM8AQ=
-15,156,OdYAAD8dTQYRuVIt7fTfZ52fDfY=,c96BGq6UgKGC4vkX6MnUtixM8AQ=
-7,145,OdYAAD8dTQYRuVIt7fTfZ52fDfY=,c96BGq6UgKGC4vkX6MnUtixM8AQ=
-14,156,OdYAAD8dTQYRuVIt7fTfZ52fDfY=,c96BGq6UgKGC4vkX6MnUtixM8AQ=
-16,156,OdYAAD8dTQYRuVIt7fTfZ52fDfY=,c96BGq6UgKGC4vkX6MnUtixM8AQ=
-1,155,OdYAAD8dTQYRuVIt7fTfZ52fDfY=,c96BGq6UgKGC4vkX6MnUtixM8AQ=
-3,155,OdYAAD8dTQYRuVIt7fTfZ52fDfY=,c96BGq6UgKGC4vkX6MnUtixM8AQ=
-4,155,OdYAAD8dTQYRuVIt7fTfZ52fDfY=,c96BGq6UgKGC4vkX6MnUtixM8AQ=
-5,155,OdYAAD8dTQYRuVIt7fTfZ52fDfY=,c96BGq6UgKGC4vkX6MnUtixM8AQ=
-2,155,OdYAAD8dTQYRuVIt7fTfZ52fDfY=,c96BGq6UgKGC4vkX6MnUtixM8AQ=
-6,145,OdYAAD8dTQYRuVIt7fTfZ52fDfY=,c96BGq6UgKGC4vkX6MnUtixM8AQ=
-7,155,OdYAAD8dTQYRuVIt7fTfZ52fDfY=,c96BGq6UgKGC4vkX6MnUtixM8AQ=
-6,155,OdYAAD8dTQYRuVIt7fTfZ52fDfY=,c96BGq6UgKGC4vkX6MnUtixM8AQ=
-9,155,OdYAAD8dTQYRuVIt7fTfZ52fDfY=,c96BGq6UgKGC4vkX6MnUtixM8AQ=
-8,155,OdYAAD8dTQYRuVIt7fTfZ52fDfY=,c96BGq6UgKGC4vkX6MnUtixM8AQ=
-10,155,OdYAAD8dTQYRuVIt7fTfZ52fDfY=,c96BGq6UgKGC4vkX6MnUtixM8AQ=
-11,155,OdYAAD8dTQYRuVIt7fTfZ52fDfY=,c96BGq6UgKGC4vkX6MnUtixM8AQ=
-12,155,OdYAAD8dTQYRuVIt7fTfZ52fDfY=,c96BGq6UgKGC4vkX6MnUtixM8AQ=
-5,145,OdYAAD8dTQYRuVIt7fTfZ52fDfY=,c96BGq6UgKGC4vkX6MnUtixM8AQ=
-13,155,OdYAAD8dTQYRuVIt7fTfZ52fDfY=,c96BGq6UgKGC4vkX6MnUtixM8AQ=
-14,155,OdYAAD8dTQYRuVIt7fTfZ52fDfY=,c96BGq6UgKGC4vkX6MnUtixM8AQ=
-15,155,OdYAAD8dTQYRuVIt7fTfZ52fDfY=,c96BGq6UgKGC4vkX6MnUtixM8AQ=
-16,155,OdYAAD8dTQYRuVIt7fTfZ52fDfY=,c96BGq6UgKGC4vkX6MnUtixM8AQ=
-1,154,OdYAAD8dTQYRuVIt7fTfZ52fDfY=,c96BGq6UgKGC4vkX6MnUtixM8AQ=
-2,154,OdYAAD8dTQYRuVIt7fTfZ52fDfY=,c96BGq6UgKGC4vkX6MnUtixM8AQ=
-4,145,OdYAAD8dTQYRuVIt7fTfZ52fDfY=,c96BGq6UgKGC4vkX6MnUtixM8AQ=
-3,154,OdYAAD8dTQYRuVIt7fTfZ52fDfY=,c96BGq6UgKGC4vkX6MnUtixM8AQ=
-7,154,OdYAAD8dTQYRuVIt7fTfZ52fDfY=,c96BGq6UgKGC4vkX6MnUtixM8AQ=
-4,154,OdYAAD8dTQYRuVIt7fTfZ52fDfY=,c96BGq6UgKGC4vkX6MnUtixM8AQ=
-6,154,OdYAAD8dTQYRuVIt7fTfZ52fDfY=,c96BGq6UgKGC4vkX6MnUtixM8AQ=
-5,154,OdYAAD8dTQYRuVIt7fTfZ52fDfY=,c96BGq6UgKGC4vkX6MnUtixM8AQ=
-8,154,OdYAAD8dTQYRuVIt7fTfZ52fDfY=,c96BGq6UgKGC4vkX6MnUtixM8AQ=
-3,145,OdYAAD8dTQYRuVIt7fTfZ52fDfY=,c96BGq6UgKGC4vkX6MnUtixM8AQ=
-9,154,OdYAAD8dTQYRuVIt7fTfZ52fDfY=,c96BGq6UgKGC4vkX6MnUtixM8AQ=
-12,154,OdYAAD8dTQYRuVIt7fTfZ52fDfY=,c96BGq6UgKGC4vkX6MnUtixM8AQ=
-10,154,OdYAAD8dTQYRuVIt7fTfZ52fDfY=,c96BGq6UgKGC4vkX6MnUtixM8AQ=
-11,154,OdYAAD8dTQYRuVIt7fTfZ52fDfY=,c96BGq6UgKGC4vkX6MnUtixM8AQ=
-14,154,OdYAAD8dTQYRuVIt7fTfZ52fDfY=,c96BGq6UgKGC4vkX6MnUtixM8AQ=
-2,145,OdYAAD8dTQYRuVIt7fTfZ52fDfY=,c96BGq6UgKGC4vkX6MnUtixM8AQ=
-13,154,OdYAAD8dTQYRuVIt7fTfZ52fDfY=,c96BGq6UgKGC4vkX6MnUtixM8AQ=
-15,154,OdYAAD8dTQYRuVIt7fTfZ52fDfY=,c96BGq6UgKGC4vkX6MnUtixM8AQ=
-16,154,OdYAAD8dTQYRuVIt7fTfZ52fDfY=,c96BGq6UgKGC4vkX6MnUtixM8AQ=
-1,153,OdYAAD8dTQYRuVIt7fTfZ52fDfY=,c96BGq6UgKGC4vkX6MnUtixM8AQ=
-2,153,OdYAAD8dTQYRuVIt7fTfZ52fDfY=,c96BGq6UgKGC4vkX6MnUtixM8AQ=
-4,153,OdYAAD8dTQYRuVIt7fTfZ52fDfY=,c96BGq6UgKGC4vkX6MnUtixM8AQ=
-1,145,OdYAAD8dTQYRuVIt7fTfZ52fDfY=,c96BGq6UgKGC4vkX6MnUtixM8AQ=
-3,153,OdYAAD8dTQYRuVIt7fTfZ52fDfY=,c96BGq6UgKGC4vkX6MnUtixM8AQ=
-5,153,OdYAAD8dTQYRuVIt7fTfZ52fDfY=,c96BGq6UgKGC4vkX6MnUtixM8AQ=
-6,153,OdYAAD8dTQYRuVIt7fTfZ52fDfY=,c96BGq6UgKGC4vkX6MnUtixM8AQ=
-7,153,OdYAAD8dTQYRuVIt7fTfZ52fDfY=,c96BGq6UgKGC4vkX6MnUtixM8AQ=
-8,153,OdYAAD8dTQYRuVIt7fTfZ52fDfY=,c96BGq6UgKGC4vkX6MnUtixM8AQ=
-9,153,OdYAAD8dTQYRuVIt7fTfZ52fDfY=,c96BGq6UgKGC4vkX6MnUtixM8AQ=
-10,153,OdYAAD8dTQYRuVIt7fTfZ52fDfY=,c96BGq6UgKGC4vkX6MnUtixM8AQ=
-16,146,OdYAAD8dTQYRuVIt7fTfZ52fDfY=,c96BGq6UgKGC4vkX6MnUtixM8AQ=
-11,153,OdYAAD8dTQYRuVIt7fTfZ52fDfY=,c96BGq6UgKGC4vkX6MnUtixM8AQ=
-12,153,OdYAAD8dTQYRuVIt7fTfZ52fDfY=,c96BGq6UgKGC4vkX6MnUtixM8AQ=
-13,153,OdYAAD8dTQYRuVIt7fTfZ52fDfY=,c96BGq6UgKGC4vkX6MnUtixM8AQ=
-14,153,OdYAAD8dTQYRuVIt7fTfZ52fDfY=,c96BGq6UgKGC4vkX6MnUtixM8AQ=
-15,153,OdYAAD8dTQYRuVIt7fTfZ52fDfY=,c96BGq6UgKGC4vkX6MnUtixM8AQ=
-16,153,OdYAAD8dTQYRuVIt7fTfZ52fDfY=,c96BGq6UgKGC4vkX6MnUtixM8AQ=
-15,146,OdYAAD8dTQYRuVIt7fTfZ52fDfY=,c96BGq6UgKGC4vkX6MnUtixM8AQ=
-1,152,OdYAAD8dTQYRuVIt7fTfZ52fDfY=,c96BGq6UgKGC4vkX6MnUtixM8AQ=
-2,152,OdYAAD8dTQYRuVIt7fTfZ52fDfY=,c96BGq6UgKGC4vkX6MnUtixM8AQ=
-3,152,OdYAAD8dTQYRuVIt7fTfZ52fDfY=,c96BGq6UgKGC4vkX6MnUtixM8AQ=
-4,152,OdYAAD8dTQYRuVIt7fTfZ52fDfY=,c96BGq6UgKGC4vkX6MnUtixM8AQ=
-5,152,OdYAAD8dTQYRuVIt7fTfZ52fDfY=,c96BGq6UgKGC4vkX6MnUtixM8AQ=
-6,152,OdYAAD8dTQYRuVIt7fTfZ52fDfY=,c96BGq6UgKGC4vkX6MnUtixM8AQ=
-14,146,OdYAAD8dTQYRuVIt7fTfZ52fDfY=,c96BGq6UgKGC4vkX6MnUtixM8AQ=
-7,152,OdYAAD8dTQYRuVIt7fTfZ52fDfY=,c96BGq6UgKGC4vkX6MnUtixM8AQ=
-8,152,OdYAAD8dTQYRuVIt7fTfZ52fDfY=,c96BGq6UgKGC4vkX6MnUtixM8AQ=
-10,152,OdYAAD8dTQYRuVIt7fTfZ52fDfY=,c96BGq6UgKGC4vkX6MnUtixM8AQ=
-15,152,OdYAAD8dTQYRuVIt7fTfZ52fDfY=,c96BGq6UgKGC4vkX6MnUtixM8AQ=
-2,151,OdYAAD8dTQYRuVIt7fTfZ52fDfY=,c96BGq6UgKGC4vkX6MnUtixM8AQ=
-3,151,OdYAAD8dTQYRuVIt7fTfZ52fDfY=,c96BGq6UgKGC4vkX6MnUtixM8AQ=
-16,152,OdYAAD8dTQYRuVIt7fTfZ52fDfY=,c96BGq6UgKGC4vkX6MnUtixM8AQ=
-14,152,OdYAAD8dTQYRuVIt7fTfZ52fDfY=,c96BGq6UgKGC4vkX6MnUtixM8AQ=
-5,151,OdYAAD8dTQYRuVIt7fTfZ52fDfY=,c96BGq6UgKGC4vkX6MnUtixM8AQ=
-6,151,OdYAAD8dTQYRuVIt7fTfZ52fDfY=,c96BGq6UgKGC4vkX6MnUtixM8AQ=
-9,151,OdYAAD8dTQYRuVIt7fTfZ52fDfY=,c96BGq6UgKGC4vkX6MnUtixM8AQ=
-13,151,OdYAAD8dTQYRuVIt7fTfZ52fDfY=,c96BGq6UgKGC4vkX6MnUtixM8AQ=
-12,151,OdYAAD8dTQYRuVIt7fTfZ52fDfY=,c96BGq6UgKGC4vkX6MnUtixM8AQ=
-11,151,OdYAAD8dTQYRuVIt7fTfZ52fDfY=,c96BGq6UgKGC4vkX6MnUtixM8AQ=
-1,151,OdYAAD8dTQYRuVIt7fTfZ52fDfY=,c96BGq6UgKGC4vkX6MnUtixM8AQ=
-14,151,OdYAAD8dTQYRuVIt7fTfZ52fDfY=,c96BGq6UgKGC4vkX6MnUtixM8AQ=
-16,151,OdYAAD8dTQYRuVIt7fTfZ52fDfY=,c96BGq6UgKGC4vkX6MnUtixM8AQ=
-1,150,OdYAAD8dTQYRuVIt7fTfZ52fDfY=,c96BGq6UgKGC4vkX6MnUtixM8AQ=
-15,151,OdYAAD8dTQYRuVIt7fTfZ52fDfY=,c96BGq6UgKGC4vkX6MnUtixM8AQ=
-3,150,OdYAAD8dTQYRuVIt7fTfZ52fDfY=,c96BGq6UgKGC4vkX6MnUtixM8AQ=
-2,150,OdYAAD8dTQYRuVIt7fTfZ52fDfY=,c96BGq6UgKGC4vkX6MnUtixM8AQ=
-4,150,OdYAAD8dTQYRuVIt7fTfZ52fDfY=,c96BGq6UgKGC4vkX6MnUtixM8AQ=
-7,150,OdYAAD8dTQYRuVIt7fTfZ52fDfY=,c96BGq6UgKGC4vkX6MnUtixM8AQ=
-5,150,OdYAAD8dTQYRuVIt7fTfZ52fDfY=,c96BGq6UgKGC4vkX6MnUtixM8AQ=
-6,150,OdYAAD8dTQYRuVIt7fTfZ52fDfY=,c96BGq6UgKGC4vkX6MnUtixM8AQ=
-10,151,OdYAAD8dTQYRuVIt7fTfZ52fDfY=,c96BGq6UgKGC4vkX6MnUtixM8AQ=
-8,150,OdYAAD8dTQYRuVIt7fTfZ52fDfY=,c96BGq6UgKGC4vkX6MnUtixM8AQ=
-10,150,OdYAAD8dTQYRuVIt7fTfZ52fDfY=,c96BGq6UgKGC4vkX6MnUtixM8AQ=
-9,150,OdYAAD8dTQYRuVIt7fTfZ52fDfY=,c96BGq6UgKGC4vkX6MnUtixM8AQ=
-12,150,OdYAAD8dTQYRuVIt7fTfZ52fDfY=,c96BGq6UgKGC4vkX6MnUtixM8AQ=
-13,150,OdYAAD8dTQYRuVIt7fTfZ52fDfY=,c96BGq6UgKGC4vkX6MnUtixM8AQ=
-15,150,OdYAAD8dTQYRuVIt7fTfZ52fDfY=,c96BGq6UgKGC4vkX6MnUtixM8AQ=
-16,150,OdYAAD8dTQYRuVIt7fTfZ52fDfY=,c96BGq6UgKGC4vkX6MnUtixM8AQ=
-1,149,OdYAAD8dTQYRuVIt7fTfZ52fDfY=,c96BGq6UgKGC4vkX6MnUtixM8AQ=
-2,149,OdYAAD8dTQYRuVIt7fTfZ52fDfY=,c96BGq6UgKGC4vkX6MnUtixM8AQ=
-14,150,OdYAAD8dTQYRuVIt7fTfZ52fDfY=,c96BGq6UgKGC4vkX6MnUtixM8AQ=
-4,149,OdYAAD8dTQYRuVIt7fTfZ52fDfY=,c96BGq6UgKGC4vkX6MnUtixM8AQ=
-3,149,OdYAAD8dTQYRuVIt7fTfZ52fDfY=,c96BGq6UgKGC4vkX6MnUtixM8AQ=
-5,149,OdYAAD8dTQYRuVIt7fTfZ52fDfY=,c96BGq6UgKGC4vkX6MnUtixM8AQ=
-4,151,OdYAAD8dTQYRuVIt7fTfZ52fDfY=,c96BGq6UgKGC4vkX6MnUtixM8AQ=
-8,149,OdYAAD8dTQYRuVIt7fTfZ52fDfY=,c96BGq6UgKGC4vkX6MnUtixM8AQ=
-7,149,OdYAAD8dTQYRuVIt7fTfZ52fDfY=,c96BGq6UgKGC4vkX6MnUtixM8AQ=
-9,149,OdYAAD8dTQYRuVIt7fTfZ52fDfY=,c96BGq6UgKGC4vkX6MnUtixM8AQ=
-10,149,OdYAAD8dTQYRuVIt7fTfZ52fDfY=,c96BGq6UgKGC4vkX6MnUtixM8AQ=
-13,149,OdYAAD8dTQYRuVIt7fTfZ52fDfY=,c96BGq6UgKGC4vkX6MnUtixM8AQ=
-11,149,OdYAAD8dTQYRuVIt7fTfZ52fDfY=,c96BGq6UgKGC4vkX6MnUtixM8AQ=
-12,149,OdYAAD8dTQYRuVIt7fTfZ52fDfY=,c96BGq6UgKGC4vkX6MnUtixM8AQ=
-15,149,OdYAAD8dTQYRuVIt7fTfZ52fDfY=,c96BGq6UgKGC4vkX6MnUtixM8AQ=
-16,149,OdYAAD8dTQYRuVIt7fTfZ52fDfY=,c96BGq6UgKGC4vkX6MnUtixM8AQ=
-1,148,OdYAAD8dTQYRuVIt7fTfZ52fDfY=,c96BGq6UgKGC4vkX6MnUtixM8AQ=
-2,148,OdYAAD8dTQYRuVIt7fTfZ52fDfY=,c96BGq6UgKGC4vkX6MnUtixM8AQ=
-3,148,OdYAAD8dTQYRuVIt7fTfZ52fDfY=,c96BGq6UgKGC4vkX6MnUtixM8AQ=
-4,148,OdYAAD8dTQYRuVIt7fTfZ52fDfY=,c96BGq6UgKGC4vkX6MnUtixM8AQ=
-5,148,OdYAAD8dTQYRuVIt7fTfZ52fDfY=,c96BGq6UgKGC4vkX6MnUtixM8AQ=
-7,148,OdYAAD8dTQYRuVIt7fTfZ52fDfY=,c96BGq6UgKGC4vkX6MnUtixM8AQ=
-8,148,OdYAAD8dTQYRuVIt7fTfZ52fDfY=,c96BGq6UgKGC4vkX6MnUtixM8AQ=
-11,148,OdYAAD8dTQYRuVIt7fTfZ52fDfY=,c96BGq6UgKGC4vkX6MnUtixM8AQ=
-6,148,OdYAAD8dTQYRuVIt7fTfZ52fDfY=,c96BGq6UgKGC4vkX6MnUtixM8AQ=
-10,148,OdYAAD8dTQYRuVIt7fTfZ52fDfY=,c96BGq6UgKGC4vkX6MnUtixM8AQ=
-9,148,OdYAAD8dTQYRuVIt7fTfZ52fDfY=,c96BGq6UgKGC4vkX6MnUtixM8AQ=
-12,148,OdYAAD8dTQYRuVIt7fTfZ52fDfY=,c96BGq6UgKGC4vkX6MnUtixM8AQ=
-13,148,OdYAAD8dTQYRuVIt7fTfZ52fDfY=,c96BGq6UgKGC4vkX6MnUtixM8AQ=
-14,148,OdYAAD8dTQYRuVIt7fTfZ52fDfY=,c96BGq6UgKGC4vkX6MnUtixM8AQ=
-15,148,OdYAAD8dTQYRuVIt7fTfZ52fDfY=,c96BGq6UgKGC4vkX6MnUtixM8AQ=
-16,148,OdYAAD8dTQYRuVIt7fTfZ52fDfY=,c96BGq6UgKGC4vkX6MnUtixM8AQ=
-1,147,OdYAAD8dTQYRuVIt7fTfZ52fDfY=,c96BGq6UgKGC4vkX6MnUtixM8AQ=
-2,147,OdYAAD8dTQYRuVIt7fTfZ52fDfY=,c96BGq6UgKGC4vkX6MnUtixM8AQ=
-4,147,OdYAAD8dTQYRuVIt7fTfZ52fDfY=,c96BGq6UgKGC4vkX6MnUtixM8AQ=
-3,147,OdYAAD8dTQYRuVIt7fTfZ52fDfY=,c96BGq6UgKGC4vkX6MnUtixM8AQ=
-7,147,OdYAAD8dTQYRuVIt7fTfZ52fDfY=,c96BGq6UgKGC4vkX6MnUtixM8AQ=
-5,147,OdYAAD8dTQYRuVIt7fTfZ52fDfY=,c96BGq6UgKGC4vkX6MnUtixM8AQ=
-6,147,OdYAAD8dTQYRuVIt7fTfZ52fDfY=,c96BGq6UgKGC4vkX6MnUtixM8AQ=
-8,147,OdYAAD8dTQYRuVIt7fTfZ52fDfY=,c96BGq6UgKGC4vkX6MnUtixM8AQ=
-10,147,OdYAAD8dTQYRuVIt7fTfZ52fDfY=,c96BGq6UgKGC4vkX6MnUtixM8AQ=
-16,147,OdYAAD8dTQYRuVIt7fTfZ52fDfY=,c96BGq6UgKGC4vkX6MnUtixM8AQ=
-13,147,OdYAAD8dTQYRuVIt7fTfZ52fDfY=,c96BGq6UgKGC4vkX6MnUtixM8AQ=
-9,147,OdYAAD8dTQYRuVIt7fTfZ52fDfY=,c96BGq6UgKGC4vkX6MnUtixM8AQ=
-11,147,OdYAAD8dTQYRuVIt7fTfZ52fDfY=,c96BGq6UgKGC4vkX6MnUtixM8AQ=
-12,147,OdYAAD8dTQYRuVIt7fTfZ52fDfY=,c96BGq6UgKGC4vkX6MnUtixM8AQ=
-14,147,OdYAAD8dTQYRuVIt7fTfZ52fDfY=,c96BGq6UgKGC4vkX6MnUtixM8AQ=
-15,147,OdYAAD8dTQYRuVIt7fTfZ52fDfY=,c96BGq6UgKGC4vkX6MnUtixM8AQ=
-1,146,OdYAAD8dTQYRuVIt7fTfZ52fDfY=,c96BGq6UgKGC4vkX6MnUtixM8AQ=
-2,146,OdYAAD8dTQYRuVIt7fTfZ52fDfY=,c96BGq6UgKGC4vkX6MnUtixM8AQ=
-3,146,OdYAAD8dTQYRuVIt7fTfZ52fDfY=,c96BGq6UgKGC4vkX6MnUtixM8AQ=
-5,146,OdYAAD8dTQYRuVIt7fTfZ52fDfY=,c96BGq6UgKGC4vkX6MnUtixM8AQ=
-6,146,OdYAAD8dTQYRuVIt7fTfZ52fDfY=,c96BGq6UgKGC4vkX6MnUtixM8AQ=
-4,146,OdYAAD8dTQYRuVIt7fTfZ52fDfY=,c96BGq6UgKGC4vkX6MnUtixM8AQ=
-7,146,OdYAAD8dTQYRuVIt7fTfZ52fDfY=,c96BGq6UgKGC4vkX6MnUtixM8AQ=
-8,146,OdYAAD8dTQYRuVIt7fTfZ52fDfY=,c96BGq6UgKGC4vkX6MnUtixM8AQ=
-11,146,OdYAAD8dTQYRuVIt7fTfZ52fDfY=,c96BGq6UgKGC4vkX6MnUtixM8AQ=
-9,146,OdYAAD8dTQYRuVIt7fTfZ52fDfY=,c96BGq6UgKGC4vkX6MnUtixM8AQ=
-12,146,OdYAAD8dTQYRuVIt7fTfZ52fDfY=,c96BGq6UgKGC4vkX6MnUtixM8AQ=
-11,150,OdYAAD8dTQYRuVIt7fTfZ52fDfY=,c96BGq6UgKGC4vkX6MnUtixM8AQ=
-8,151,OdYAAD8dTQYRuVIt7fTfZ52fDfY=,c96BGq6UgKGC4vkX6MnUtixM8AQ=
-10,146,OdYAAD8dTQYRuVIt7fTfZ52fDfY=,c96BGq6UgKGC4vkX6MnUtixM8AQ=
-11,152,OdYAAD8dTQYRuVIt7fTfZ52fDfY=,c96BGq6UgKGC4vkX6MnUtixM8AQ=
-14,149,OdYAAD8dTQYRuVIt7fTfZ52fDfY=,c96BGq6UgKGC4vkX6MnUtixM8AQ=
-12,152,OdYAAD8dTQYRuVIt7fTfZ52fDfY=,c96BGq6UgKGC4vkX6MnUtixM8AQ=
-6,149,OdYAAD8dTQYRuVIt7fTfZ52fDfY=,c96BGq6UgKGC4vkX6MnUtixM8AQ=
-9,152,OdYAAD8dTQYRuVIt7fTfZ52fDfY=,c96BGq6UgKGC4vkX6MnUtixM8AQ=
-13,152,OdYAAD8dTQYRuVIt7fTfZ52fDfY=,c96BGq6UgKGC4vkX6MnUtixM8AQ=
-7,151,OdYAAD8dTQYRuVIt7fTfZ52fDfY=,c96BGq6UgKGC4vkX6MnUtixM8AQ=
-13,146,OdYAAD8dTQYRuVIt7fTfZ52fDfY=,c96BGq6UgKGC4vkX6MnUtixM8AQ=
-8,156,OdYAAD8dTQYRuVIt7fTfZ52fDfY=,c96BGq6UgKGC4vkX6MnUtixM8AQ=
