15,15,MVA6NhsIlujbZXASE8GN6QdZiVo=,wK4rQYCq5RktVv6keR/fUPM8+qU=
15,1,fsQVesUNphCga8rRRT1Msk3NXo4=,wK4rQYCq5RktVv6keR/fUPM8+qU=
12,2,fsQVesUNphCga8rRRT1Msk3NXo4=,wK4rQYCq5RktVv6keR/fUPM8+qU=
11,2,fsQVesUNphCga8rRRT1Msk3NXo4=,wK4rQYCq5RktVv6keR/fUPM8+qU=
13,2,fsQVesUNphCga8rRRT1Msk3NXo4=,wK4rQYCq5RktVv6keR/fUPM8+qU=
0,0,fsQVesUNphCga8rRRT1Msk3NXo4=,wK4rQYCq5RktVv6keR/fUPM8+qU=
10,2,fsQVesUNphCga8rRRT1Msk3NXo4=,wK4rQYCq5RktVv6keR/fUPM8+qU=
3,0,fsQVesUNphCga8rRRT1Msk3NXo4=,wK4rQYCq5RktVv6keR/fUPM8+qU=
9,2,fsQVesUNphCga8rRRT1Msk3NXo4=,wK4rQYCq5RktVv6keR/fUPM8+qU=
12,3,fsQVesUNphCga8rRRT1Msk3NXo4=,wK4rQYCq5RktVv6keR/fUPM8+qU=
8,2,fsQVesUNphCga8rRRT1Msk3NXo4=,wK4rQYCq5RktVv6keR/fUPM8+qU=
7,2,fsQVesUNphCga8rRRT1Msk3NXo4=,wK4rQYCq5RktVv6keR/fUPM8+qU=
6,2,fsQVesUNphCga8rRRT1Msk3NXo4=,wK4rQYCq5RktVv6keR/fUPM8+qU=
5,2,fsQVesUNphCga8rRRT1Msk3NXo4=,wK4rQYCq5RktVv6keR/fUPM8+qU=
4,2,fsQVesUNphCga8rRRT1Msk3NXo4=,wK4rQYCq5RktVv6keR/fUPM8+qU=
14,2,fsQVesUNphCga8rRRT1Msk3NXo4=,wK4rQYCq5RktVv6keR/fUPM8+qU=
2,2,fsQVesUNphCga8rRRT1Msk3NXo4=,wK4rQYCq5RktVv6keR/fUPM8+qU=
14,15,MVA6NhsIlujbZXASE8GN6QdZiVo=,wK4rQYCq5RktVv6keR/fUPM8+qU=
3,2,fsQVesUNphCga8rRRT1Msk3NXo4=,wK4rQYCq5RktVv6keR/fUPM8+qU=
1,2,fsQVesUNphCga8rRRT1Msk3NXo4=,wK4rQYCq5RktVv6keR/fUPM8+qU=
0,2,fsQVesUNphCga8rRRT1Msk3NXo4=,wK4rQYCq5RktVv6keR/fUPM8+qU=
2,0,fsQVesUNphCga8rRRT1Msk3NXo4=,wK4rQYCq5RktVv6keR/fUPM8+qU=
10,3,fsQVesUNphCga8rRRT1Msk3NXo4=,wK4rQYCq5RktVv6keR/fUPM8+qU=
4,0,fsQVesUNphCga8rRRT1Msk3NXo4=,wK4rQYCq5RktVv6keR/fUPM8+qU=
11,3,fsQVesUNphCga8rRRT1Msk3NXo4=,wK4rQYCq5RktVv6keR/fUPM8+qU=
13,15,MVA6NhsIlujbZXASE8GN6QdZiVo=,wK4rQYCq5RktVv6keR/fUPM8+qU=
12,15,MVA6NhsIlujbZXASE8GN6QdZiVo=,wK4rQYCq5RktVv6keR/fUPM8+qU=
11,15,MVA6NhsIlujbZXASE8GN6QdZiVo=,wK4rQYCq5RktVv6keR/fUPM8+qU=
9,15,fsQVesUNphCga8rRRT1Msk3NXo4=,wK4rQYCq5RktVv6keR/fUPM8+qU=
10,15,MVA6NhsIlujbZXASE8GN6QdZiVo=,wK4rQYCq5RktVv6keR/fUPM8+qU=
13,3,fsQVesUNphCga8rRRT1Msk3NXo4=,wK4rQYCq5RktVv6keR/fUPM8+qU=
8,15,fsQVesUNphCga8rRRT1Msk3NXo4=,wK4rQYCq5RktVv6keR/fUPM8+qU=
6,15,fsQVesUNphCga8rRRT1Msk3NXo4=,wK4rQYCq5RktVv6keR/fUPM8+qU=
7,15,fsQVesUNphCga8rRRT1Msk3NXo4=,wK4rQYCq5RktVv6keR/fUPM8+qU=
4,15,fsQVesUNphCga8rRRT1Msk3NXo4=,wK4rQYCq5RktVv6keR/fUPM8+qU=
5,15,fsQVesUNphCga8rRRT1Msk3NXo4=,wK4rQYCq5RktVv6keR/fUPM8+qU=
14,3,fsQVesUNphCga8rRRT1Msk3NXo4=,wK4rQYCq5RktVv6keR/fUPM8+qU=
2,15,fsQVesUNphCga8rRRT1Msk3NXo4=,wK4rQYCq5RktVv6keR/fUPM8+qU=
3,15,fsQVesUNphCga8rRRT1Msk3NXo4=,wK4rQYCq5RktVv6keR/fUPM8+qU=
14,1,fsQVesUNphCga8rRRT1Msk3NXo4=,wK4rQYCq5RktVv6keR/fUPM8+qU=
1,15,fsQVesUNphCga8rRRT1Msk3NXo4=,wK4rQYCq5RktVv6keR/fUPM8+qU=
15,3,fsQVesUNphCga8rRRT1Msk3NXo4=,wK4rQYCq5RktVv6keR/fUPM8+qU=
0,15,fsQVesUNphCga8rRRT1Msk3NXo4=,wK4rQYCq5RktVv6keR/fUPM8+qU=
14,14,fsQVesUNphCga8rRRT1Msk3NXo4=,wK4rQYCq5RktVv6keR/fUPM8+qU=
15,14,fsQVesUNphCga8rRRT1Msk3NXo4=,wK4rQYCq5RktVv6keR/fUPM8+qU=
11,14,fsQVesUNphCga8rRRT1Msk3NXo4=,wK4rQYCq5RktVv6keR/fUPM8+qU=
12,14,fsQVesUNphCga8rRRT1Msk3NXo4=,wK4rQYCq5RktVv6keR/fUPM8+qU=
13,14,fsQVesUNphCga8rRRT1Msk3NXo4=,wK4rQYCq5RktVv6keR/fUPM8+qU=
10,14,fsQVesUNphCga8rRRT1Msk3NXo4=,wK4rQYCq5RktVv6keR/fUPM8+qU=
9,14,fsQVesUNphCga8rRRT1Msk3NXo4=,wK4rQYCq5RktVv6keR/fUPM8+qU=
8,14,fsQVesUNphCga8rRRT1Msk3NXo4=,wK4rQYCq5RktVv6keR/fUPM8+qU=
7,14,fsQVesUNphCga8rRRT1Msk3NXo4=,wK4rQYCq5RktVv6keR/fUPM8+qU=
5,14,fsQVesUNphCga8rRRT1Msk3NXo4=,wK4rQYCq5RktVv6keR/fUPM8+qU=
6,14,fsQVesUNphCga8rRRT1Msk3NXo4=,wK4rQYCq5RktVv6keR/fUPM8+qU=
4,14,fsQVesUNphCga8rRRT1Msk3NXo4=,wK4rQYCq5RktVv6keR/fUPM8+qU=
1,4,fsQVesUNphCga8rRRT1Msk3NXo4=,wK4rQYCq5RktVv6keR/fUPM8+qU=
3,14,fsQVesUNphCga8rRRT1Msk3NXo4=,wK4rQYCq5RktVv6keR/fUPM8+qU=
2,14,fsQVesUNphCga8rRRT1Msk3NXo4=,wK4rQYCq5RktVv6keR/fUPM8+qU=
9,3,fsQVesUNphCga8rRRT1Msk3NXo4=,wK4rQYCq5RktVv6keR/fUPM8+qU=
1,14,fsQVesUNphCga8rRRT1Msk3NXo4=,wK4rQYCq5RktVv6keR/fUPM8+qU=
1,1,fsQVesUNphCga8rRRT1Msk3NXo4=,wK4rQYCq5RktVv6keR/fUPM8+qU=
2,4,fsQVesUNphCga8rRRT1Msk3NXo4=,wK4rQYCq5RktVv6keR/fUPM8+qU=
0,1,fsQVesUNphCga8rRRT1Msk3NXo4=,wK4rQYCq5RktVv6keR/fUPM8+qU=
1,0,fsQVesUNphCga8rRRT1Msk3NXo4=,wK4rQYCq5RktVv6keR/fUPM8+qU=
15,13,fsQVesUNphCga8rRRT1Msk3NXo4=,wK4rQYCq5RktVv6keR/fUPM8+qU=
0,14,fsQVesUNphCga8rRRT1Msk3NXo4=,wK4rQYCq5RktVv6keR/fUPM8+qU=
14,13,fsQVesUNphCga8rRRT1Msk3NXo4=,wK4rQYCq5RktVv6keR/fUPM8+qU=
13,13,fsQVesUNphCga8rRRT1Msk3NXo4=,wK4rQYCq5RktVv6keR/fUPM8+qU=
12,13,fsQVesUNphCga8rRRT1Msk3NXo4=,wK4rQYCq5RktVv6keR/fUPM8+qU=
3,4,fsQVesUNphCga8rRRT1Msk3NXo4=,wK4rQYCq5RktVv6keR/fUPM8+qU=
11,13,fsQVesUNphCga8rRRT1Msk3NXo4=,wK4rQYCq5RktVv6keR/fUPM8+qU=
10,13,fsQVesUNphCga8rRRT1Msk3NXo4=,wK4rQYCq5RktVv6keR/fUPM8+qU=
9,13,fsQVesUNphCga8rRRT1Msk3NXo4=,wK4rQYCq5RktVv6keR/fUPM8+qU=
8,13,fsQVesUNphCga8rRRT1Msk3NXo4=,wK4rQYCq5RktVv6keR/fUPM8+qU=
6,13,fsQVesUNphCga8rRRT1Msk3NXo4=,wK4rQYCq5RktVv6keR/fUPM8+qU=
7,13,fsQVesUNphCga8rRRT1Msk3NXo4=,wK4rQYCq5RktVv6keR/fUPM8+qU=
4,4,fsQVesUNphCga8rRRT1Msk3NXo4=,wK4rQYCq5RktVv6keR/fUPM8+qU=
5,13,fsQVesUNphCga8rRRT1Msk3NXo4=,wK4rQYCq5RktVv6keR/fUPM8+qU=
4,13,fsQVesUNphCga8rRRT1Msk3NXo4=,wK4rQYCq5RktVv6keR/fUPM8+qU=
3,13,fsQVesUNphCga8rRRT1Msk3NXo4=,wK4rQYCq5RktVv6keR/fUPM8+qU=
15,0,fsQVesUNphCga8rRRT1Msk3NXo4=,wK4rQYCq5RktVv6keR/fUPM8+qU=
8,3,fsQVesUNphCga8rRRT1Msk3NXo4=,wK4rQYCq5RktVv6keR/fUPM8+qU=
12,1,fsQVesUNphCga8rRRT1Msk3NXo4=,wK4rQYCq5RktVv6keR/fUPM8+qU=
13,1,fsQVesUNphCga8rRRT1Msk3NXo4=,wK4rQYCq5RktVv6keR/fUPM8+qU=
5,4,fsQVesUNphCga8rRRT1Msk3NXo4=,wK4rQYCq5RktVv6keR/fUPM8+qU=
2,13,fsQVesUNphCga8rRRT1Msk3NXo4=,wK4rQYCq5RktVv6keR/fUPM8+qU=
0,13,fsQVesUNphCga8rRRT1Msk3NXo4=,wK4rQYCq5RktVv6keR/fUPM8+qU=
1,13,fsQVesUNphCga8rRRT1Msk3NXo4=,wK4rQYCq5RktVv6keR/fUPM8+qU=
15,12,fsQVesUNphCga8rRRT1Msk3NXo4=,wK4rQYCq5RktVv6keR/fUPM8+qU=
14,12,fsQVesUNphCga8rRRT1Msk3NXo4=,wK4rQYCq5RktVv6keR/fUPM8+qU=
13,12,fsQVesUNphCga8rRRT1Msk3NXo4=,wK4rQYCq5RktVv6keR/fUPM8+qU=
6,4,fsQVesUNphCga8rRRT1Msk3NXo4=,wK4rQYCq5RktVv6keR/fUPM8+qU=
12,12,fsQVesUNphCga8rRRT1Msk3NXo4=,wK4rQYCq5RktVv6keR/fUPM8+qU=
10,12,fsQVesUNphCga8rRRT1Msk3NXo4=,wK4rQYCq5RktVv6keR/fUPM8+qU=
9,12,fsQVesUNphCga8rRRT1Msk3NXo4=,wK4rQYCq5RktVv6keR/fUPM8+qU=
11,12,fsQVesUNphCga8rRRT1Msk3NXo4=,wK4rQYCq5RktVv6keR/fUPM8+qU=
8,12,fsQVesUNphCga8rRRT1Msk3NXo4=,wK4rQYCq5RktVv6keR/fUPM8+qU=
7,12,fsQVesUNphCga8rRRT1Msk3NXo4=,wK4rQYCq5RktVv6keR/fUPM8+qU=
6,12,fsQVesUNphCga8rRRT1Msk3NXo4=,wK4rQYCq5RktVv6keR/fUPM8+qU=
7,4,fsQVesUNphCga8rRRT1Msk3NXo4=,wK4rQYCq5RktVv6keR/fUPM8+qU=
11,1,fsQVesUNphCga8rRRT1Msk3NXo4=,wK4rQYCq5RktVv6keR/fUPM8+qU=
14,0,fsQVesUNphCga8rRRT1Msk3NXo4=,wK4rQYCq5RktVv6keR/fUPM8+qU=
5,12,fsQVesUNphCga8rRRT1Msk3NXo4=,wK4rQYCq5RktVv6keR/fUPM8+qU=
8,4,fsQVesUNphCga8rRRT1Msk3NXo4=,wK4rQYCq5RktVv6keR/fUPM8+qU=
4,12,fsQVesUNphCga8rRRT1Msk3NXo4=,wK4rQYCq5RktVv6keR/fUPM8+qU=
7,3,fsQVesUNphCga8rRRT1Msk3NXo4=,wK4rQYCq5RktVv6keR/fUPM8+qU=
0,12,fsQVesUNphCga8rRRT1Msk3NXo4=,wK4rQYCq5RktVv6keR/fUPM8+qU=
1,12,fsQVesUNphCga8rRRT1Msk3NXo4=,wK4rQYCq5RktVv6keR/fUPM8+qU=
9,4,fsQVesUNphCga8rRRT1Msk3NXo4=,wK4rQYCq5RktVv6keR/fUPM8+qU=
3,12,fsQVesUNphCga8rRRT1Msk3NXo4=,wK4rQYCq5RktVv6keR/fUPM8+qU=
2,12,fsQVesUNphCga8rRRT1Msk3NXo4=,wK4rQYCq5RktVv6keR/fUPM8+qU=
15,11,fsQVesUNphCga8rRRT1Msk3NXo4=,wK4rQYCq5RktVv6keR/fUPM8+qU=
14,11,fsQVesUNphCga8rRRT1Msk3NXo4=,wK4rQYCq5RktVv6keR/fUPM8+qU=
13,11,fsQVesUNphCga8rRRT1Msk3NXo4=,wK4rQYCq5RktVv6keR/fUPM8+qU=
12,11,fsQVesUNphCga8rRRT1Msk3NXo4=,wK4rQYCq5RktVv6keR/fUPM8+qU=
10,4,fsQVesUNphCga8rRRT1Msk3NXo4=,wK4rQYCq5RktVv6keR/fUPM8+qU=
11,11,fsQVesUNphCga8rRRT1Msk3NXo4=,wK4rQYCq5RktVv6keR/fUPM8+qU=
9,11,fsQVesUNphCga8rRRT1Msk3NXo4=,wK4rQYCq5RktVv6keR/fUPM8+qU=
10,11,fsQVesUNphCga8rRRT1Msk3NXo4=,wK4rQYCq5RktVv6keR/fUPM8+qU=
8,11,fsQVesUNphCga8rRRT1Msk3NXo4=,wK4rQYCq5RktVv6keR/fUPM8+qU=
15,2,fsQVesUNphCga8rRRT1Msk3NXo4=,wK4rQYCq5RktVv6keR/fUPM8+qU=
7,11,fsQVesUNphCga8rRRT1Msk3NXo4=,wK4rQYCq5RktVv6keR/fUPM8+qU=
6,11,fsQVesUNphCga8rRRT1Msk3NXo4=,wK4rQYCq5RktVv6keR/fUPM8+qU=
5,11,fsQVesUNphCga8rRRT1Msk3NXo4=,wK4rQYCq5RktVv6keR/fUPM8+qU=
10,1,fsQVesUNphCga8rRRT1Msk3NXo4=,wK4rQYCq5RktVv6keR/fUPM8+qU=
13,0,fsQVesUNphCga8rRRT1Msk3NXo4=,wK4rQYCq5RktVv6keR/fUPM8+qU=
0,11,fsQVesUNphCga8rRRT1Msk3NXo4=,wK4rQYCq5RktVv6keR/fUPM8+qU=
6,3,fsQVesUNphCga8rRRT1Msk3NXo4=,wK4rQYCq5RktVv6keR/fUPM8+qU=
5,0,fsQVesUNphCga8rRRT1Msk3NXo4=,wK4rQYCq5RktVv6keR/fUPM8+qU=
4,11,fsQVesUNphCga8rRRT1Msk3NXo4=,wK4rQYCq5RktVv6keR/fUPM8+qU=
3,11,fsQVesUNphCga8rRRT1Msk3NXo4=,wK4rQYCq5RktVv6keR/fUPM8+qU=
2,11,fsQVesUNphCga8rRRT1Msk3NXo4=,wK4rQYCq5RktVv6keR/fUPM8+qU=
1,11,fsQVesUNphCga8rRRT1Msk3NXo4=,wK4rQYCq5RktVv6keR/fUPM8+qU=
15,10,fsQVesUNphCga8rRRT1Msk3NXo4=,wK4rQYCq5RktVv6keR/fUPM8+qU=
12,10,fsQVesUNphCga8rRRT1Msk3NXo4=,wK4rQYCq5RktVv6keR/fUPM8+qU=
11,4,fsQVesUNphCga8rRRT1Msk3NXo4=,wK4rQYCq5RktVv6keR/fUPM8+qU=
14,10,fsQVesUNphCga8rRRT1Msk3NXo4=,wK4rQYCq5RktVv6keR/fUPM8+qU=
13,10,fsQVesUNphCga8rRRT1Msk3NXo4=,wK4rQYCq5RktVv6keR/fUPM8+qU=
11,10,fsQVesUNphCga8rRRT1Msk3NXo4=,wK4rQYCq5RktVv6keR/fUPM8+qU=
10,10,fsQVesUNphCga8rRRT1Msk3NXo4=,wK4rQYCq5RktVv6keR/fUPM8+qU=
9,10,fsQVesUNphCga8rRRT1Msk3NXo4=,wK4rQYCq5RktVv6keR/fUPM8+qU=
8,10,fsQVesUNphCga8rRRT1Msk3NXo4=,wK4rQYCq5RktVv6keR/fUPM8+qU=
7,10,fsQVesUNphCga8rRRT1Msk3NXo4=,wK4rQYCq5RktVv6keR/fUPM8+qU=
6,0,fsQVesUNphCga8rRRT1Msk3NXo4=,wK4rQYCq5RktVv6keR/fUPM8+qU=
6,10,fsQVesUNphCga8rRRT1Msk3NXo4=,wK4rQYCq5RktVv6keR/fUPM8+qU=
12,0,fsQVesUNphCga8rRRT1Msk3NXo4=,wK4rQYCq5RktVv6keR/fUPM8+qU=
9,1,fsQVesUNphCga8rRRT1Msk3NXo4=,wK4rQYCq5RktVv6keR/fUPM8+qU=
5,10,fsQVesUNphCga8rRRT1Msk3NXo4=,wK4rQYCq5RktVv6keR/fUPM8+qU=
5,3,fsQVesUNphCga8rRRT1Msk3NXo4=,wK4rQYCq5RktVv6keR/fUPM8+qU=
2,1,fsQVesUNphCga8rRRT1Msk3NXo4=,wK4rQYCq5RktVv6keR/fUPM8+qU=
4,10,fsQVesUNphCga8rRRT1Msk3NXo4=,wK4rQYCq5RktVv6keR/fUPM8+qU=
3,10,fsQVesUNphCga8rRRT1Msk3NXo4=,wK4rQYCq5RktVv6keR/fUPM8+qU=
1,10,fsQVesUNphCga8rRRT1Msk3NXo4=,wK4rQYCq5RktVv6keR/fUPM8+qU=
2,10,fsQVesUNphCga8rRRT1Msk3NXo4=,wK4rQYCq5RktVv6keR/fUPM8+qU=
0,10,fsQVesUNphCga8rRRT1Msk3NXo4=,wK4rQYCq5RktVv6keR/fUPM8+qU=
15,9,fsQVesUNphCga8rRRT1Msk3NXo4=,wK4rQYCq5RktVv6keR/fUPM8+qU=
12,9,fsQVesUNphCga8rRRT1Msk3NXo4=,wK4rQYCq5RktVv6keR/fUPM8+qU=
12,4,fsQVesUNphCga8rRRT1Msk3NXo4=,wK4rQYCq5RktVv6keR/fUPM8+qU=
14,9,fsQVesUNphCga8rRRT1Msk3NXo4=,wK4rQYCq5RktVv6keR/fUPM8+qU=
13,9,fsQVesUNphCga8rRRT1Msk3NXo4=,wK4rQYCq5RktVv6keR/fUPM8+qU=
11,9,fsQVesUNphCga8rRRT1Msk3NXo4=,wK4rQYCq5RktVv6keR/fUPM8+qU=
10,9,fsQVesUNphCga8rRRT1Msk3NXo4=,wK4rQYCq5RktVv6keR/fUPM8+qU=
9,9,fsQVesUNphCga8rRRT1Msk3NXo4=,wK4rQYCq5RktVv6keR/fUPM8+qU=
13,4,fsQVesUNphCga8rRRT1Msk3NXo4=,wK4rQYCq5RktVv6keR/fUPM8+qU=
8,9,fsQVesUNphCga8rRRT1Msk3NXo4=,wK4rQYCq5RktVv6keR/fUPM8+qU=
11,0,fsQVesUNphCga8rRRT1Msk3NXo4=,wK4rQYCq5RktVv6keR/fUPM8+qU=
7,9,fsQVesUNphCga8rRRT1Msk3NXo4=,wK4rQYCq5RktVv6keR/fUPM8+qU=
8,1,fsQVesUNphCga8rRRT1Msk3NXo4=,wK4rQYCq5RktVv6keR/fUPM8+qU=
6,9,fsQVesUNphCga8rRRT1Msk3NXo4=,wK4rQYCq5RktVv6keR/fUPM8+qU=
4,3,fsQVesUNphCga8rRRT1Msk3NXo4=,wK4rQYCq5RktVv6keR/fUPM8+qU=
5,9,fsQVesUNphCga8rRRT1Msk3NXo4=,wK4rQYCq5RktVv6keR/fUPM8+qU=
14,4,fsQVesUNphCga8rRRT1Msk3NXo4=,wK4rQYCq5RktVv6keR/fUPM8+qU=
4,9,fsQVesUNphCga8rRRT1Msk3NXo4=,wK4rQYCq5RktVv6keR/fUPM8+qU=
3,9,fsQVesUNphCga8rRRT1Msk3NXo4=,wK4rQYCq5RktVv6keR/fUPM8+qU=
2,9,fsQVesUNphCga8rRRT1Msk3NXo4=,wK4rQYCq5RktVv6keR/fUPM8+qU=
1,9,fsQVesUNphCga8rRRT1Msk3NXo4=,wK4rQYCq5RktVv6keR/fUPM8+qU=
15,4,fsQVesUNphCga8rRRT1Msk3NXo4=,wK4rQYCq5RktVv6keR/fUPM8+qU=
0,9,fsQVesUNphCga8rRRT1Msk3NXo4=,wK4rQYCq5RktVv6keR/fUPM8+qU=
15,8,fsQVesUNphCga8rRRT1Msk3NXo4=,wK4rQYCq5RktVv6keR/fUPM8+qU=
14,8,fsQVesUNphCga8rRRT1Msk3NXo4=,wK4rQYCq5RktVv6keR/fUPM8+qU=
13,8,fsQVesUNphCga8rRRT1Msk3NXo4=,wK4rQYCq5RktVv6keR/fUPM8+qU=
0,5,fsQVesUNphCga8rRRT1Msk3NXo4=,wK4rQYCq5RktVv6keR/fUPM8+qU=
12,8,fsQVesUNphCga8rRRT1Msk3NXo4=,wK4rQYCq5RktVv6keR/fUPM8+qU=
11,8,fsQVesUNphCga8rRRT1Msk3NXo4=,wK4rQYCq5RktVv6keR/fUPM8+qU=
10,8,fsQVesUNphCga8rRRT1Msk3NXo4=,wK4rQYCq5RktVv6keR/fUPM8+qU=
9,8,fsQVesUNphCga8rRRT1Msk3NXo4=,wK4rQYCq5RktVv6keR/fUPM8+qU=
8,8,fsQVesUNphCga8rRRT1Msk3NXo4=,wK4rQYCq5RktVv6keR/fUPM8+qU=
10,0,fsQVesUNphCga8rRRT1Msk3NXo4=,wK4rQYCq5RktVv6keR/fUPM8+qU=
7,8,fsQVesUNphCga8rRRT1Msk3NXo4=,wK4rQYCq5RktVv6keR/fUPM8+qU=
1,5,fsQVesUNphCga8rRRT1Msk3NXo4=,wK4rQYCq5RktVv6keR/fUPM8+qU=
3,3,fsQVesUNphCga8rRRT1Msk3NXo4=,wK4rQYCq5RktVv6keR/fUPM8+qU=
7,1,fsQVesUNphCga8rRRT1Msk3NXo4=,wK4rQYCq5RktVv6keR/fUPM8+qU=
2,5,fsQVesUNphCga8rRRT1Msk3NXo4=,wK4rQYCq5RktVv6keR/fUPM8+qU=
6,8,fsQVesUNphCga8rRRT1Msk3NXo4=,wK4rQYCq5RktVv6keR/fUPM8+qU=
5,8,fsQVesUNphCga8rRRT1Msk3NXo4=,wK4rQYCq5RktVv6keR/fUPM8+qU=
3,8,fsQVesUNphCga8rRRT1Msk3NXo4=,wK4rQYCq5RktVv6keR/fUPM8+qU=
4,8,fsQVesUNphCga8rRRT1Msk3NXo4=,wK4rQYCq5RktVv6keR/fUPM8+qU=
3,5,fsQVesUNphCga8rRRT1Msk3NXo4=,wK4rQYCq5RktVv6keR/fUPM8+qU=
2,8,fsQVesUNphCga8rRRT1Msk3NXo4=,wK4rQYCq5RktVv6keR/fUPM8+qU=
1,8,fsQVesUNphCga8rRRT1Msk3NXo4=,wK4rQYCq5RktVv6keR/fUPM8+qU=
0,8,fsQVesUNphCga8rRRT1Msk3NXo4=,wK4rQYCq5RktVv6keR/fUPM8+qU=
15,7,fsQVesUNphCga8rRRT1Msk3NXo4=,wK4rQYCq5RktVv6keR/fUPM8+qU=
4,5,fsQVesUNphCga8rRRT1Msk3NXo4=,wK4rQYCq5RktVv6keR/fUPM8+qU=
14,7,fsQVesUNphCga8rRRT1Msk3NXo4=,wK4rQYCq5RktVv6keR/fUPM8+qU=
13,7,fsQVesUNphCga8rRRT1Msk3NXo4=,wK4rQYCq5RktVv6keR/fUPM8+qU=
12,7,fsQVesUNphCga8rRRT1Msk3NXo4=,wK4rQYCq5RktVv6keR/fUPM8+qU=
10,7,fsQVesUNphCga8rRRT1Msk3NXo4=,wK4rQYCq5RktVv6keR/fUPM8+qU=
11,7,fsQVesUNphCga8rRRT1Msk3NXo4=,wK4rQYCq5RktVv6keR/fUPM8+qU=
9,7,fsQVesUNphCga8rRRT1Msk3NXo4=,wK4rQYCq5RktVv6keR/fUPM8+qU=
5,5,fsQVesUNphCga8rRRT1Msk3NXo4=,wK4rQYCq5RktVv6keR/fUPM8+qU=
9,0,fsQVesUNphCga8rRRT1Msk3NXo4=,wK4rQYCq5RktVv6keR/fUPM8+qU=
8,7,fsQVesUNphCga8rRRT1Msk3NXo4=,wK4rQYCq5RktVv6keR/fUPM8+qU=
6,1,fsQVesUNphCga8rRRT1Msk3NXo4=,wK4rQYCq5RktVv6keR/fUPM8+qU=
6,5,fsQVesUNphCga8rRRT1Msk3NXo4=,wK4rQYCq5RktVv6keR/fUPM8+qU=
6,7,fsQVesUNphCga8rRRT1Msk3NXo4=,wK4rQYCq5RktVv6keR/fUPM8+qU=
2,3,fsQVesUNphCga8rRRT1Msk3NXo4=,wK4rQYCq5RktVv6keR/fUPM8+qU=
7,7,fsQVesUNphCga8rRRT1Msk3NXo4=,wK4rQYCq5RktVv6keR/fUPM8+qU=
5,7,fsQVesUNphCga8rRRT1Msk3NXo4=,wK4rQYCq5RktVv6keR/fUPM8+qU=
7,5,fsQVesUNphCga8rRRT1Msk3NXo4=,wK4rQYCq5RktVv6keR/fUPM8+qU=
4,7,fsQVesUNphCga8rRRT1Msk3NXo4=,wK4rQYCq5RktVv6keR/fUPM8+qU=
3,7,fsQVesUNphCga8rRRT1Msk3NXo4=,wK4rQYCq5RktVv6keR/fUPM8+qU=
2,7,fsQVesUNphCga8rRRT1Msk3NXo4=,wK4rQYCq5RktVv6keR/fUPM8+qU=
0,7,fsQVesUNphCga8rRRT1Msk3NXo4=,wK4rQYCq5RktVv6keR/fUPM8+qU=
8,5,fsQVesUNphCga8rRRT1Msk3NXo4=,wK4rQYCq5RktVv6keR/fUPM8+qU=
1,7,fsQVesUNphCga8rRRT1Msk3NXo4=,wK4rQYCq5RktVv6keR/fUPM8+qU=
15,6,fsQVesUNphCga8rRRT1Msk3NXo4=,wK4rQYCq5RktVv6keR/fUPM8+qU=
14,6,fsQVesUNphCga8rRRT1Msk3NXo4=,wK4rQYCq5RktVv6keR/fUPM8+qU=
13,6,fsQVesUNphCga8rRRT1Msk3NXo4=,wK4rQYCq5RktVv6keR/fUPM8+qU=
12,6,fsQVesUNphCga8rRRT1Msk3NXo4=,wK4rQYCq5RktVv6keR/fUPM8+qU=
9,5,fsQVesUNphCga8rRRT1Msk3NXo4=,wK4rQYCq5RktVv6keR/fUPM8+qU=
11,6,fsQVesUNphCga8rRRT1Msk3NXo4=,wK4rQYCq5RktVv6keR/fUPM8+qU=
10,6,fsQVesUNphCga8rRRT1Msk3NXo4=,wK4rQYCq5RktVv6keR/fUPM8+qU=
8,0,fsQVesUNphCga8rRRT1Msk3NXo4=,wK4rQYCq5RktVv6keR/fUPM8+qU=
0,3,fsQVesUNphCga8rRRT1Msk3NXo4=,wK4rQYCq5RktVv6keR/fUPM8+qU=
9,6,fsQVesUNphCga8rRRT1Msk3NXo4=,wK4rQYCq5RktVv6keR/fUPM8+qU=
5,1,fsQVesUNphCga8rRRT1Msk3NXo4=,wK4rQYCq5RktVv6keR/fUPM8+qU=
1,3,fsQVesUNphCga8rRRT1Msk3NXo4=,wK4rQYCq5RktVv6keR/fUPM8+qU=
8,6,fsQVesUNphCga8rRRT1Msk3NXo4=,wK4rQYCq5RktVv6keR/fUPM8+qU=
4,1,fsQVesUNphCga8rRRT1Msk3NXo4=,wK4rQYCq5RktVv6keR/fUPM8+qU=
7,6,fsQVesUNphCga8rRRT1Msk3NXo4=,wK4rQYCq5RktVv6keR/fUPM8+qU=
7,0,fsQVesUNphCga8rRRT1Msk3NXo4=,wK4rQYCq5RktVv6keR/fUPM8+qU=
6,6,fsQVesUNphCga8rRRT1Msk3NXo4=,wK4rQYCq5RktVv6keR/fUPM8+qU=
5,6,fsQVesUNphCga8rRRT1Msk3NXo4=,wK4rQYCq5RktVv6keR/fUPM8+qU=
10,5,fsQVesUNphCga8rRRT1Msk3NXo4=,wK4rQYCq5RktVv6keR/fUPM8+qU=
4,6,fsQVesUNphCga8rRRT1Msk3NXo4=,wK4rQYCq5RktVv6keR/fUPM8+qU=
3,6,fsQVesUNphCga8rRRT1Msk3NXo4=,wK4rQYCq5RktVv6keR/fUPM8+qU=
2,6,fsQVesUNphCga8rRRT1Msk3NXo4=,wK4rQYCq5RktVv6keR/fUPM8+qU=
1,6,fsQVesUNphCga8rRRT1Msk3NXo4=,wK4rQYCq5RktVv6keR/fUPM8+qU=
15,5,fsQVesUNphCga8rRRT1Msk3NXo4=,wK4rQYCq5RktVv6keR/fUPM8+qU=
3,1,fsQVesUNphCga8rRRT1Msk3NXo4=,wK4rQYCq5RktVv6keR/fUPM8+qU=
0,6,fsQVesUNphCga8rRRT1Msk3NXo4=,wK4rQYCq5RktVv6keR/fUPM8+qU=
14,5,fsQVesUNphCga8rRRT1Msk3NXo4=,wK4rQYCq5RktVv6keR/fUPM8+qU=
11,5,fsQVesUNphCga8rRRT1Msk3NXo4=,wK4rQYCq5RktVv6keR/fUPM8+qU=
12,5,fsQVesUNphCga8rRRT1Msk3NXo4=,wK4rQYCq5RktVv6keR/fUPM8+qU=
13,5,fsQVesUNphCga8rRRT1Msk3NXo4=,wK4rQYCq5RktVv6keR/fUPM8+qU=
0,4,fsQVesUNphCga8rRRT1Msk3NXo4=,wK4rQYCq5RktVv6keR/fUPM8+qU=
31,15,fsQVesUNphCga8rRRT1Msk3NXo4=,wK4rQYCq5RktVv6keR/fUPM8+qU=
30,15,fsQVesUNphCga8rRRT1Msk3NXo4=,wK4rQYCq5RktVv6keR/fUPM8+qU=
29,15,fsQVesUNphCga8rRRT1Msk3NXo4=,wK4rQYCq5RktVv6keR/fUPM8+qU=
28,15,fsQVesUNphCga8rRRT1Msk3NXo4=,wK4rQYCq5RktVv6keR/fUPM8+qU=
27,15,fsQVesUNphCga8rRRT1Msk3NXo4=,wK4rQYCq5RktVv6keR/fUPM8+qU=
26,15,fsQVesUNphCga8rRRT1Msk3NXo4=,wK4rQYCq5RktVv6keR/fUPM8+qU=
25,15,fsQVesUNphCga8rRRT1Msk3NXo4=,wK4rQYCq5RktVv6keR/fUPM8+qU=
24,15,fsQVesUNphCga8rRRT1Msk3NXo4=,wK4rQYCq5RktVv6keR/fUPM8+qU=
23,15,fsQVesUNphCga8rRRT1Msk3NXo4=,wK4rQYCq5RktVv6keR/fUPM8+qU=
31,0,fsQVesUNphCga8rRRT1Msk3NXo4=,wK4rQYCq5RktVv6keR/fUPM8+qU=
29,14,fsQVesUNphCga8rRRT1Msk3NXo4=,wK4rQYCq5RktVv6keR/fUPM8+qU=
31,14,fsQVesUNphCga8rRRT1Msk3NXo4=,wK4rQYCq5RktVv6keR/fUPM8+qU=
28,14,fsQVesUNphCga8rRRT1Msk3NXo4=,wK4rQYCq5RktVv6keR/fUPM8+qU=
30,14,fsQVesUNphCga8rRRT1Msk3NXo4=,wK4rQYCq5RktVv6keR/fUPM8+qU=
26,14,fsQVesUNphCga8rRRT1Msk3NXo4=,wK4rQYCq5RktVv6keR/fUPM8+qU=
27,14,fsQVesUNphCga8rRRT1Msk3NXo4=,wK4rQYCq5RktVv6keR/fUPM8+qU=
25,14,fsQVesUNphCga8rRRT1Msk3NXo4=,wK4rQYCq5RktVv6keR/fUPM8+qU=
23,14,fsQVesUNphCga8rRRT1Msk3NXo4=,wK4rQYCq5RktVv6keR/fUPM8+qU=
24,14,fsQVesUNphCga8rRRT1Msk3NXo4=,wK4rQYCq5RktVv6keR/fUPM8+qU=
22,15,fsQVesUNphCga8rRRT1Msk3NXo4=,wK4rQYCq5RktVv6keR/fUPM8+qU=
16,0,fsQVesUNphCga8rRRT1Msk3NXo4=,wK4rQYCq5RktVv6keR/fUPM8+qU=
22,14,fsQVesUNphCga8rRRT1Msk3NXo4=,wK4rQYCq5RktVv6keR/fUPM8+qU=
19,15,fsQVesUNphCga8rRRT1Msk3NXo4=,wK4rQYCq5RktVv6keR/fUPM8+qU=
20,15,fsQVesUNphCga8rRRT1Msk3NXo4=,wK4rQYCq5RktVv6keR/fUPM8+qU=
21,14,fsQVesUNphCga8rRRT1Msk3NXo4=,wK4rQYCq5RktVv6keR/fUPM8+qU=
30,13,fsQVesUNphCga8rRRT1Msk3NXo4=,wK4rQYCq5RktVv6keR/fUPM8+qU=
16,15,fsQVesUNphCga8rRRT1Msk3NXo4=,wK4rQYCq5RktVv6keR/fUPM8+qU=
30,0,fsQVesUNphCga8rRRT1Msk3NXo4=,wK4rQYCq5RktVv6keR/fUPM8+qU=
31,13,fsQVesUNphCga8rRRT1Msk3NXo4=,wK4rQYCq5RktVv6keR/fUPM8+qU=
29,13,fsQVesUNphCga8rRRT1Msk3NXo4=,wK4rQYCq5RktVv6keR/fUPM8+qU=
28,13,fsQVesUNphCga8rRRT1Msk3NXo4=,wK4rQYCq5RktVv6keR/fUPM8+qU=
27,13,fsQVesUNphCga8rRRT1Msk3NXo4=,wK4rQYCq5RktVv6keR/fUPM8+qU=
25,13,fsQVesUNphCga8rRRT1Msk3NXo4=,wK4rQYCq5RktVv6keR/fUPM8+qU=
26,13,fsQVesUNphCga8rRRT1Msk3NXo4=,wK4rQYCq5RktVv6keR/fUPM8+qU=
24,13,fsQVesUNphCga8rRRT1Msk3NXo4=,wK4rQYCq5RktVv6keR/fUPM8+qU=
23,13,fsQVesUNphCga8rRRT1Msk3NXo4=,wK4rQYCq5RktVv6keR/fUPM8+qU=
20,14,fsQVesUNphCga8rRRT1Msk3NXo4=,wK4rQYCq5RktVv6keR/fUPM8+qU=
16,1,fsQVesUNphCga8rRRT1Msk3NXo4=,wK4rQYCq5RktVv6keR/fUPM8+qU=
19,14,fsQVesUNphCga8rRRT1Msk3NXo4=,wK4rQYCq5RktVv6keR/fUPM8+qU=
17,14,fsQVesUNphCga8rRRT1Msk3NXo4=,wK4rQYCq5RktVv6keR/fUPM8+qU=
18,14,fsQVesUNphCga8rRRT1Msk3NXo4=,wK4rQYCq5RktVv6keR/fUPM8+qU=
22,13,fsQVesUNphCga8rRRT1Msk3NXo4=,wK4rQYCq5RktVv6keR/fUPM8+qU=
16,14,fsQVesUNphCga8rRRT1Msk3NXo4=,wK4rQYCq5RktVv6keR/fUPM8+qU=
21,13,fsQVesUNphCga8rRRT1Msk3NXo4=,wK4rQYCq5RktVv6keR/fUPM8+qU=
31,12,fsQVesUNphCga8rRRT1Msk3NXo4=,wK4rQYCq5RktVv6keR/fUPM8+qU=
30,12,fsQVesUNphCga8rRRT1Msk3NXo4=,wK4rQYCq5RktVv6keR/fUPM8+qU=
29,0,fsQVesUNphCga8rRRT1Msk3NXo4=,wK4rQYCq5RktVv6keR/fUPM8+qU=
29,12,fsQVesUNphCga8rRRT1Msk3NXo4=,wK4rQYCq5RktVv6keR/fUPM8+qU=
28,12,fsQVesUNphCga8rRRT1Msk3NXo4=,wK4rQYCq5RktVv6keR/fUPM8+qU=
28,0,fsQVesUNphCga8rRRT1Msk3NXo4=,wK4rQYCq5RktVv6keR/fUPM8+qU=
27,12,fsQVesUNphCga8rRRT1Msk3NXo4=,wK4rQYCq5RktVv6keR/fUPM8+qU=
26,12,fsQVesUNphCga8rRRT1Msk3NXo4=,wK4rQYCq5RktVv6keR/fUPM8+qU=
24,12,fsQVesUNphCga8rRRT1Msk3NXo4=,wK4rQYCq5RktVv6keR/fUPM8+qU=
23,12,fsQVesUNphCga8rRRT1Msk3NXo4=,wK4rQYCq5RktVv6keR/fUPM8+qU=
25,12,fsQVesUNphCga8rRRT1Msk3NXo4=,wK4rQYCq5RktVv6keR/fUPM8+qU=
20,13,fsQVesUNphCga8rRRT1Msk3NXo4=,wK4rQYCq5RktVv6keR/fUPM8+qU=
17,1,fsQVesUNphCga8rRRT1Msk3NXo4=,wK4rQYCq5RktVv6keR/fUPM8+qU=
18,13,fsQVesUNphCga8rRRT1Msk3NXo4=,wK4rQYCq5RktVv6keR/fUPM8+qU=
19,13,fsQVesUNphCga8rRRT1Msk3NXo4=,wK4rQYCq5RktVv6keR/fUPM8+qU=
16,13,fsQVesUNphCga8rRRT1Msk3NXo4=,wK4rQYCq5RktVv6keR/fUPM8+qU=
22,12,fsQVesUNphCga8rRRT1Msk3NXo4=,wK4rQYCq5RktVv6keR/fUPM8+qU=
17,13,fsQVesUNphCga8rRRT1Msk3NXo4=,wK4rQYCq5RktVv6keR/fUPM8+qU=
18,1,fsQVesUNphCga8rRRT1Msk3NXo4=,wK4rQYCq5RktVv6keR/fUPM8+qU=
21,12,fsQVesUNphCga8rRRT1Msk3NXo4=,wK4rQYCq5RktVv6keR/fUPM8+qU=
30,11,fsQVesUNphCga8rRRT1Msk3NXo4=,wK4rQYCq5RktVv6keR/fUPM8+qU=
31,11,fsQVesUNphCga8rRRT1Msk3NXo4=,wK4rQYCq5RktVv6keR/fUPM8+qU=
29,11,fsQVesUNphCga8rRRT1Msk3NXo4=,wK4rQYCq5RktVv6keR/fUPM8+qU=
28,11,fsQVesUNphCga8rRRT1Msk3NXo4=,wK4rQYCq5RktVv6keR/fUPM8+qU=
27,11,fsQVesUNphCga8rRRT1Msk3NXo4=,wK4rQYCq5RktVv6keR/fUPM8+qU=
26,11,fsQVesUNphCga8rRRT1Msk3NXo4=,wK4rQYCq5RktVv6keR/fUPM8+qU=
25,11,fsQVesUNphCga8rRRT1Msk3NXo4=,wK4rQYCq5RktVv6keR/fUPM8+qU=
27,0,fsQVesUNphCga8rRRT1Msk3NXo4=,wK4rQYCq5RktVv6keR/fUPM8+qU=
24,11,fsQVesUNphCga8rRRT1Msk3NXo4=,wK4rQYCq5RktVv6keR/fUPM8+qU=
23,11,fsQVesUNphCga8rRRT1Msk3NXo4=,wK4rQYCq5RktVv6keR/fUPM8+qU=
20,12,fsQVesUNphCga8rRRT1Msk3NXo4=,wK4rQYCq5RktVv6keR/fUPM8+qU=
19,12,fsQVesUNphCga8rRRT1Msk3NXo4=,wK4rQYCq5RktVv6keR/fUPM8+qU=
18,12,fsQVesUNphCga8rRRT1Msk3NXo4=,wK4rQYCq5RktVv6keR/fUPM8+qU=
17,12,fsQVesUNphCga8rRRT1Msk3NXo4=,wK4rQYCq5RktVv6keR/fUPM8+qU=
16,12,fsQVesUNphCga8rRRT1Msk3NXo4=,wK4rQYCq5RktVv6keR/fUPM8+qU=
22,11,fsQVesUNphCga8rRRT1Msk3NXo4=,wK4rQYCq5RktVv6keR/fUPM8+qU=
19,1,fsQVesUNphCga8rRRT1Msk3NXo4=,wK4rQYCq5RktVv6keR/fUPM8+qU=
21,11,fsQVesUNphCga8rRRT1Msk3NXo4=,wK4rQYCq5RktVv6keR/fUPM8+qU=
31,10,fsQVesUNphCga8rRRT1Msk3NXo4=,wK4rQYCq5RktVv6keR/fUPM8+qU=
30,10,fsQVesUNphCga8rRRT1Msk3NXo4=,wK4rQYCq5RktVv6keR/fUPM8+qU=
19,11,fsQVesUNphCga8rRRT1Msk3NXo4=,wK4rQYCq5RktVv6keR/fUPM8+qU=
20,11,fsQVesUNphCga8rRRT1Msk3NXo4=,wK4rQYCq5RktVv6keR/fUPM8+qU=
29,10,fsQVesUNphCga8rRRT1Msk3NXo4=,wK4rQYCq5RktVv6keR/fUPM8+qU=
27,10,fsQVesUNphCga8rRRT1Msk3NXo4=,wK4rQYCq5RktVv6keR/fUPM8+qU=
28,10,fsQVesUNphCga8rRRT1Msk3NXo4=,wK4rQYCq5RktVv6keR/fUPM8+qU=
26,10,fsQVesUNphCga8rRRT1Msk3NXo4=,wK4rQYCq5RktVv6keR/fUPM8+qU=
25,10,fsQVesUNphCga8rRRT1Msk3NXo4=,wK4rQYCq5RktVv6keR/fUPM8+qU=
24,10,fsQVesUNphCga8rRRT1Msk3NXo4=,wK4rQYCq5RktVv6keR/fUPM8+qU=
23,10,fsQVesUNphCga8rRRT1Msk3NXo4=,wK4rQYCq5RktVv6keR/fUPM8+qU=
26,0,fsQVesUNphCga8rRRT1Msk3NXo4=,wK4rQYCq5RktVv6keR/fUPM8+qU=
18,11,fsQVesUNphCga8rRRT1Msk3NXo4=,wK4rQYCq5RktVv6keR/fUPM8+qU=
16,11,fsQVesUNphCga8rRRT1Msk3NXo4=,wK4rQYCq5RktVv6keR/fUPM8+qU=
17,11,fsQVesUNphCga8rRRT1Msk3NXo4=,wK4rQYCq5RktVv6keR/fUPM8+qU=
20,1,fsQVesUNphCga8rRRT1Msk3NXo4=,wK4rQYCq5RktVv6keR/fUPM8+qU=
22,10,fsQVesUNphCga8rRRT1Msk3NXo4=,wK4rQYCq5RktVv6keR/fUPM8+qU=
21,10,fsQVesUNphCga8rRRT1Msk3NXo4=,wK4rQYCq5RktVv6keR/fUPM8+qU=
31,9,fsQVesUNphCga8rRRT1Msk3NXo4=,wK4rQYCq5RktVv6keR/fUPM8+qU=
30,9,fsQVesUNphCga8rRRT1Msk3NXo4=,wK4rQYCq5RktVv6keR/fUPM8+qU=
29,9,fsQVesUNphCga8rRRT1Msk3NXo4=,wK4rQYCq5RktVv6keR/fUPM8+qU=
20,10,fsQVesUNphCga8rRRT1Msk3NXo4=,wK4rQYCq5RktVv6keR/fUPM8+qU=
28,9,fsQVesUNphCga8rRRT1Msk3NXo4=,wK4rQYCq5RktVv6keR/fUPM8+qU=
26,9,fsQVesUNphCga8rRRT1Msk3NXo4=,wK4rQYCq5RktVv6keR/fUPM8+qU=
27,9,fsQVesUNphCga8rRRT1Msk3NXo4=,wK4rQYCq5RktVv6keR/fUPM8+qU=
25,9,fsQVesUNphCga8rRRT1Msk3NXo4=,wK4rQYCq5RktVv6keR/fUPM8+qU=
24,9,fsQVesUNphCga8rRRT1Msk3NXo4=,wK4rQYCq5RktVv6keR/fUPM8+qU=
23,9,fsQVesUNphCga8rRRT1Msk3NXo4=,wK4rQYCq5RktVv6keR/fUPM8+qU=
19,10,fsQVesUNphCga8rRRT1Msk3NXo4=,wK4rQYCq5RktVv6keR/fUPM8+qU=
25,0,fsQVesUNphCga8rRRT1Msk3NXo4=,wK4rQYCq5RktVv6keR/fUPM8+qU=
16,10,fsQVesUNphCga8rRRT1Msk3NXo4=,wK4rQYCq5RktVv6keR/fUPM8+qU=
18,10,fsQVesUNphCga8rRRT1Msk3NXo4=,wK4rQYCq5RktVv6keR/fUPM8+qU=
17,10,fsQVesUNphCga8rRRT1Msk3NXo4=,wK4rQYCq5RktVv6keR/fUPM8+qU=
21,1,fsQVesUNphCga8rRRT1Msk3NXo4=,wK4rQYCq5RktVv6keR/fUPM8+qU=
21,9,fsQVesUNphCga8rRRT1Msk3NXo4=,wK4rQYCq5RktVv6keR/fUPM8+qU=
22,9,fsQVesUNphCga8rRRT1Msk3NXo4=,wK4rQYCq5RktVv6keR/fUPM8+qU=
31,8,fsQVesUNphCga8rRRT1Msk3NXo4=,wK4rQYCq5RktVv6keR/fUPM8+qU=
30,8,fsQVesUNphCga8rRRT1Msk3NXo4=,wK4rQYCq5RktVv6keR/fUPM8+qU=
29,8,fsQVesUNphCga8rRRT1Msk3NXo4=,wK4rQYCq5RktVv6keR/fUPM8+qU=
28,8,fsQVesUNphCga8rRRT1Msk3NXo4=,wK4rQYCq5RktVv6keR/fUPM8+qU=
27,8,fsQVesUNphCga8rRRT1Msk3NXo4=,wK4rQYCq5RktVv6keR/fUPM8+qU=
26,8,fsQVesUNphCga8rRRT1Msk3NXo4=,wK4rQYCq5RktVv6keR/fUPM8+qU=
25,8,fsQVesUNphCga8rRRT1Msk3NXo4=,wK4rQYCq5RktVv6keR/fUPM8+qU=
24,8,fsQVesUNphCga8rRRT1Msk3NXo4=,wK4rQYCq5RktVv6keR/fUPM8+qU=
23,8,fsQVesUNphCga8rRRT1Msk3NXo4=,wK4rQYCq5RktVv6keR/fUPM8+qU=
19,9,fsQVesUNphCga8rRRT1Msk3NXo4=,wK4rQYCq5RktVv6keR/fUPM8+qU=
18,9,fsQVesUNphCga8rRRT1Msk3NXo4=,wK4rQYCq5RktVv6keR/fUPM8+qU=
20,9,fsQVesUNphCga8rRRT1Msk3NXo4=,wK4rQYCq5RktVv6keR/fUPM8+qU=
22,8,fsQVesUNphCga8rRRT1Msk3NXo4=,wK4rQYCq5RktVv6keR/fUPM8+qU=
24,0,fsQVesUNphCga8rRRT1Msk3NXo4=,wK4rQYCq5RktVv6keR/fUPM8+qU=
17,0,fsQVesUNphCga8rRRT1Msk3NXo4=,wK4rQYCq5RktVv6keR/fUPM8+qU=
17,9,fsQVesUNphCga8rRRT1Msk3NXo4=,wK4rQYCq5RktVv6keR/fUPM8+qU=
22,1,fsQVesUNphCga8rRRT1Msk3NXo4=,wK4rQYCq5RktVv6keR/fUPM8+qU=
23,1,fsQVesUNphCga8rRRT1Msk3NXo4=,wK4rQYCq5RktVv6keR/fUPM8+qU=
24,1,fsQVesUNphCga8rRRT1Msk3NXo4=,wK4rQYCq5RktVv6keR/fUPM8+qU=
25,1,fsQVesUNphCga8rRRT1Msk3NXo4=,wK4rQYCq5RktVv6keR/fUPM8+qU=
26,1,fsQVesUNphCga8rRRT1Msk3NXo4=,wK4rQYCq5RktVv6keR/fUPM8+qU=
27,1,fsQVesUNphCga8rRRT1Msk3NXo4=,wK4rQYCq5RktVv6keR/fUPM8+qU=
28,1,fsQVesUNphCga8rRRT1Msk3NXo4=,wK4rQYCq5RktVv6keR/fUPM8+qU=
29,1,fsQVesUNphCga8rRRT1Msk3NXo4=,wK4rQYCq5RktVv6keR/fUPM8+qU=
16,9,fsQVesUNphCga8rRRT1Msk3NXo4=,wK4rQYCq5RktVv6keR/fUPM8+qU=
30,1,fsQVesUNphCga8rRRT1Msk3NXo4=,wK4rQYCq5RktVv6keR/fUPM8+qU=
31,1,fsQVesUNphCga8rRRT1Msk3NXo4=,wK4rQYCq5RktVv6keR/fUPM8+qU=
21,8,fsQVesUNphCga8rRRT1Msk3NXo4=,wK4rQYCq5RktVv6keR/fUPM8+qU=
31,7,fsQVesUNphCga8rRRT1Msk3NXo4=,wK4rQYCq5RktVv6keR/fUPM8+qU=
30,7,fsQVesUNphCga8rRRT1Msk3NXo4=,wK4rQYCq5RktVv6keR/fUPM8+qU=
29,7,fsQVesUNphCga8rRRT1Msk3NXo4=,wK4rQYCq5RktVv6keR/fUPM8+qU=
19,8,fsQVesUNphCga8rRRT1Msk3NXo4=,wK4rQYCq5RktVv6keR/fUPM8+qU=
18,8,fsQVesUNphCga8rRRT1Msk3NXo4=,wK4rQYCq5RktVv6keR/fUPM8+qU=
28,7,fsQVesUNphCga8rRRT1Msk3NXo4=,wK4rQYCq5RktVv6keR/fUPM8+qU=
27,7,fsQVesUNphCga8rRRT1Msk3NXo4=,wK4rQYCq5RktVv6keR/fUPM8+qU=
26,7,fsQVesUNphCga8rRRT1Msk3NXo4=,wK4rQYCq5RktVv6keR/fUPM8+qU=
25,7,fsQVesUNphCga8rRRT1Msk3NXo4=,wK4rQYCq5RktVv6keR/fUPM8+qU=
24,7,fsQVesUNphCga8rRRT1Msk3NXo4=,wK4rQYCq5RktVv6keR/fUPM8+qU=
23,7,fsQVesUNphCga8rRRT1Msk3NXo4=,wK4rQYCq5RktVv6keR/fUPM8+qU=
20,8,fsQVesUNphCga8rRRT1Msk3NXo4=,wK4rQYCq5RktVv6keR/fUPM8+qU=
22,7,fsQVesUNphCga8rRRT1Msk3NXo4=,wK4rQYCq5RktVv6keR/fUPM8+qU=
16,2,fsQVesUNphCga8rRRT1Msk3NXo4=,wK4rQYCq5RktVv6keR/fUPM8+qU=
17,8,fsQVesUNphCga8rRRT1Msk3NXo4=,wK4rQYCq5RktVv6keR/fUPM8+qU=
16,8,fsQVesUNphCga8rRRT1Msk3NXo4=,wK4rQYCq5RktVv6keR/fUPM8+qU=
23,0,fsQVesUNphCga8rRRT1Msk3NXo4=,wK4rQYCq5RktVv6keR/fUPM8+qU=
21,7,fsQVesUNphCga8rRRT1Msk3NXo4=,wK4rQYCq5RktVv6keR/fUPM8+qU=
31,6,fsQVesUNphCga8rRRT1Msk3NXo4=,wK4rQYCq5RktVv6keR/fUPM8+qU=
30,6,fsQVesUNphCga8rRRT1Msk3NXo4=,wK4rQYCq5RktVv6keR/fUPM8+qU=
29,6,fsQVesUNphCga8rRRT1Msk3NXo4=,wK4rQYCq5RktVv6keR/fUPM8+qU=
28,6,fsQVesUNphCga8rRRT1Msk3NXo4=,wK4rQYCq5RktVv6keR/fUPM8+qU=
27,6,fsQVesUNphCga8rRRT1Msk3NXo4=,wK4rQYCq5RktVv6keR/fUPM8+qU=
26,6,fsQVesUNphCga8rRRT1Msk3NXo4=,wK4rQYCq5RktVv6keR/fUPM8+qU=
25,6,fsQVesUNphCga8rRRT1Msk3NXo4=,wK4rQYCq5RktVv6keR/fUPM8+qU=
24,6,fsQVesUNphCga8rRRT1Msk3NXo4=,wK4rQYCq5RktVv6keR/fUPM8+qU=
23,6,fsQVesUNphCga8rRRT1Msk3NXo4=,wK4rQYCq5RktVv6keR/fUPM8+qU=
20,7,fsQVesUNphCga8rRRT1Msk3NXo4=,wK4rQYCq5RktVv6keR/fUPM8+qU=
19,7,fsQVesUNphCga8rRRT1Msk3NXo4=,wK4rQYCq5RktVv6keR/fUPM8+qU=
18,7,fsQVesUNphCga8rRRT1Msk3NXo4=,wK4rQYCq5RktVv6keR/fUPM8+qU=
17,2,fsQVesUNphCga8rRRT1Msk3NXo4=,wK4rQYCq5RktVv6keR/fUPM8+qU=
16,7,fsQVesUNphCga8rRRT1Msk3NXo4=,wK4rQYCq5RktVv6keR/fUPM8+qU=
22,6,fsQVesUNphCga8rRRT1Msk3NXo4=,wK4rQYCq5RktVv6keR/fUPM8+qU=
17,7,fsQVesUNphCga8rRRT1Msk3NXo4=,wK4rQYCq5RktVv6keR/fUPM8+qU=
21,6,fsQVesUNphCga8rRRT1Msk3NXo4=,wK4rQYCq5RktVv6keR/fUPM8+qU=
31,5,fsQVesUNphCga8rRRT1Msk3NXo4=,wK4rQYCq5RktVv6keR/fUPM8+qU=
20,6,fsQVesUNphCga8rRRT1Msk3NXo4=,wK4rQYCq5RktVv6keR/fUPM8+qU=
30,5,fsQVesUNphCga8rRRT1Msk3NXo4=,wK4rQYCq5RktVv6keR/fUPM8+qU=
29,5,fsQVesUNphCga8rRRT1Msk3NXo4=,wK4rQYCq5RktVv6keR/fUPM8+qU=
28,5,fsQVesUNphCga8rRRT1Msk3NXo4=,wK4rQYCq5RktVv6keR/fUPM8+qU=
27,5,fsQVesUNphCga8rRRT1Msk3NXo4=,wK4rQYCq5RktVv6keR/fUPM8+qU=
26,5,fsQVesUNphCga8rRRT1Msk3NXo4=,wK4rQYCq5RktVv6keR/fUPM8+qU=
25,5,fsQVesUNphCga8rRRT1Msk3NXo4=,wK4rQYCq5RktVv6keR/fUPM8+qU=
24,5,fsQVesUNphCga8rRRT1Msk3NXo4=,wK4rQYCq5RktVv6keR/fUPM8+qU=
23,5,fsQVesUNphCga8rRRT1Msk3NXo4=,wK4rQYCq5RktVv6keR/fUPM8+qU=
19,6,fsQVesUNphCga8rRRT1Msk3NXo4=,wK4rQYCq5RktVv6keR/fUPM8+qU=
22,0,fsQVesUNphCga8rRRT1Msk3NXo4=,wK4rQYCq5RktVv6keR/fUPM8+qU=
18,2,fsQVesUNphCga8rRRT1Msk3NXo4=,wK4rQYCq5RktVv6keR/fUPM8+qU=
18,6,fsQVesUNphCga8rRRT1Msk3NXo4=,wK4rQYCq5RktVv6keR/fUPM8+qU=
22,5,fsQVesUNphCga8rRRT1Msk3NXo4=,wK4rQYCq5RktVv6keR/fUPM8+qU=
16,6,fsQVesUNphCga8rRRT1Msk3NXo4=,wK4rQYCq5RktVv6keR/fUPM8+qU=
17,6,fsQVesUNphCga8rRRT1Msk3NXo4=,wK4rQYCq5RktVv6keR/fUPM8+qU=
21,5,fsQVesUNphCga8rRRT1Msk3NXo4=,wK4rQYCq5RktVv6keR/fUPM8+qU=
31,4,fsQVesUNphCga8rRRT1Msk3NXo4=,wK4rQYCq5RktVv6keR/fUPM8+qU=
30,4,fsQVesUNphCga8rRRT1Msk3NXo4=,wK4rQYCq5RktVv6keR/fUPM8+qU=
29,4,fsQVesUNphCga8rRRT1Msk3NXo4=,wK4rQYCq5RktVv6keR/fUPM8+qU=
20,5,fsQVesUNphCga8rRRT1Msk3NXo4=,wK4rQYCq5RktVv6keR/fUPM8+qU=
19,2,fsQVesUNphCga8rRRT1Msk3NXo4=,wK4rQYCq5RktVv6keR/fUPM8+qU=
28,4,fsQVesUNphCga8rRRT1Msk3NXo4=,wK4rQYCq5RktVv6keR/fUPM8+qU=
27,4,fsQVesUNphCga8rRRT1Msk3NXo4=,wK4rQYCq5RktVv6keR/fUPM8+qU=
26,4,fsQVesUNphCga8rRRT1Msk3NXo4=,wK4rQYCq5RktVv6keR/fUPM8+qU=
25,4,fsQVesUNphCga8rRRT1Msk3NXo4=,wK4rQYCq5RktVv6keR/fUPM8+qU=
24,4,fsQVesUNphCga8rRRT1Msk3NXo4=,wK4rQYCq5RktVv6keR/fUPM8+qU=
23,4,fsQVesUNphCga8rRRT1Msk3NXo4=,wK4rQYCq5RktVv6keR/fUPM8+qU=
19,5,fsQVesUNphCga8rRRT1Msk3NXo4=,wK4rQYCq5RktVv6keR/fUPM8+qU=
18,5,fsQVesUNphCga8rRRT1Msk3NXo4=,wK4rQYCq5RktVv6keR/fUPM8+qU=
17,5,fsQVesUNphCga8rRRT1Msk3NXo4=,wK4rQYCq5RktVv6keR/fUPM8+qU=
16,5,fsQVesUNphCga8rRRT1Msk3NXo4=,wK4rQYCq5RktVv6keR/fUPM8+qU=
21,0,fsQVesUNphCga8rRRT1Msk3NXo4=,wK4rQYCq5RktVv6keR/fUPM8+qU=
22,4,fsQVesUNphCga8rRRT1Msk3NXo4=,wK4rQYCq5RktVv6keR/fUPM8+qU=
20,2,fsQVesUNphCga8rRRT1Msk3NXo4=,wK4rQYCq5RktVv6keR/fUPM8+qU=
20,4,fsQVesUNphCga8rRRT1Msk3NXo4=,wK4rQYCq5RktVv6keR/fUPM8+qU=
31,3,fsQVesUNphCga8rRRT1Msk3NXo4=,wK4rQYCq5RktVv6keR/fUPM8+qU=
30,3,fsQVesUNphCga8rRRT1Msk3NXo4=,wK4rQYCq5RktVv6keR/fUPM8+qU=
29,3,fsQVesUNphCga8rRRT1Msk3NXo4=,wK4rQYCq5RktVv6keR/fUPM8+qU=
27,3,fsQVesUNphCga8rRRT1Msk3NXo4=,wK4rQYCq5RktVv6keR/fUPM8+qU=
28,3,fsQVesUNphCga8rRRT1Msk3NXo4=,wK4rQYCq5RktVv6keR/fUPM8+qU=
26,3,fsQVesUNphCga8rRRT1Msk3NXo4=,wK4rQYCq5RktVv6keR/fUPM8+qU=
18,4,fsQVesUNphCga8rRRT1Msk3NXo4=,wK4rQYCq5RktVv6keR/fUPM8+qU=
21,4,fsQVesUNphCga8rRRT1Msk3NXo4=,wK4rQYCq5RktVv6keR/fUPM8+qU=
25,3,fsQVesUNphCga8rRRT1Msk3NXo4=,wK4rQYCq5RktVv6keR/fUPM8+qU=
24,3,fsQVesUNphCga8rRRT1Msk3NXo4=,wK4rQYCq5RktVv6keR/fUPM8+qU=
23,3,fsQVesUNphCga8rRRT1Msk3NXo4=,wK4rQYCq5RktVv6keR/fUPM8+qU=
19,4,fsQVesUNphCga8rRRT1Msk3NXo4=,wK4rQYCq5RktVv6keR/fUPM8+qU=
16,4,fsQVesUNphCga8rRRT1Msk3NXo4=,wK4rQYCq5RktVv6keR/fUPM8+qU=
17,4,fsQVesUNphCga8rRRT1Msk3NXo4=,wK4rQYCq5RktVv6keR/fUPM8+qU=
22,3,fsQVesUNphCga8rRRT1Msk3NXo4=,wK4rQYCq5RktVv6keR/fUPM8+qU=
21,2,fsQVesUNphCga8rRRT1Msk3NXo4=,wK4rQYCq5RktVv6keR/fUPM8+qU=
20,0,fsQVesUNphCga8rRRT1Msk3NXo4=,wK4rQYCq5RktVv6keR/fUPM8+qU=
21,3,fsQVesUNphCga8rRRT1Msk3NXo4=,wK4rQYCq5RktVv6keR/fUPM8+qU=
20,3,fsQVesUNphCga8rRRT1Msk3NXo4=,wK4rQYCq5RktVv6keR/fUPM8+qU=
30,2,fsQVesUNphCga8rRRT1Msk3NXo4=,wK4rQYCq5RktVv6keR/fUPM8+qU=
31,2,fsQVesUNphCga8rRRT1Msk3NXo4=,wK4rQYCq5RktVv6keR/fUPM8+qU=
29,2,fsQVesUNphCga8rRRT1Msk3NXo4=,wK4rQYCq5RktVv6keR/fUPM8+qU=
28,2,fsQVesUNphCga8rRRT1Msk3NXo4=,wK4rQYCq5RktVv6keR/fUPM8+qU=
27,2,fsQVesUNphCga8rRRT1Msk3NXo4=,wK4rQYCq5RktVv6keR/fUPM8+qU=
26,2,fsQVesUNphCga8rRRT1Msk3NXo4=,wK4rQYCq5RktVv6keR/fUPM8+qU=
25,2,fsQVesUNphCga8rRRT1Msk3NXo4=,wK4rQYCq5RktVv6keR/fUPM8+qU=
23,2,fsQVesUNphCga8rRRT1Msk3NXo4=,wK4rQYCq5RktVv6keR/fUPM8+qU=
22,2,fsQVesUNphCga8rRRT1Msk3NXo4=,wK4rQYCq5RktVv6keR/fUPM8+qU=
24,2,fsQVesUNphCga8rRRT1Msk3NXo4=,wK4rQYCq5RktVv6keR/fUPM8+qU=
18,3,fsQVesUNphCga8rRRT1Msk3NXo4=,wK4rQYCq5RktVv6keR/fUPM8+qU=
19,3,fsQVesUNphCga8rRRT1Msk3NXo4=,wK4rQYCq5RktVv6keR/fUPM8+qU=
19,0,fsQVesUNphCga8rRRT1Msk3NXo4=,wK4rQYCq5RktVv6keR/fUPM8+qU=
17,3,fsQVesUNphCga8rRRT1Msk3NXo4=,wK4rQYCq5RktVv6keR/fUPM8+qU=
16,3,fsQVesUNphCga8rRRT1Msk3NXo4=,wK4rQYCq5RktVv6keR/fUPM8+qU=
18,0,fsQVesUNphCga8rRRT1Msk3NXo4=,wK4rQYCq5RktVv6keR/fUPM8+qU=
21,15,fsQVesUNphCga8rRRT1Msk3NXo4=,wK4rQYCq5RktVv6keR/fUPM8+qU=
17,15,fsQVesUNphCga8rRRT1Msk3NXo4=,wK4rQYCq5RktVv6keR/fUPM8+qU=
18,15,fsQVesUNphCga8rRRT1Msk3NXo4=,wK4rQYCq5RktVv6keR/fUPM8+qU=
15,31,glzZujGpVMBMnoNk3yYT9syMRBQ=,wK4rQYCq5RktVv6keR/fUPM8+qU=
14,31,glzZujGpVMBMnoNk3yYT9syMRBQ=,wK4rQYCq5RktVv6keR/fUPM8+qU=
13,31,glzZujGpVMBMnoNk3yYT9syMRBQ=,wK4rQYCq5RktVv6keR/fUPM8+qU=
11,31,glzZujGpVMBMnoNk3yYT9syMRBQ=,wK4rQYCq5RktVv6keR/fUPM8+qU=
10,31,glzZujGpVMBMnoNk3yYT9syMRBQ=,wK4rQYCq5RktVv6keR/fUPM8+qU=
12,31,glzZujGpVMBMnoNk3yYT9syMRBQ=,wK4rQYCq5RktVv6keR/fUPM8+qU=
9,31,glzZujGpVMBMnoNk3yYT9syMRBQ=,wK4rQYCq5RktVv6keR/fUPM8+qU=
8,31,glzZujGpVMBMnoNk3yYT9syMRBQ=,wK4rQYCq5RktVv6keR/fUPM8+qU=
6,31,glzZujGpVMBMnoNk3yYT9syMRBQ=,wK4rQYCq5RktVv6keR/fUPM8+qU=
7,31,glzZujGpVMBMnoNk3yYT9syMRBQ=,wK4rQYCq5RktVv6keR/fUPM8+qU=
4,31,glzZujGpVMBMnoNk3yYT9syMRBQ=,wK4rQYCq5RktVv6keR/fUPM8+qU=
5,31,glzZujGpVMBMnoNk3yYT9syMRBQ=,wK4rQYCq5RktVv6keR/fUPM8+qU=
3,31,glzZujGpVMBMnoNk3yYT9syMRBQ=,wK4rQYCq5RktVv6keR/fUPM8+qU=
2,31,glzZujGpVMBMnoNk3yYT9syMRBQ=,wK4rQYCq5RktVv6keR/fUPM8+qU=
0,31,glzZujGpVMBMnoNk3yYT9syMRBQ=,wK4rQYCq5RktVv6keR/fUPM8+qU=
1,31,glzZujGpVMBMnoNk3yYT9syMRBQ=,wK4rQYCq5RktVv6keR/fUPM8+qU=
15,30,glzZujGpVMBMnoNk3yYT9syMRBQ=,wK4rQYCq5RktVv6keR/fUPM8+qU=
14,30,glzZujGpVMBMnoNk3yYT9syMRBQ=,wK4rQYCq5RktVv6keR/fUPM8+qU=
12,30,glzZujGpVMBMnoNk3yYT9syMRBQ=,wK4rQYCq5RktVv6keR/fUPM8+qU=
13,30,glzZujGpVMBMnoNk3yYT9syMRBQ=,wK4rQYCq5RktVv6keR/fUPM8+qU=
11,30,glzZujGpVMBMnoNk3yYT9syMRBQ=,wK4rQYCq5RktVv6keR/fUPM8+qU=
10,30,glzZujGpVMBMnoNk3yYT9syMRBQ=,wK4rQYCq5RktVv6keR/fUPM8+qU=
7,30,glzZujGpVMBMnoNk3yYT9syMRBQ=,wK4rQYCq5RktVv6keR/fUPM8+qU=
6,30,glzZujGpVMBMnoNk3yYT9syMRBQ=,wK4rQYCq5RktVv6keR/fUPM8+qU=
8,30,glzZujGpVMBMnoNk3yYT9syMRBQ=,wK4rQYCq5RktVv6keR/fUPM8+qU=
5,30,glzZujGpVMBMnoNk3yYT9syMRBQ=,wK4rQYCq5RktVv6keR/fUPM8+qU=
9,30,glzZujGpVMBMnoNk3yYT9syMRBQ=,wK4rQYCq5RktVv6keR/fUPM8+qU=
3,30,glzZujGpVMBMnoNk3yYT9syMRBQ=,wK4rQYCq5RktVv6keR/fUPM8+qU=
2,30,glzZujGpVMBMnoNk3yYT9syMRBQ=,wK4rQYCq5RktVv6keR/fUPM8+qU=
1,30,glzZujGpVMBMnoNk3yYT9syMRBQ=,wK4rQYCq5RktVv6keR/fUPM8+qU=
4,30,glzZujGpVMBMnoNk3yYT9syMRBQ=,wK4rQYCq5RktVv6keR/fUPM8+qU=
0,30,glzZujGpVMBMnoNk3yYT9syMRBQ=,wK4rQYCq5RktVv6keR/fUPM8+qU=
15,29,glzZujGpVMBMnoNk3yYT9syMRBQ=,wK4rQYCq5RktVv6keR/fUPM8+qU=
14,29,glzZujGpVMBMnoNk3yYT9syMRBQ=,wK4rQYCq5RktVv6keR/fUPM8+qU=
13,29,glzZujGpVMBMnoNk3yYT9syMRBQ=,wK4rQYCq5RktVv6keR/fUPM8+qU=
12,29,glzZujGpVMBMnoNk3yYT9syMRBQ=,wK4rQYCq5RktVv6keR/fUPM8+qU=
11,29,glzZujGpVMBMnoNk3yYT9syMRBQ=,wK4rQYCq5RktVv6keR/fUPM8+qU=
9,29,glzZujGpVMBMnoNk3yYT9syMRBQ=,wK4rQYCq5RktVv6keR/fUPM8+qU=
10,29,glzZujGpVMBMnoNk3yYT9syMRBQ=,wK4rQYCq5RktVv6keR/fUPM8+qU=
8,29,glzZujGpVMBMnoNk3yYT9syMRBQ=,wK4rQYCq5RktVv6keR/fUPM8+qU=
7,29,glzZujGpVMBMnoNk3yYT9syMRBQ=,wK4rQYCq5RktVv6keR/fUPM8+qU=
6,29,glzZujGpVMBMnoNk3yYT9syMRBQ=,wK4rQYCq5RktVv6keR/fUPM8+qU=
5,29,glzZujGpVMBMnoNk3yYT9syMRBQ=,wK4rQYCq5RktVv6keR/fUPM8+qU=
4,29,glzZujGpVMBMnoNk3yYT9syMRBQ=,wK4rQYCq5RktVv6keR/fUPM8+qU=
3,29,glzZujGpVMBMnoNk3yYT9syMRBQ=,wK4rQYCq5RktVv6keR/fUPM8+qU=
2,29,glzZujGpVMBMnoNk3yYT9syMRBQ=,wK4rQYCq5RktVv6keR/fUPM8+qU=
13,17,glzZujGpVMBMnoNk3yYT9syMRBQ=,wK4rQYCq5RktVv6keR/fUPM8+qU=
1,29,glzZujGpVMBMnoNk3yYT9syMRBQ=,wK4rQYCq5RktVv6keR/fUPM8+qU=
0,29,glzZujGpVMBMnoNk3yYT9syMRBQ=,wK4rQYCq5RktVv6keR/fUPM8+qU=
0,16,glzZujGpVMBMnoNk3yYT9syMRBQ=,wK4rQYCq5RktVv6keR/fUPM8+qU=
15,28,glzZujGpVMBMnoNk3yYT9syMRBQ=,wK4rQYCq5RktVv6keR/fUPM8+qU=
14,28,glzZujGpVMBMnoNk3yYT9syMRBQ=,wK4rQYCq5RktVv6keR/fUPM8+qU=
12,17,glzZujGpVMBMnoNk3yYT9syMRBQ=,wK4rQYCq5RktVv6keR/fUPM8+qU=
13,28,glzZujGpVMBMnoNk3yYT9syMRBQ=,wK4rQYCq5RktVv6keR/fUPM8+qU=
15,16,glzZujGpVMBMnoNk3yYT9syMRBQ=,wK4rQYCq5RktVv6keR/fUPM8+qU=
12,28,glzZujGpVMBMnoNk3yYT9syMRBQ=,wK4rQYCq5RktVv6keR/fUPM8+qU=
11,28,glzZujGpVMBMnoNk3yYT9syMRBQ=,wK4rQYCq5RktVv6keR/fUPM8+qU=
10,28,glzZujGpVMBMnoNk3yYT9syMRBQ=,wK4rQYCq5RktVv6keR/fUPM8+qU=
1,16,glzZujGpVMBMnoNk3yYT9syMRBQ=,wK4rQYCq5RktVv6keR/fUPM8+qU=
8,28,glzZujGpVMBMnoNk3yYT9syMRBQ=,wK4rQYCq5RktVv6keR/fUPM8+qU=
9,28,glzZujGpVMBMnoNk3yYT9syMRBQ=,wK4rQYCq5RktVv6keR/fUPM8+qU=
6,28,glzZujGpVMBMnoNk3yYT9syMRBQ=,wK4rQYCq5RktVv6keR/fUPM8+qU=
7,28,glzZujGpVMBMnoNk3yYT9syMRBQ=,wK4rQYCq5RktVv6keR/fUPM8+qU=
5,28,glzZujGpVMBMnoNk3yYT9syMRBQ=,wK4rQYCq5RktVv6keR/fUPM8+qU=
4,28,glzZujGpVMBMnoNk3yYT9syMRBQ=,wK4rQYCq5RktVv6keR/fUPM8+qU=
2,28,glzZujGpVMBMnoNk3yYT9syMRBQ=,wK4rQYCq5RktVv6keR/fUPM8+qU=
3,28,glzZujGpVMBMnoNk3yYT9syMRBQ=,wK4rQYCq5RktVv6keR/fUPM8+qU=
1,28,glzZujGpVMBMnoNk3yYT9syMRBQ=,wK4rQYCq5RktVv6keR/fUPM8+qU=
0,28,glzZujGpVMBMnoNk3yYT9syMRBQ=,wK4rQYCq5RktVv6keR/fUPM8+qU=
15,27,glzZujGpVMBMnoNk3yYT9syMRBQ=,wK4rQYCq5RktVv6keR/fUPM8+qU=
14,27,glzZujGpVMBMnoNk3yYT9syMRBQ=,wK4rQYCq5RktVv6keR/fUPM8+qU=
13,27,glzZujGpVMBMnoNk3yYT9syMRBQ=,wK4rQYCq5RktVv6keR/fUPM8+qU=
12,27,glzZujGpVMBMnoNk3yYT9syMRBQ=,wK4rQYCq5RktVv6keR/fUPM8+qU=
11,27,glzZujGpVMBMnoNk3yYT9syMRBQ=,wK4rQYCq5RktVv6keR/fUPM8+qU=
10,27,glzZujGpVMBMnoNk3yYT9syMRBQ=,wK4rQYCq5RktVv6keR/fUPM8+qU=
9,27,glzZujGpVMBMnoNk3yYT9syMRBQ=,wK4rQYCq5RktVv6keR/fUPM8+qU=
8,27,glzZujGpVMBMnoNk3yYT9syMRBQ=,wK4rQYCq5RktVv6keR/fUPM8+qU=
7,27,glzZujGpVMBMnoNk3yYT9syMRBQ=,wK4rQYCq5RktVv6keR/fUPM8+qU=
6,27,glzZujGpVMBMnoNk3yYT9syMRBQ=,wK4rQYCq5RktVv6keR/fUPM8+qU=
5,27,glzZujGpVMBMnoNk3yYT9syMRBQ=,wK4rQYCq5RktVv6keR/fUPM8+qU=
11,17,glzZujGpVMBMnoNk3yYT9syMRBQ=,wK4rQYCq5RktVv6keR/fUPM8+qU=
4,27,glzZujGpVMBMnoNk3yYT9syMRBQ=,wK4rQYCq5RktVv6keR/fUPM8+qU=
3,27,glzZujGpVMBMnoNk3yYT9syMRBQ=,wK4rQYCq5RktVv6keR/fUPM8+qU=
2,27,glzZujGpVMBMnoNk3yYT9syMRBQ=,wK4rQYCq5RktVv6keR/fUPM8+qU=
1,27,glzZujGpVMBMnoNk3yYT9syMRBQ=,wK4rQYCq5RktVv6keR/fUPM8+qU=
15,26,glzZujGpVMBMnoNk3yYT9syMRBQ=,wK4rQYCq5RktVv6keR/fUPM8+qU=
0,27,glzZujGpVMBMnoNk3yYT9syMRBQ=,wK4rQYCq5RktVv6keR/fUPM8+qU=
14,26,glzZujGpVMBMnoNk3yYT9syMRBQ=,wK4rQYCq5RktVv6keR/fUPM8+qU=
13,26,glzZujGpVMBMnoNk3yYT9syMRBQ=,wK4rQYCq5RktVv6keR/fUPM8+qU=
12,26,glzZujGpVMBMnoNk3yYT9syMRBQ=,wK4rQYCq5RktVv6keR/fUPM8+qU=
14,16,glzZujGpVMBMnoNk3yYT9syMRBQ=,wK4rQYCq5RktVv6keR/fUPM8+qU=
11,26,glzZujGpVMBMnoNk3yYT9syMRBQ=,wK4rQYCq5RktVv6keR/fUPM8+qU=
10,26,glzZujGpVMBMnoNk3yYT9syMRBQ=,wK4rQYCq5RktVv6keR/fUPM8+qU=
9,26,glzZujGpVMBMnoNk3yYT9syMRBQ=,wK4rQYCq5RktVv6keR/fUPM8+qU=
8,26,glzZujGpVMBMnoNk3yYT9syMRBQ=,wK4rQYCq5RktVv6keR/fUPM8+qU=
7,26,glzZujGpVMBMnoNk3yYT9syMRBQ=,wK4rQYCq5RktVv6keR/fUPM8+qU=
6,26,glzZujGpVMBMnoNk3yYT9syMRBQ=,wK4rQYCq5RktVv6keR/fUPM8+qU=
13,16,glzZujGpVMBMnoNk3yYT9syMRBQ=,wK4rQYCq5RktVv6keR/fUPM8+qU=
5,26,glzZujGpVMBMnoNk3yYT9syMRBQ=,wK4rQYCq5RktVv6keR/fUPM8+qU=
4,26,glzZujGpVMBMnoNk3yYT9syMRBQ=,wK4rQYCq5RktVv6keR/fUPM8+qU=
3,26,glzZujGpVMBMnoNk3yYT9syMRBQ=,wK4rQYCq5RktVv6keR/fUPM8+qU=
2,26,glzZujGpVMBMnoNk3yYT9syMRBQ=,wK4rQYCq5RktVv6keR/fUPM8+qU=
1,26,glzZujGpVMBMnoNk3yYT9syMRBQ=,wK4rQYCq5RktVv6keR/fUPM8+qU=
0,26,glzZujGpVMBMnoNk3yYT9syMRBQ=,wK4rQYCq5RktVv6keR/fUPM8+qU=
15,25,glzZujGpVMBMnoNk3yYT9syMRBQ=,wK4rQYCq5RktVv6keR/fUPM8+qU=
14,25,glzZujGpVMBMnoNk3yYT9syMRBQ=,wK4rQYCq5RktVv6keR/fUPM8+qU=
10,17,glzZujGpVMBMnoNk3yYT9syMRBQ=,wK4rQYCq5RktVv6keR/fUPM8+qU=
13,25,glzZujGpVMBMnoNk3yYT9syMRBQ=,wK4rQYCq5RktVv6keR/fUPM8+qU=
12,25,glzZujGpVMBMnoNk3yYT9syMRBQ=,wK4rQYCq5RktVv6keR/fUPM8+qU=
15,17,glzZujGpVMBMnoNk3yYT9syMRBQ=,wK4rQYCq5RktVv6keR/fUPM8+qU=
11,25,glzZujGpVMBMnoNk3yYT9syMRBQ=,wK4rQYCq5RktVv6keR/fUPM8+qU=
10,25,glzZujGpVMBMnoNk3yYT9syMRBQ=,wK4rQYCq5RktVv6keR/fUPM8+qU=
9,25,glzZujGpVMBMnoNk3yYT9syMRBQ=,wK4rQYCq5RktVv6keR/fUPM8+qU=
8,25,glzZujGpVMBMnoNk3yYT9syMRBQ=,wK4rQYCq5RktVv6keR/fUPM8+qU=
7,25,glzZujGpVMBMnoNk3yYT9syMRBQ=,wK4rQYCq5RktVv6keR/fUPM8+qU=
12,16,glzZujGpVMBMnoNk3yYT9syMRBQ=,wK4rQYCq5RktVv6keR/fUPM8+qU=
9,17,glzZujGpVMBMnoNk3yYT9syMRBQ=,wK4rQYCq5RktVv6keR/fUPM8+qU=
6,25,glzZujGpVMBMnoNk3yYT9syMRBQ=,wK4rQYCq5RktVv6keR/fUPM8+qU=
5,25,glzZujGpVMBMnoNk3yYT9syMRBQ=,wK4rQYCq5RktVv6keR/fUPM8+qU=
4,25,glzZujGpVMBMnoNk3yYT9syMRBQ=,wK4rQYCq5RktVv6keR/fUPM8+qU=
3,25,glzZujGpVMBMnoNk3yYT9syMRBQ=,wK4rQYCq5RktVv6keR/fUPM8+qU=
2,25,glzZujGpVMBMnoNk3yYT9syMRBQ=,wK4rQYCq5RktVv6keR/fUPM8+qU=
1,25,glzZujGpVMBMnoNk3yYT9syMRBQ=,wK4rQYCq5RktVv6keR/fUPM8+qU=
0,25,glzZujGpVMBMnoNk3yYT9syMRBQ=,wK4rQYCq5RktVv6keR/fUPM8+qU=
15,24,glzZujGpVMBMnoNk3yYT9syMRBQ=,wK4rQYCq5RktVv6keR/fUPM8+qU=
14,24,glzZujGpVMBMnoNk3yYT9syMRBQ=,wK4rQYCq5RktVv6keR/fUPM8+qU=
13,24,glzZujGpVMBMnoNk3yYT9syMRBQ=,wK4rQYCq5RktVv6keR/fUPM8+qU=
11,24,glzZujGpVMBMnoNk3yYT9syMRBQ=,wK4rQYCq5RktVv6keR/fUPM8+qU=
12,24,glzZujGpVMBMnoNk3yYT9syMRBQ=,wK4rQYCq5RktVv6keR/fUPM8+qU=
10,24,glzZujGpVMBMnoNk3yYT9syMRBQ=,wK4rQYCq5RktVv6keR/fUPM8+qU=
8,24,glzZujGpVMBMnoNk3yYT9syMRBQ=,wK4rQYCq5RktVv6keR/fUPM8+qU=
9,24,glzZujGpVMBMnoNk3yYT9syMRBQ=,wK4rQYCq5RktVv6keR/fUPM8+qU=
11,16,glzZujGpVMBMnoNk3yYT9syMRBQ=,wK4rQYCq5RktVv6keR/fUPM8+qU=
7,24,glzZujGpVMBMnoNk3yYT9syMRBQ=,wK4rQYCq5RktVv6keR/fUPM8+qU=
6,24,glzZujGpVMBMnoNk3yYT9syMRBQ=,wK4rQYCq5RktVv6keR/fUPM8+qU=
5,24,glzZujGpVMBMnoNk3yYT9syMRBQ=,wK4rQYCq5RktVv6keR/fUPM8+qU=
4,24,glzZujGpVMBMnoNk3yYT9syMRBQ=,wK4rQYCq5RktVv6keR/fUPM8+qU=
3,24,glzZujGpVMBMnoNk3yYT9syMRBQ=,wK4rQYCq5RktVv6keR/fUPM8+qU=
2,24,glzZujGpVMBMnoNk3yYT9syMRBQ=,wK4rQYCq5RktVv6keR/fUPM8+qU=
1,24,glzZujGpVMBMnoNk3yYT9syMRBQ=,wK4rQYCq5RktVv6keR/fUPM8+qU=
15,23,glzZujGpVMBMnoNk3yYT9syMRBQ=,wK4rQYCq5RktVv6keR/fUPM8+qU=
0,24,glzZujGpVMBMnoNk3yYT9syMRBQ=,wK4rQYCq5RktVv6keR/fUPM8+qU=
14,23,glzZujGpVMBMnoNk3yYT9syMRBQ=,wK4rQYCq5RktVv6keR/fUPM8+qU=
13,23,glzZujGpVMBMnoNk3yYT9syMRBQ=,wK4rQYCq5RktVv6keR/fUPM8+qU=
12,23,glzZujGpVMBMnoNk3yYT9syMRBQ=,wK4rQYCq5RktVv6keR/fUPM8+qU=
11,23,glzZujGpVMBMnoNk3yYT9syMRBQ=,wK4rQYCq5RktVv6keR/fUPM8+qU=
10,23,glzZujGpVMBMnoNk3yYT9syMRBQ=,wK4rQYCq5RktVv6keR/fUPM8+qU=
0,18,glzZujGpVMBMnoNk3yYT9syMRBQ=,wK4rQYCq5RktVv6keR/fUPM8+qU=
9,23,glzZujGpVMBMnoNk3yYT9syMRBQ=,wK4rQYCq5RktVv6keR/fUPM8+qU=
10,16,glzZujGpVMBMnoNk3yYT9syMRBQ=,wK4rQYCq5RktVv6keR/fUPM8+qU=
8,17,glzZujGpVMBMnoNk3yYT9syMRBQ=,wK4rQYCq5RktVv6keR/fUPM8+qU=
7,23,glzZujGpVMBMnoNk3yYT9syMRBQ=,wK4rQYCq5RktVv6keR/fUPM8+qU=
8,23,glzZujGpVMBMnoNk3yYT9syMRBQ=,wK4rQYCq5RktVv6keR/fUPM8+qU=
6,23,glzZujGpVMBMnoNk3yYT9syMRBQ=,wK4rQYCq5RktVv6keR/fUPM8+qU=
5,23,glzZujGpVMBMnoNk3yYT9syMRBQ=,wK4rQYCq5RktVv6keR/fUPM8+qU=
4,23,glzZujGpVMBMnoNk3yYT9syMRBQ=,wK4rQYCq5RktVv6keR/fUPM8+qU=
3,23,glzZujGpVMBMnoNk3yYT9syMRBQ=,wK4rQYCq5RktVv6keR/fUPM8+qU=
2,23,glzZujGpVMBMnoNk3yYT9syMRBQ=,wK4rQYCq5RktVv6keR/fUPM8+qU=
1,23,glzZujGpVMBMnoNk3yYT9syMRBQ=,wK4rQYCq5RktVv6keR/fUPM8+qU=
0,23,glzZujGpVMBMnoNk3yYT9syMRBQ=,wK4rQYCq5RktVv6keR/fUPM8+qU=
15,22,glzZujGpVMBMnoNk3yYT9syMRBQ=,wK4rQYCq5RktVv6keR/fUPM8+qU=
14,22,glzZujGpVMBMnoNk3yYT9syMRBQ=,wK4rQYCq5RktVv6keR/fUPM8+qU=
13,22,glzZujGpVMBMnoNk3yYT9syMRBQ=,wK4rQYCq5RktVv6keR/fUPM8+qU=
12,22,glzZujGpVMBMnoNk3yYT9syMRBQ=,wK4rQYCq5RktVv6keR/fUPM8+qU=
10,22,glzZujGpVMBMnoNk3yYT9syMRBQ=,wK4rQYCq5RktVv6keR/fUPM8+qU=
11,22,glzZujGpVMBMnoNk3yYT9syMRBQ=,wK4rQYCq5RktVv6keR/fUPM8+qU=
7,17,glzZujGpVMBMnoNk3yYT9syMRBQ=,wK4rQYCq5RktVv6keR/fUPM8+qU=
6,17,glzZujGpVMBMnoNk3yYT9syMRBQ=,wK4rQYCq5RktVv6keR/fUPM8+qU=
9,22,glzZujGpVMBMnoNk3yYT9syMRBQ=,wK4rQYCq5RktVv6keR/fUPM8+qU=
8,22,glzZujGpVMBMnoNk3yYT9syMRBQ=,wK4rQYCq5RktVv6keR/fUPM8+qU=
7,22,glzZujGpVMBMnoNk3yYT9syMRBQ=,wK4rQYCq5RktVv6keR/fUPM8+qU=
6,22,glzZujGpVMBMnoNk3yYT9syMRBQ=,wK4rQYCq5RktVv6keR/fUPM8+qU=
5,22,glzZujGpVMBMnoNk3yYT9syMRBQ=,wK4rQYCq5RktVv6keR/fUPM8+qU=
9,16,glzZujGpVMBMnoNk3yYT9syMRBQ=,wK4rQYCq5RktVv6keR/fUPM8+qU=
4,22,glzZujGpVMBMnoNk3yYT9syMRBQ=,wK4rQYCq5RktVv6keR/fUPM8+qU=
3,22,glzZujGpVMBMnoNk3yYT9syMRBQ=,wK4rQYCq5RktVv6keR/fUPM8+qU=
2,22,glzZujGpVMBMnoNk3yYT9syMRBQ=,wK4rQYCq5RktVv6keR/fUPM8+qU=
1,22,glzZujGpVMBMnoNk3yYT9syMRBQ=,wK4rQYCq5RktVv6keR/fUPM8+qU=
0,22,glzZujGpVMBMnoNk3yYT9syMRBQ=,wK4rQYCq5RktVv6keR/fUPM8+qU=
15,21,glzZujGpVMBMnoNk3yYT9syMRBQ=,wK4rQYCq5RktVv6keR/fUPM8+qU=
14,21,glzZujGpVMBMnoNk3yYT9syMRBQ=,wK4rQYCq5RktVv6keR/fUPM8+qU=
13,21,glzZujGpVMBMnoNk3yYT9syMRBQ=,wK4rQYCq5RktVv6keR/fUPM8+qU=
11,21,glzZujGpVMBMnoNk3yYT9syMRBQ=,wK4rQYCq5RktVv6keR/fUPM8+qU=
12,21,glzZujGpVMBMnoNk3yYT9syMRBQ=,wK4rQYCq5RktVv6keR/fUPM8+qU=
10,21,glzZujGpVMBMnoNk3yYT9syMRBQ=,wK4rQYCq5RktVv6keR/fUPM8+qU=
9,21,glzZujGpVMBMnoNk3yYT9syMRBQ=,wK4rQYCq5RktVv6keR/fUPM8+qU=
8,16,glzZujGpVMBMnoNk3yYT9syMRBQ=,wK4rQYCq5RktVv6keR/fUPM8+qU=
8,21,glzZujGpVMBMnoNk3yYT9syMRBQ=,wK4rQYCq5RktVv6keR/fUPM8+qU=
7,21,glzZujGpVMBMnoNk3yYT9syMRBQ=,wK4rQYCq5RktVv6keR/fUPM8+qU=
6,21,glzZujGpVMBMnoNk3yYT9syMRBQ=,wK4rQYCq5RktVv6keR/fUPM8+qU=
5,21,glzZujGpVMBMnoNk3yYT9syMRBQ=,wK4rQYCq5RktVv6keR/fUPM8+qU=
3,21,glzZujGpVMBMnoNk3yYT9syMRBQ=,wK4rQYCq5RktVv6keR/fUPM8+qU=
4,21,glzZujGpVMBMnoNk3yYT9syMRBQ=,wK4rQYCq5RktVv6keR/fUPM8+qU=
2,21,glzZujGpVMBMnoNk3yYT9syMRBQ=,wK4rQYCq5RktVv6keR/fUPM8+qU=
1,21,glzZujGpVMBMnoNk3yYT9syMRBQ=,wK4rQYCq5RktVv6keR/fUPM8+qU=
0,21,glzZujGpVMBMnoNk3yYT9syMRBQ=,wK4rQYCq5RktVv6keR/fUPM8+qU=
15,20,glzZujGpVMBMnoNk3yYT9syMRBQ=,wK4rQYCq5RktVv6keR/fUPM8+qU=
1,18,glzZujGpVMBMnoNk3yYT9syMRBQ=,wK4rQYCq5RktVv6keR/fUPM8+qU=
4,17,glzZujGpVMBMnoNk3yYT9syMRBQ=,wK4rQYCq5RktVv6keR/fUPM8+qU=
5,17,glzZujGpVMBMnoNk3yYT9syMRBQ=,wK4rQYCq5RktVv6keR/fUPM8+qU=
3,17,glzZujGpVMBMnoNk3yYT9syMRBQ=,wK4rQYCq5RktVv6keR/fUPM8+qU=
6,16,glzZujGpVMBMnoNk3yYT9syMRBQ=,wK4rQYCq5RktVv6keR/fUPM8+qU=
7,16,glzZujGpVMBMnoNk3yYT9syMRBQ=,wK4rQYCq5RktVv6keR/fUPM8+qU=
14,20,glzZujGpVMBMnoNk3yYT9syMRBQ=,wK4rQYCq5RktVv6keR/fUPM8+qU=
13,20,glzZujGpVMBMnoNk3yYT9syMRBQ=,wK4rQYCq5RktVv6keR/fUPM8+qU=
11,20,glzZujGpVMBMnoNk3yYT9syMRBQ=,wK4rQYCq5RktVv6keR/fUPM8+qU=
12,20,glzZujGpVMBMnoNk3yYT9syMRBQ=,wK4rQYCq5RktVv6keR/fUPM8+qU=
10,20,glzZujGpVMBMnoNk3yYT9syMRBQ=,wK4rQYCq5RktVv6keR/fUPM8+qU=
8,20,glzZujGpVMBMnoNk3yYT9syMRBQ=,wK4rQYCq5RktVv6keR/fUPM8+qU=
7,20,glzZujGpVMBMnoNk3yYT9syMRBQ=,wK4rQYCq5RktVv6keR/fUPM8+qU=
9,20,glzZujGpVMBMnoNk3yYT9syMRBQ=,wK4rQYCq5RktVv6keR/fUPM8+qU=
2,18,glzZujGpVMBMnoNk3yYT9syMRBQ=,wK4rQYCq5RktVv6keR/fUPM8+qU=
5,20,glzZujGpVMBMnoNk3yYT9syMRBQ=,wK4rQYCq5RktVv6keR/fUPM8+qU=
2,17,glzZujGpVMBMnoNk3yYT9syMRBQ=,wK4rQYCq5RktVv6keR/fUPM8+qU=
6,20,glzZujGpVMBMnoNk3yYT9syMRBQ=,wK4rQYCq5RktVv6keR/fUPM8+qU=
4,20,glzZujGpVMBMnoNk3yYT9syMRBQ=,wK4rQYCq5RktVv6keR/fUPM8+qU=
3,20,glzZujGpVMBMnoNk3yYT9syMRBQ=,wK4rQYCq5RktVv6keR/fUPM8+qU=
0,20,glzZujGpVMBMnoNk3yYT9syMRBQ=,wK4rQYCq5RktVv6keR/fUPM8+qU=
5,16,glzZujGpVMBMnoNk3yYT9syMRBQ=,wK4rQYCq5RktVv6keR/fUPM8+qU=
2,20,glzZujGpVMBMnoNk3yYT9syMRBQ=,wK4rQYCq5RktVv6keR/fUPM8+qU=
3,18,glzZujGpVMBMnoNk3yYT9syMRBQ=,wK4rQYCq5RktVv6keR/fUPM8+qU=
1,20,glzZujGpVMBMnoNk3yYT9syMRBQ=,wK4rQYCq5RktVv6keR/fUPM8+qU=
15,19,glzZujGpVMBMnoNk3yYT9syMRBQ=,wK4rQYCq5RktVv6keR/fUPM8+qU=
4,18,glzZujGpVMBMnoNk3yYT9syMRBQ=,wK4rQYCq5RktVv6keR/fUPM8+qU=
4,16,glzZujGpVMBMnoNk3yYT9syMRBQ=,wK4rQYCq5RktVv6keR/fUPM8+qU=
14,19,glzZujGpVMBMnoNk3yYT9syMRBQ=,wK4rQYCq5RktVv6keR/fUPM8+qU=
13,19,glzZujGpVMBMnoNk3yYT9syMRBQ=,wK4rQYCq5RktVv6keR/fUPM8+qU=
1,17,glzZujGpVMBMnoNk3yYT9syMRBQ=,wK4rQYCq5RktVv6keR/fUPM8+qU=
12,19,glzZujGpVMBMnoNk3yYT9syMRBQ=,wK4rQYCq5RktVv6keR/fUPM8+qU=
11,19,glzZujGpVMBMnoNk3yYT9syMRBQ=,wK4rQYCq5RktVv6keR/fUPM8+qU=
2,16,glzZujGpVMBMnoNk3yYT9syMRBQ=,wK4rQYCq5RktVv6keR/fUPM8+qU=
10,19,glzZujGpVMBMnoNk3yYT9syMRBQ=,wK4rQYCq5RktVv6keR/fUPM8+qU=
9,19,glzZujGpVMBMnoNk3yYT9syMRBQ=,wK4rQYCq5RktVv6keR/fUPM8+qU=
8,19,glzZujGpVMBMnoNk3yYT9syMRBQ=,wK4rQYCq5RktVv6keR/fUPM8+qU=
7,19,glzZujGpVMBMnoNk3yYT9syMRBQ=,wK4rQYCq5RktVv6keR/fUPM8+qU=
5,19,glzZujGpVMBMnoNk3yYT9syMRBQ=,wK4rQYCq5RktVv6keR/fUPM8+qU=
5,18,glzZujGpVMBMnoNk3yYT9syMRBQ=,wK4rQYCq5RktVv6keR/fUPM8+qU=
3,16,glzZujGpVMBMnoNk3yYT9syMRBQ=,wK4rQYCq5RktVv6keR/fUPM8+qU=
4,19,glzZujGpVMBMnoNk3yYT9syMRBQ=,wK4rQYCq5RktVv6keR/fUPM8+qU=
6,19,glzZujGpVMBMnoNk3yYT9syMRBQ=,wK4rQYCq5RktVv6keR/fUPM8+qU=
3,19,glzZujGpVMBMnoNk3yYT9syMRBQ=,wK4rQYCq5RktVv6keR/fUPM8+qU=
2,19,glzZujGpVMBMnoNk3yYT9syMRBQ=,wK4rQYCq5RktVv6keR/fUPM8+qU=
0,19,glzZujGpVMBMnoNk3yYT9syMRBQ=,wK4rQYCq5RktVv6keR/fUPM8+qU=
15,18,glzZujGpVMBMnoNk3yYT9syMRBQ=,wK4rQYCq5RktVv6keR/fUPM8+qU=
6,18,glzZujGpVMBMnoNk3yYT9syMRBQ=,wK4rQYCq5RktVv6keR/fUPM8+qU=
0,17,glzZujGpVMBMnoNk3yYT9syMRBQ=,wK4rQYCq5RktVv6keR/fUPM8+qU=
14,18,glzZujGpVMBMnoNk3yYT9syMRBQ=,wK4rQYCq5RktVv6keR/fUPM8+qU=
1,19,glzZujGpVMBMnoNk3yYT9syMRBQ=,wK4rQYCq5RktVv6keR/fUPM8+qU=
13,18,glzZujGpVMBMnoNk3yYT9syMRBQ=,wK4rQYCq5RktVv6keR/fUPM8+qU=
12,18,glzZujGpVMBMnoNk3yYT9syMRBQ=,wK4rQYCq5RktVv6keR/fUPM8+qU=
11,18,glzZujGpVMBMnoNk3yYT9syMRBQ=,wK4rQYCq5RktVv6keR/fUPM8+qU=
10,18,glzZujGpVMBMnoNk3yYT9syMRBQ=,wK4rQYCq5RktVv6keR/fUPM8+qU=
7,18,glzZujGpVMBMnoNk3yYT9syMRBQ=,wK4rQYCq5RktVv6keR/fUPM8+qU=
9,18,glzZujGpVMBMnoNk3yYT9syMRBQ=,wK4rQYCq5RktVv6keR/fUPM8+qU=
8,18,glzZujGpVMBMnoNk3yYT9syMRBQ=,wK4rQYCq5RktVv6keR/fUPM8+qU=
14,17,glzZujGpVMBMnoNk3yYT9syMRBQ=,wK4rQYCq5RktVv6keR/fUPM8+qU=
30,17,glzZujGpVMBMnoNk3yYT9syMRBQ=,wK4rQYCq5RktVv6keR/fUPM8+qU=
31,31,glzZujGpVMBMnoNk3yYT9syMRBQ=,wK4rQYCq5RktVv6keR/fUPM8+qU=
29,17,glzZujGpVMBMnoNk3yYT9syMRBQ=,wK4rQYCq5RktVv6keR/fUPM8+qU=
27,17,glzZujGpVMBMnoNk3yYT9syMRBQ=,wK4rQYCq5RktVv6keR/fUPM8+qU=
28,17,glzZujGpVMBMnoNk3yYT9syMRBQ=,wK4rQYCq5RktVv6keR/fUPM8+qU=
25,17,glzZujGpVMBMnoNk3yYT9syMRBQ=,wK4rQYCq5RktVv6keR/fUPM8+qU=
31,17,glzZujGpVMBMnoNk3yYT9syMRBQ=,wK4rQYCq5RktVv6keR/fUPM8+qU=
24,17,glzZujGpVMBMnoNk3yYT9syMRBQ=,wK4rQYCq5RktVv6keR/fUPM8+qU=
26,17,glzZujGpVMBMnoNk3yYT9syMRBQ=,wK4rQYCq5RktVv6keR/fUPM8+qU=
23,17,glzZujGpVMBMnoNk3yYT9syMRBQ=,wK4rQYCq5RktVv6keR/fUPM8+qU=
22,17,glzZujGpVMBMnoNk3yYT9syMRBQ=,wK4rQYCq5RktVv6keR/fUPM8+qU=
31,16,glzZujGpVMBMnoNk3yYT9syMRBQ=,wK4rQYCq5RktVv6keR/fUPM8+qU=
30,31,glzZujGpVMBMnoNk3yYT9syMRBQ=,wK4rQYCq5RktVv6keR/fUPM8+qU=
20,17,glzZujGpVMBMnoNk3yYT9syMRBQ=,wK4rQYCq5RktVv6keR/fUPM8+qU=
21,17,glzZujGpVMBMnoNk3yYT9syMRBQ=,wK4rQYCq5RktVv6keR/fUPM8+qU=
29,31,glzZujGpVMBMnoNk3yYT9syMRBQ=,wK4rQYCq5RktVv6keR/fUPM8+qU=
19,17,glzZujGpVMBMnoNk3yYT9syMRBQ=,wK4rQYCq5RktVv6keR/fUPM8+qU=
28,31,glzZujGpVMBMnoNk3yYT9syMRBQ=,wK4rQYCq5RktVv6keR/fUPM8+qU=
24,31,glzZujGpVMBMnoNk3yYT9syMRBQ=,wK4rQYCq5RktVv6keR/fUPM8+qU=
26,31,glzZujGpVMBMnoNk3yYT9syMRBQ=,wK4rQYCq5RktVv6keR/fUPM8+qU=
27,31,glzZujGpVMBMnoNk3yYT9syMRBQ=,wK4rQYCq5RktVv6keR/fUPM8+qU=
22,31,glzZujGpVMBMnoNk3yYT9syMRBQ=,wK4rQYCq5RktVv6keR/fUPM8+qU=
23,31,glzZujGpVMBMnoNk3yYT9syMRBQ=,wK4rQYCq5RktVv6keR/fUPM8+qU=
21,31,glzZujGpVMBMnoNk3yYT9syMRBQ=,wK4rQYCq5RktVv6keR/fUPM8+qU=
20,31,glzZujGpVMBMnoNk3yYT9syMRBQ=,wK4rQYCq5RktVv6keR/fUPM8+qU=
18,31,glzZujGpVMBMnoNk3yYT9syMRBQ=,wK4rQYCq5RktVv6keR/fUPM8+qU=
16,18,glzZujGpVMBMnoNk3yYT9syMRBQ=,wK4rQYCq5RktVv6keR/fUPM8+qU=
19,31,glzZujGpVMBMnoNk3yYT9syMRBQ=,wK4rQYCq5RktVv6keR/fUPM8+qU=
16,31,glzZujGpVMBMnoNk3yYT9syMRBQ=,wK4rQYCq5RktVv6keR/fUPM8+qU=
31,30,glzZujGpVMBMnoNk3yYT9syMRBQ=,wK4rQYCq5RktVv6keR/fUPM8+qU=
30,30,glzZujGpVMBMnoNk3yYT9syMRBQ=,wK4rQYCq5RktVv6keR/fUPM8+qU=
17,31,glzZujGpVMBMnoNk3yYT9syMRBQ=,wK4rQYCq5RktVv6keR/fUPM8+qU=
30,16,glzZujGpVMBMnoNk3yYT9syMRBQ=,wK4rQYCq5RktVv6keR/fUPM8+qU=
29,30,glzZujGpVMBMnoNk3yYT9syMRBQ=,wK4rQYCq5RktVv6keR/fUPM8+qU=
27,30,glzZujGpVMBMnoNk3yYT9syMRBQ=,wK4rQYCq5RktVv6keR/fUPM8+qU=
28,30,glzZujGpVMBMnoNk3yYT9syMRBQ=,wK4rQYCq5RktVv6keR/fUPM8+qU=
26,30,glzZujGpVMBMnoNk3yYT9syMRBQ=,wK4rQYCq5RktVv6keR/fUPM8+qU=
25,30,glzZujGpVMBMnoNk3yYT9syMRBQ=,wK4rQYCq5RktVv6keR/fUPM8+qU=
24,30,glzZujGpVMBMnoNk3yYT9syMRBQ=,wK4rQYCq5RktVv6keR/fUPM8+qU=
23,30,glzZujGpVMBMnoNk3yYT9syMRBQ=,wK4rQYCq5RktVv6keR/fUPM8+qU=
18,17,glzZujGpVMBMnoNk3yYT9syMRBQ=,wK4rQYCq5RktVv6keR/fUPM8+qU=
21,30,glzZujGpVMBMnoNk3yYT9syMRBQ=,wK4rQYCq5RktVv6keR/fUPM8+qU=
22,30,glzZujGpVMBMnoNk3yYT9syMRBQ=,wK4rQYCq5RktVv6keR/fUPM8+qU=
20,30,glzZujGpVMBMnoNk3yYT9syMRBQ=,wK4rQYCq5RktVv6keR/fUPM8+qU=
18,30,glzZujGpVMBMnoNk3yYT9syMRBQ=,wK4rQYCq5RktVv6keR/fUPM8+qU=
17,30,glzZujGpVMBMnoNk3yYT9syMRBQ=,wK4rQYCq5RktVv6keR/fUPM8+qU=
19,30,glzZujGpVMBMnoNk3yYT9syMRBQ=,wK4rQYCq5RktVv6keR/fUPM8+qU=
17,17,glzZujGpVMBMnoNk3yYT9syMRBQ=,wK4rQYCq5RktVv6keR/fUPM8+qU=
31,29,glzZujGpVMBMnoNk3yYT9syMRBQ=,wK4rQYCq5RktVv6keR/fUPM8+qU=
16,30,glzZujGpVMBMnoNk3yYT9syMRBQ=,wK4rQYCq5RktVv6keR/fUPM8+qU=
30,29,glzZujGpVMBMnoNk3yYT9syMRBQ=,wK4rQYCq5RktVv6keR/fUPM8+qU=
29,29,glzZujGpVMBMnoNk3yYT9syMRBQ=,wK4rQYCq5RktVv6keR/fUPM8+qU=
29,16,glzZujGpVMBMnoNk3yYT9syMRBQ=,wK4rQYCq5RktVv6keR/fUPM8+qU=
25,31,glzZujGpVMBMnoNk3yYT9syMRBQ=,wK4rQYCq5RktVv6keR/fUPM8+qU=
27,29,glzZujGpVMBMnoNk3yYT9syMRBQ=,wK4rQYCq5RktVv6keR/fUPM8+qU=
28,29,glzZujGpVMBMnoNk3yYT9syMRBQ=,wK4rQYCq5RktVv6keR/fUPM8+qU=
26,29,glzZujGpVMBMnoNk3yYT9syMRBQ=,wK4rQYCq5RktVv6keR/fUPM8+qU=
25,29,glzZujGpVMBMnoNk3yYT9syMRBQ=,wK4rQYCq5RktVv6keR/fUPM8+qU=
24,29,glzZujGpVMBMnoNk3yYT9syMRBQ=,wK4rQYCq5RktVv6keR/fUPM8+qU=
23,29,glzZujGpVMBMnoNk3yYT9syMRBQ=,wK4rQYCq5RktVv6keR/fUPM8+qU=
22,29,glzZujGpVMBMnoNk3yYT9syMRBQ=,wK4rQYCq5RktVv6keR/fUPM8+qU=
20,29,glzZujGpVMBMnoNk3yYT9syMRBQ=,wK4rQYCq5RktVv6keR/fUPM8+qU=
21,29,glzZujGpVMBMnoNk3yYT9syMRBQ=,wK4rQYCq5RktVv6keR/fUPM8+qU=
18,29,glzZujGpVMBMnoNk3yYT9syMRBQ=,wK4rQYCq5RktVv6keR/fUPM8+qU=
19,29,glzZujGpVMBMnoNk3yYT9syMRBQ=,wK4rQYCq5RktVv6keR/fUPM8+qU=
31,28,glzZujGpVMBMnoNk3yYT9syMRBQ=,wK4rQYCq5RktVv6keR/fUPM8+qU=
17,29,glzZujGpVMBMnoNk3yYT9syMRBQ=,wK4rQYCq5RktVv6keR/fUPM8+qU=
30,28,glzZujGpVMBMnoNk3yYT9syMRBQ=,wK4rQYCq5RktVv6keR/fUPM8+qU=
29,28,glzZujGpVMBMnoNk3yYT9syMRBQ=,wK4rQYCq5RktVv6keR/fUPM8+qU=
16,29,glzZujGpVMBMnoNk3yYT9syMRBQ=,wK4rQYCq5RktVv6keR/fUPM8+qU=
28,28,glzZujGpVMBMnoNk3yYT9syMRBQ=,wK4rQYCq5RktVv6keR/fUPM8+qU=
27,28,glzZujGpVMBMnoNk3yYT9syMRBQ=,wK4rQYCq5RktVv6keR/fUPM8+qU=
28,16,glzZujGpVMBMnoNk3yYT9syMRBQ=,wK4rQYCq5RktVv6keR/fUPM8+qU=
26,28,glzZujGpVMBMnoNk3yYT9syMRBQ=,wK4rQYCq5RktVv6keR/fUPM8+qU=
25,28,glzZujGpVMBMnoNk3yYT9syMRBQ=,wK4rQYCq5RktVv6keR/fUPM8+qU=
24,28,glzZujGpVMBMnoNk3yYT9syMRBQ=,wK4rQYCq5RktVv6keR/fUPM8+qU=
23,28,glzZujGpVMBMnoNk3yYT9syMRBQ=,wK4rQYCq5RktVv6keR/fUPM8+qU=
22,28,glzZujGpVMBMnoNk3yYT9syMRBQ=,wK4rQYCq5RktVv6keR/fUPM8+qU=
21,28,glzZujGpVMBMnoNk3yYT9syMRBQ=,wK4rQYCq5RktVv6keR/fUPM8+qU=
20,28,glzZujGpVMBMnoNk3yYT9syMRBQ=,wK4rQYCq5RktVv6keR/fUPM8+qU=
18,28,glzZujGpVMBMnoNk3yYT9syMRBQ=,wK4rQYCq5RktVv6keR/fUPM8+qU=
19,28,glzZujGpVMBMnoNk3yYT9syMRBQ=,wK4rQYCq5RktVv6keR/fUPM8+qU=
16,28,glzZujGpVMBMnoNk3yYT9syMRBQ=,wK4rQYCq5RktVv6keR/fUPM8+qU=
17,28,glzZujGpVMBMnoNk3yYT9syMRBQ=,wK4rQYCq5RktVv6keR/fUPM8+qU=
31,27,glzZujGpVMBMnoNk3yYT9syMRBQ=,wK4rQYCq5RktVv6keR/fUPM8+qU=
30,27,glzZujGpVMBMnoNk3yYT9syMRBQ=,wK4rQYCq5RktVv6keR/fUPM8+qU=
28,27,glzZujGpVMBMnoNk3yYT9syMRBQ=,wK4rQYCq5RktVv6keR/fUPM8+qU=
29,27,glzZujGpVMBMnoNk3yYT9syMRBQ=,wK4rQYCq5RktVv6keR/fUPM8+qU=
27,27,glzZujGpVMBMnoNk3yYT9syMRBQ=,wK4rQYCq5RktVv6keR/fUPM8+qU=
26,27,glzZujGpVMBMnoNk3yYT9syMRBQ=,wK4rQYCq5RktVv6keR/fUPM8+qU=
27,16,glzZujGpVMBMnoNk3yYT9syMRBQ=,wK4rQYCq5RktVv6keR/fUPM8+qU=
25,27,glzZujGpVMBMnoNk3yYT9syMRBQ=,wK4rQYCq5RktVv6keR/fUPM8+qU=
24,27,glzZujGpVMBMnoNk3yYT9syMRBQ=,wK4rQYCq5RktVv6keR/fUPM8+qU=
23,27,glzZujGpVMBMnoNk3yYT9syMRBQ=,wK4rQYCq5RktVv6keR/fUPM8+qU=
22,27,glzZujGpVMBMnoNk3yYT9syMRBQ=,wK4rQYCq5RktVv6keR/fUPM8+qU=
21,27,glzZujGpVMBMnoNk3yYT9syMRBQ=,wK4rQYCq5RktVv6keR/fUPM8+qU=
20,27,glzZujGpVMBMnoNk3yYT9syMRBQ=,wK4rQYCq5RktVv6keR/fUPM8+qU=
19,27,glzZujGpVMBMnoNk3yYT9syMRBQ=,wK4rQYCq5RktVv6keR/fUPM8+qU=
18,27,glzZujGpVMBMnoNk3yYT9syMRBQ=,wK4rQYCq5RktVv6keR/fUPM8+qU=
17,27,glzZujGpVMBMnoNk3yYT9syMRBQ=,wK4rQYCq5RktVv6keR/fUPM8+qU=
16,27,glzZujGpVMBMnoNk3yYT9syMRBQ=,wK4rQYCq5RktVv6keR/fUPM8+qU=
31,26,glzZujGpVMBMnoNk3yYT9syMRBQ=,wK4rQYCq5RktVv6keR/fUPM8+qU=
27,26,glzZujGpVMBMnoNk3yYT9syMRBQ=,wK4rQYCq5RktVv6keR/fUPM8+qU=
30,26,glzZujGpVMBMnoNk3yYT9syMRBQ=,wK4rQYCq5RktVv6keR/fUPM8+qU=
28,26,glzZujGpVMBMnoNk3yYT9syMRBQ=,wK4rQYCq5RktVv6keR/fUPM8+qU=
29,26,glzZujGpVMBMnoNk3yYT9syMRBQ=,wK4rQYCq5RktVv6keR/fUPM8+qU=
25,26,glzZujGpVMBMnoNk3yYT9syMRBQ=,wK4rQYCq5RktVv6keR/fUPM8+qU=
26,26,glzZujGpVMBMnoNk3yYT9syMRBQ=,wK4rQYCq5RktVv6keR/fUPM8+qU=
26,16,glzZujGpVMBMnoNk3yYT9syMRBQ=,wK4rQYCq5RktVv6keR/fUPM8+qU=
24,26,glzZujGpVMBMnoNk3yYT9syMRBQ=,wK4rQYCq5RktVv6keR/fUPM8+qU=
22,26,glzZujGpVMBMnoNk3yYT9syMRBQ=,wK4rQYCq5RktVv6keR/fUPM8+qU=
23,26,glzZujGpVMBMnoNk3yYT9syMRBQ=,wK4rQYCq5RktVv6keR/fUPM8+qU=
21,26,glzZujGpVMBMnoNk3yYT9syMRBQ=,wK4rQYCq5RktVv6keR/fUPM8+qU=
20,26,glzZujGpVMBMnoNk3yYT9syMRBQ=,wK4rQYCq5RktVv6keR/fUPM8+qU=
19,26,glzZujGpVMBMnoNk3yYT9syMRBQ=,wK4rQYCq5RktVv6keR/fUPM8+qU=
18,26,glzZujGpVMBMnoNk3yYT9syMRBQ=,wK4rQYCq5RktVv6keR/fUPM8+qU=
17,26,glzZujGpVMBMnoNk3yYT9syMRBQ=,wK4rQYCq5RktVv6keR/fUPM8+qU=
16,26,glzZujGpVMBMnoNk3yYT9syMRBQ=,wK4rQYCq5RktVv6keR/fUPM8+qU=
29,25,glzZujGpVMBMnoNk3yYT9syMRBQ=,wK4rQYCq5RktVv6keR/fUPM8+qU=
31,25,glzZujGpVMBMnoNk3yYT9syMRBQ=,wK4rQYCq5RktVv6keR/fUPM8+qU=
28,25,glzZujGpVMBMnoNk3yYT9syMRBQ=,wK4rQYCq5RktVv6keR/fUPM8+qU=
30,25,glzZujGpVMBMnoNk3yYT9syMRBQ=,wK4rQYCq5RktVv6keR/fUPM8+qU=
27,25,glzZujGpVMBMnoNk3yYT9syMRBQ=,wK4rQYCq5RktVv6keR/fUPM8+qU=
25,25,glzZujGpVMBMnoNk3yYT9syMRBQ=,wK4rQYCq5RktVv6keR/fUPM8+qU=
26,25,glzZujGpVMBMnoNk3yYT9syMRBQ=,wK4rQYCq5RktVv6keR/fUPM8+qU=
24,25,glzZujGpVMBMnoNk3yYT9syMRBQ=,wK4rQYCq5RktVv6keR/fUPM8+qU=
25,16,glzZujGpVMBMnoNk3yYT9syMRBQ=,wK4rQYCq5RktVv6keR/fUPM8+qU=
23,25,glzZujGpVMBMnoNk3yYT9syMRBQ=,wK4rQYCq5RktVv6keR/fUPM8+qU=
22,25,glzZujGpVMBMnoNk3yYT9syMRBQ=,wK4rQYCq5RktVv6keR/fUPM8+qU=
21,25,glzZujGpVMBMnoNk3yYT9syMRBQ=,wK4rQYCq5RktVv6keR/fUPM8+qU=
20,25,glzZujGpVMBMnoNk3yYT9syMRBQ=,wK4rQYCq5RktVv6keR/fUPM8+qU=
18,25,glzZujGpVMBMnoNk3yYT9syMRBQ=,wK4rQYCq5RktVv6keR/fUPM8+qU=
17,25,glzZujGpVMBMnoNk3yYT9syMRBQ=,wK4rQYCq5RktVv6keR/fUPM8+qU=
19,25,glzZujGpVMBMnoNk3yYT9syMRBQ=,wK4rQYCq5RktVv6keR/fUPM8+qU=
16,25,glzZujGpVMBMnoNk3yYT9syMRBQ=,wK4rQYCq5RktVv6keR/fUPM8+qU=
31,24,glzZujGpVMBMnoNk3yYT9syMRBQ=,wK4rQYCq5RktVv6keR/fUPM8+qU=
30,24,glzZujGpVMBMnoNk3yYT9syMRBQ=,wK4rQYCq5RktVv6keR/fUPM8+qU=
29,24,glzZujGpVMBMnoNk3yYT9syMRBQ=,wK4rQYCq5RktVv6keR/fUPM8+qU=
28,24,glzZujGpVMBMnoNk3yYT9syMRBQ=,wK4rQYCq5RktVv6keR/fUPM8+qU=
27,24,glzZujGpVMBMnoNk3yYT9syMRBQ=,wK4rQYCq5RktVv6keR/fUPM8+qU=
26,24,glzZujGpVMBMnoNk3yYT9syMRBQ=,wK4rQYCq5RktVv6keR/fUPM8+qU=
25,24,glzZujGpVMBMnoNk3yYT9syMRBQ=,wK4rQYCq5RktVv6keR/fUPM8+qU=
23,24,glzZujGpVMBMnoNk3yYT9syMRBQ=,wK4rQYCq5RktVv6keR/fUPM8+qU=
24,24,glzZujGpVMBMnoNk3yYT9syMRBQ=,wK4rQYCq5RktVv6keR/fUPM8+qU=
24,16,glzZujGpVMBMnoNk3yYT9syMRBQ=,wK4rQYCq5RktVv6keR/fUPM8+qU=
22,24,glzZujGpVMBMnoNk3yYT9syMRBQ=,wK4rQYCq5RktVv6keR/fUPM8+qU=
20,24,glzZujGpVMBMnoNk3yYT9syMRBQ=,wK4rQYCq5RktVv6keR/fUPM8+qU=
21,24,glzZujGpVMBMnoNk3yYT9syMRBQ=,wK4rQYCq5RktVv6keR/fUPM8+qU=
19,24,glzZujGpVMBMnoNk3yYT9syMRBQ=,wK4rQYCq5RktVv6keR/fUPM8+qU=
18,24,glzZujGpVMBMnoNk3yYT9syMRBQ=,wK4rQYCq5RktVv6keR/fUPM8+qU=
17,24,glzZujGpVMBMnoNk3yYT9syMRBQ=,wK4rQYCq5RktVv6keR/fUPM8+qU=
16,24,glzZujGpVMBMnoNk3yYT9syMRBQ=,wK4rQYCq5RktVv6keR/fUPM8+qU=
30,23,glzZujGpVMBMnoNk3yYT9syMRBQ=,wK4rQYCq5RktVv6keR/fUPM8+qU=
29,23,glzZujGpVMBMnoNk3yYT9syMRBQ=,wK4rQYCq5RktVv6keR/fUPM8+qU=
31,23,glzZujGpVMBMnoNk3yYT9syMRBQ=,wK4rQYCq5RktVv6keR/fUPM8+qU=
28,23,glzZujGpVMBMnoNk3yYT9syMRBQ=,wK4rQYCq5RktVv6keR/fUPM8+qU=
26,23,glzZujGpVMBMnoNk3yYT9syMRBQ=,wK4rQYCq5RktVv6keR/fUPM8+qU=
25,23,glzZujGpVMBMnoNk3yYT9syMRBQ=,wK4rQYCq5RktVv6keR/fUPM8+qU=
27,23,glzZujGpVMBMnoNk3yYT9syMRBQ=,wK4rQYCq5RktVv6keR/fUPM8+qU=
23,23,glzZujGpVMBMnoNk3yYT9syMRBQ=,wK4rQYCq5RktVv6keR/fUPM8+qU=
24,23,glzZujGpVMBMnoNk3yYT9syMRBQ=,wK4rQYCq5RktVv6keR/fUPM8+qU=
23,16,glzZujGpVMBMnoNk3yYT9syMRBQ=,wK4rQYCq5RktVv6keR/fUPM8+qU=
22,23,glzZujGpVMBMnoNk3yYT9syMRBQ=,wK4rQYCq5RktVv6keR/fUPM8+qU=
21,23,glzZujGpVMBMnoNk3yYT9syMRBQ=,wK4rQYCq5RktVv6keR/fUPM8+qU=
20,23,glzZujGpVMBMnoNk3yYT9syMRBQ=,wK4rQYCq5RktVv6keR/fUPM8+qU=
19,23,glzZujGpVMBMnoNk3yYT9syMRBQ=,wK4rQYCq5RktVv6keR/fUPM8+qU=
18,23,glzZujGpVMBMnoNk3yYT9syMRBQ=,wK4rQYCq5RktVv6keR/fUPM8+qU=
17,23,glzZujGpVMBMnoNk3yYT9syMRBQ=,wK4rQYCq5RktVv6keR/fUPM8+qU=
16,23,glzZujGpVMBMnoNk3yYT9syMRBQ=,wK4rQYCq5RktVv6keR/fUPM8+qU=
31,22,glzZujGpVMBMnoNk3yYT9syMRBQ=,wK4rQYCq5RktVv6keR/fUPM8+qU=
30,22,glzZujGpVMBMnoNk3yYT9syMRBQ=,wK4rQYCq5RktVv6keR/fUPM8+qU=
29,22,glzZujGpVMBMnoNk3yYT9syMRBQ=,wK4rQYCq5RktVv6keR/fUPM8+qU=
16,17,glzZujGpVMBMnoNk3yYT9syMRBQ=,wK4rQYCq5RktVv6keR/fUPM8+qU=
28,22,glzZujGpVMBMnoNk3yYT9syMRBQ=,wK4rQYCq5RktVv6keR/fUPM8+qU=
27,22,glzZujGpVMBMnoNk3yYT9syMRBQ=,wK4rQYCq5RktVv6keR/fUPM8+qU=
26,22,glzZujGpVMBMnoNk3yYT9syMRBQ=,wK4rQYCq5RktVv6keR/fUPM8+qU=
25,22,glzZujGpVMBMnoNk3yYT9syMRBQ=,wK4rQYCq5RktVv6keR/fUPM8+qU=
23,22,glzZujGpVMBMnoNk3yYT9syMRBQ=,wK4rQYCq5RktVv6keR/fUPM8+qU=
24,22,glzZujGpVMBMnoNk3yYT9syMRBQ=,wK4rQYCq5RktVv6keR/fUPM8+qU=
22,22,glzZujGpVMBMnoNk3yYT9syMRBQ=,wK4rQYCq5RktVv6keR/fUPM8+qU=
21,22,glzZujGpVMBMnoNk3yYT9syMRBQ=,wK4rQYCq5RktVv6keR/fUPM8+qU=
20,22,glzZujGpVMBMnoNk3yYT9syMRBQ=,wK4rQYCq5RktVv6keR/fUPM8+qU=
19,22,glzZujGpVMBMnoNk3yYT9syMRBQ=,wK4rQYCq5RktVv6keR/fUPM8+qU=
18,22,glzZujGpVMBMnoNk3yYT9syMRBQ=,wK4rQYCq5RktVv6keR/fUPM8+qU=
16,22,glzZujGpVMBMnoNk3yYT9syMRBQ=,wK4rQYCq5RktVv6keR/fUPM8+qU=
17,22,glzZujGpVMBMnoNk3yYT9syMRBQ=,wK4rQYCq5RktVv6keR/fUPM8+qU=
30,21,glzZujGpVMBMnoNk3yYT9syMRBQ=,wK4rQYCq5RktVv6keR/fUPM8+qU=
31,21,glzZujGpVMBMnoNk3yYT9syMRBQ=,wK4rQYCq5RktVv6keR/fUPM8+qU=
29,21,glzZujGpVMBMnoNk3yYT9syMRBQ=,wK4rQYCq5RktVv6keR/fUPM8+qU=
28,21,glzZujGpVMBMnoNk3yYT9syMRBQ=,wK4rQYCq5RktVv6keR/fUPM8+qU=
27,21,glzZujGpVMBMnoNk3yYT9syMRBQ=,wK4rQYCq5RktVv6keR/fUPM8+qU=
26,21,glzZujGpVMBMnoNk3yYT9syMRBQ=,wK4rQYCq5RktVv6keR/fUPM8+qU=
25,21,glzZujGpVMBMnoNk3yYT9syMRBQ=,wK4rQYCq5RktVv6keR/fUPM8+qU=
24,21,glzZujGpVMBMnoNk3yYT9syMRBQ=,wK4rQYCq5RktVv6keR/fUPM8+qU=
23,21,glzZujGpVMBMnoNk3yYT9syMRBQ=,wK4rQYCq5RktVv6keR/fUPM8+qU=
22,21,glzZujGpVMBMnoNk3yYT9syMRBQ=,wK4rQYCq5RktVv6keR/fUPM8+qU=
20,21,glzZujGpVMBMnoNk3yYT9syMRBQ=,wK4rQYCq5RktVv6keR/fUPM8+qU=
21,21,glzZujGpVMBMnoNk3yYT9syMRBQ=,wK4rQYCq5RktVv6keR/fUPM8+qU=
19,21,glzZujGpVMBMnoNk3yYT9syMRBQ=,wK4rQYCq5RktVv6keR/fUPM8+qU=
18,21,glzZujGpVMBMnoNk3yYT9syMRBQ=,wK4rQYCq5RktVv6keR/fUPM8+qU=
17,21,glzZujGpVMBMnoNk3yYT9syMRBQ=,wK4rQYCq5RktVv6keR/fUPM8+qU=
16,21,glzZujGpVMBMnoNk3yYT9syMRBQ=,wK4rQYCq5RktVv6keR/fUPM8+qU=
30,20,glzZujGpVMBMnoNk3yYT9syMRBQ=,wK4rQYCq5RktVv6keR/fUPM8+qU=
31,20,glzZujGpVMBMnoNk3yYT9syMRBQ=,wK4rQYCq5RktVv6keR/fUPM8+qU=
29,20,glzZujGpVMBMnoNk3yYT9syMRBQ=,wK4rQYCq5RktVv6keR/fUPM8+qU=
28,20,glzZujGpVMBMnoNk3yYT9syMRBQ=,wK4rQYCq5RktVv6keR/fUPM8+qU=
27,20,glzZujGpVMBMnoNk3yYT9syMRBQ=,wK4rQYCq5RktVv6keR/fUPM8+qU=
26,20,glzZujGpVMBMnoNk3yYT9syMRBQ=,wK4rQYCq5RktVv6keR/fUPM8+qU=
25,20,glzZujGpVMBMnoNk3yYT9syMRBQ=,wK4rQYCq5RktVv6keR/fUPM8+qU=
24,20,glzZujGpVMBMnoNk3yYT9syMRBQ=,wK4rQYCq5RktVv6keR/fUPM8+qU=
23,20,glzZujGpVMBMnoNk3yYT9syMRBQ=,wK4rQYCq5RktVv6keR/fUPM8+qU=
22,20,glzZujGpVMBMnoNk3yYT9syMRBQ=,wK4rQYCq5RktVv6keR/fUPM8+qU=
16,16,glzZujGpVMBMnoNk3yYT9syMRBQ=,wK4rQYCq5RktVv6keR/fUPM8+qU=
22,16,glzZujGpVMBMnoNk3yYT9syMRBQ=,wK4rQYCq5RktVv6keR/fUPM8+qU=
17,16,glzZujGpVMBMnoNk3yYT9syMRBQ=,wK4rQYCq5RktVv6keR/fUPM8+qU=
19,20,glzZujGpVMBMnoNk3yYT9syMRBQ=,wK4rQYCq5RktVv6keR/fUPM8+qU=
21,20,glzZujGpVMBMnoNk3yYT9syMRBQ=,wK4rQYCq5RktVv6keR/fUPM8+qU=
20,20,glzZujGpVMBMnoNk3yYT9syMRBQ=,wK4rQYCq5RktVv6keR/fUPM8+qU=
30,19,glzZujGpVMBMnoNk3yYT9syMRBQ=,wK4rQYCq5RktVv6keR/fUPM8+qU=
31,19,glzZujGpVMBMnoNk3yYT9syMRBQ=,wK4rQYCq5RktVv6keR/fUPM8+qU=
29,19,glzZujGpVMBMnoNk3yYT9syMRBQ=,wK4rQYCq5RktVv6keR/fUPM8+qU=
28,19,glzZujGpVMBMnoNk3yYT9syMRBQ=,wK4rQYCq5RktVv6keR/fUPM8+qU=
27,19,glzZujGpVMBMnoNk3yYT9syMRBQ=,wK4rQYCq5RktVv6keR/fUPM8+qU=
26,19,glzZujGpVMBMnoNk3yYT9syMRBQ=,wK4rQYCq5RktVv6keR/fUPM8+qU=
25,19,glzZujGpVMBMnoNk3yYT9syMRBQ=,wK4rQYCq5RktVv6keR/fUPM8+qU=
24,19,glzZujGpVMBMnoNk3yYT9syMRBQ=,wK4rQYCq5RktVv6keR/fUPM8+qU=
23,19,glzZujGpVMBMnoNk3yYT9syMRBQ=,wK4rQYCq5RktVv6keR/fUPM8+qU=
22,19,glzZujGpVMBMnoNk3yYT9syMRBQ=,wK4rQYCq5RktVv6keR/fUPM8+qU=
16,20,glzZujGpVMBMnoNk3yYT9syMRBQ=,wK4rQYCq5RktVv6keR/fUPM8+qU=
18,20,glzZujGpVMBMnoNk3yYT9syMRBQ=,wK4rQYCq5RktVv6keR/fUPM8+qU=
21,16,glzZujGpVMBMnoNk3yYT9syMRBQ=,wK4rQYCq5RktVv6keR/fUPM8+qU=
17,20,glzZujGpVMBMnoNk3yYT9syMRBQ=,wK4rQYCq5RktVv6keR/fUPM8+qU=
21,19,glzZujGpVMBMnoNk3yYT9syMRBQ=,wK4rQYCq5RktVv6keR/fUPM8+qU=
20,16,glzZujGpVMBMnoNk3yYT9syMRBQ=,wK4rQYCq5RktVv6keR/fUPM8+qU=
31,18,glzZujGpVMBMnoNk3yYT9syMRBQ=,wK4rQYCq5RktVv6keR/fUPM8+qU=
20,19,glzZujGpVMBMnoNk3yYT9syMRBQ=,wK4rQYCq5RktVv6keR/fUPM8+qU=
17,18,glzZujGpVMBMnoNk3yYT9syMRBQ=,wK4rQYCq5RktVv6keR/fUPM8+qU=
18,19,glzZujGpVMBMnoNk3yYT9syMRBQ=,wK4rQYCq5RktVv6keR/fUPM8+qU=
17,19,glzZujGpVMBMnoNk3yYT9syMRBQ=,wK4rQYCq5RktVv6keR/fUPM8+qU=
30,18,glzZujGpVMBMnoNk3yYT9syMRBQ=,wK4rQYCq5RktVv6keR/fUPM8+qU=
29,18,glzZujGpVMBMnoNk3yYT9syMRBQ=,wK4rQYCq5RktVv6keR/fUPM8+qU=
28,18,glzZujGpVMBMnoNk3yYT9syMRBQ=,wK4rQYCq5RktVv6keR/fUPM8+qU=
27,18,glzZujGpVMBMnoNk3yYT9syMRBQ=,wK4rQYCq5RktVv6keR/fUPM8+qU=
19,19,glzZujGpVMBMnoNk3yYT9syMRBQ=,wK4rQYCq5RktVv6keR/fUPM8+qU=
26,18,glzZujGpVMBMnoNk3yYT9syMRBQ=,wK4rQYCq5RktVv6keR/fUPM8+qU=
25,18,glzZujGpVMBMnoNk3yYT9syMRBQ=,wK4rQYCq5RktVv6keR/fUPM8+qU=
24,18,glzZujGpVMBMnoNk3yYT9syMRBQ=,wK4rQYCq5RktVv6keR/fUPM8+qU=
23,18,glzZujGpVMBMnoNk3yYT9syMRBQ=,wK4rQYCq5RktVv6keR/fUPM8+qU=
19,16,glzZujGpVMBMnoNk3yYT9syMRBQ=,wK4rQYCq5RktVv6keR/fUPM8+qU=
22,18,glzZujGpVMBMnoNk3yYT9syMRBQ=,wK4rQYCq5RktVv6keR/fUPM8+qU=
16,19,glzZujGpVMBMnoNk3yYT9syMRBQ=,wK4rQYCq5RktVv6keR/fUPM8+qU=
18,18,glzZujGpVMBMnoNk3yYT9syMRBQ=,wK4rQYCq5RktVv6keR/fUPM8+qU=
21,18,glzZujGpVMBMnoNk3yYT9syMRBQ=,wK4rQYCq5RktVv6keR/fUPM8+qU=
18,16,glzZujGpVMBMnoNk3yYT9syMRBQ=,wK4rQYCq5RktVv6keR/fUPM8+qU=
20,18,glzZujGpVMBMnoNk3yYT9syMRBQ=,wK4rQYCq5RktVv6keR/fUPM8+qU=
19,18,glzZujGpVMBMnoNk3yYT9syMRBQ=,wK4rQYCq5RktVv6keR/fUPM8+qU=
