-7,-6,IPYKEton90GtYPrlZ+g+tNcSpmc=,QeTOTBm6AufUagrr0/9WXcM8XCQ=
-6,-7,IPYKEton90GtYPrlZ+g+tNcSpmc=,QeTOTBm6AufUagrr0/9WXcM8XCQ=
-6,-6,IPYKEton90GtYPrlZ+g+tNcSpmc=,QeTOTBm6AufUagrr0/9WXcM8XCQ=
-7,-7,+0MGXldNvza/dwbZKNbTwjdLoBc=,QeTOTBm6AufUagrr0/9WXcM8XCQ=
-6,-11,+0MGXldNvza/dwbZKNbTwjdLoBc=,bCNPn5y3QkaWr1g9b3LMXcE7uC4=
-7,-10,y+IYd4b+FLEk5Hb/5R4xKXiJluI=,bCNPn5y3QkaWr1g9b3LMXcE7uC4=
-6,-8,y+IYd4b+FLEk5Hb/5R4xKXiJluI=,QeTOTBm6AufUagrr0/9WXcM8XCQ=
-7,-9,y+IYd4b+FLEk5Hb/5R4xKXiJluI=,bCNPn5y3QkaWr1g9b3LMXcE7uC4=
-7,-8,vrixmprnSoIhizJRXAplY0ntwG8=,QeTOTBm6AufUagrr0/9WXcM8XCQ=
-7,-11,vrixmprnSoIhizJRXAplY0ntwG8=,bCNPn5y3QkaWr1g9b3LMXcE7uC4=
-6,-9,vrixmprnSoIhizJRXAplY0ntwG8=,bCNPn5y3QkaWr1g9b3LMXcE7uC4=
-8,-10,vrixmprnSoIhizJRXAplY0ntwG8=,bCNPn5y3QkaWr1g9b3LMXcE7uC4=
-6,-10,vrixmprnSoIhizJRXAplY0ntwG8=,bCNPn5y3QkaWr1g9b3LMXcE7uC4=
-10,-10,vrixmprnSoIhizJRXAplY0ntwG8=,fmnoQpcIY3XQQZ687uu0hBqHpLw=
-9,-10,vrixmprnSoIhizJRXAplY0ntwG8=,fmnoQpcIY3XQQZ687uu0hBqHpLw=
-11,-10,vrixmprnSoIhizJRXAplY0ntwG8=,fmnoQpcIY3XQQZ687uu0hBqHpLw=
-8,-6,vrixmprnSoIhizJRXAplY0ntwG8=,QeTOTBm6AufUagrr0/9WXcM8XCQ=
-11,-11,vrixmprnSoIhizJRXAplY0ntwG8=,fmnoQpcIY3XQQZ687uu0hBqHpLw=
-8,-11,vrixmprnSoIhizJRXAplY0ntwG8=,bCNPn5y3QkaWr1g9b3LMXcE7uC4=
-10,-11,vrixmprnSoIhizJRXAplY0ntwG8=,fmnoQpcIY3XQQZ687uu0hBqHpLw=
-9,-11,vrixmprnSoIhizJRXAplY0ntwG8=,fmnoQpcIY3XQQZ687uu0hBqHpLw=
-8,-8,vrixmprnSoIhizJRXAplY0ntwG8=,QeTOTBm6AufUagrr0/9WXcM8XCQ=
-11,-8,vrixmprnSoIhizJRXAplY0ntwG8=,fmnoQpcIY3XQQZ687uu0hBqHpLw=
-10,-8,vrixmprnSoIhizJRXAplY0ntwG8=,fmnoQpcIY3XQQZ687uu0hBqHpLw=
-11,-7,vrixmprnSoIhizJRXAplY0ntwG8=,fmnoQpcIY3XQQZ687uu0hBqHpLw=
-10,-6,vrixmprnSoIhizJRXAplY0ntwG8=,fmnoQpcIY3XQQZ687uu0hBqHpLw=
-9,-6,vrixmprnSoIhizJRXAplY0ntwG8=,fmnoQpcIY3XQQZ687uu0hBqHpLw=
-8,-9,vrixmprnSoIhizJRXAplY0ntwG8=,bCNPn5y3QkaWr1g9b3LMXcE7uC4=
-11,-6,vrixmprnSoIhizJRXAplY0ntwG8=,fmnoQpcIY3XQQZ687uu0hBqHpLw=
-10,-9,vrixmprnSoIhizJRXAplY0ntwG8=,fmnoQpcIY3XQQZ687uu0hBqHpLw=
-10,-7,vrixmprnSoIhizJRXAplY0ntwG8=,fmnoQpcIY3XQQZ687uu0hBqHpLw=
-9,-9,vrixmprnSoIhizJRXAplY0ntwG8=,fmnoQpcIY3XQQZ687uu0hBqHpLw=
-11,-9,vrixmprnSoIhizJRXAplY0ntwG8=,fmnoQpcIY3XQQZ687uu0hBqHpLw=
-9,-8,vrixmprnSoIhizJRXAplY0ntwG8=,fmnoQpcIY3XQQZ687uu0hBqHpLw=
-9,-7,vrixmprnSoIhizJRXAplY0ntwG8=,fmnoQpcIY3XQQZ687uu0hBqHpLw=
-15,-11,vrixmprnSoIhizJRXAplY0ntwG8=,fmnoQpcIY3XQQZ687uu0hBqHpLw=
-12,-11,vrixmprnSoIhizJRXAplY0ntwG8=,fmnoQpcIY3XQQZ687uu0hBqHpLw=
-14,-11,vrixmprnSoIhizJRXAplY0ntwG8=,fmnoQpcIY3XQQZ687uu0hBqHpLw=
-15,-10,vrixmprnSoIhizJRXAplY0ntwG8=,fmnoQpcIY3XQQZ687uu0hBqHpLw=
-13,-11,vrixmprnSoIhizJRXAplY0ntwG8=,fmnoQpcIY3XQQZ687uu0hBqHpLw=
-11,-5,vrixmprnSoIhizJRXAplY0ntwG8=,fmnoQpcIY3XQQZ687uu0hBqHpLw=
-14,-10,vrixmprnSoIhizJRXAplY0ntwG8=,fmnoQpcIY3XQQZ687uu0hBqHpLw=
-12,-10,vrixmprnSoIhizJRXAplY0ntwG8=,fmnoQpcIY3XQQZ687uu0hBqHpLw=
-11,-2,vrixmprnSoIhizJRXAplY0ntwG8=,Gr/5VyHuI32DLUoiH83ASEMf3LA=
-10,-4,vrixmprnSoIhizJRXAplY0ntwG8=,Gr/5VyHuI32DLUoiH83ASEMf3LA=
-8,-7,vrixmprnSoIhizJRXAplY0ntwG8=,QeTOTBm6AufUagrr0/9WXcM8XCQ=
-11,-4,vrixmprnSoIhizJRXAplY0ntwG8=,Gr/5VyHuI32DLUoiH83ASEMf3LA=
-11,-3,vrixmprnSoIhizJRXAplY0ntwG8=,Gr/5VyHuI32DLUoiH83ASEMf3LA=
-10,-2,vrixmprnSoIhizJRXAplY0ntwG8=,Gr/5VyHuI32DLUoiH83ASEMf3LA=
-13,-10,vrixmprnSoIhizJRXAplY0ntwG8=,fmnoQpcIY3XQQZ687uu0hBqHpLw=
-13,-3,vrixmprnSoIhizJRXAplY0ntwG8=,8fUT1BfM7A/On7eXkx9R9U38TnM=
-10,-3,vrixmprnSoIhizJRXAplY0ntwG8=,Gr/5VyHuI32DLUoiH83ASEMf3LA=
-15,-3,vrixmprnSoIhizJRXAplY0ntwG8=,8fUT1BfM7A/On7eXkx9R9U38TnM=
-14,-2,vrixmprnSoIhizJRXAplY0ntwG8=,8fUT1BfM7A/On7eXkx9R9U38TnM=
-15,-2,vrixmprnSoIhizJRXAplY0ntwG8=,8fUT1BfM7A/On7eXkx9R9U38TnM=
-14,-7,vrixmprnSoIhizJRXAplY0ntwG8=,fmnoQpcIY3XQQZ687uu0hBqHpLw=
-12,-3,vrixmprnSoIhizJRXAplY0ntwG8=,Gr/5VyHuI32DLUoiH83ASEMf3LA=
-15,-7,vrixmprnSoIhizJRXAplY0ntwG8=,fmnoQpcIY3XQQZ687uu0hBqHpLw=
-13,-8,vrixmprnSoIhizJRXAplY0ntwG8=,fmnoQpcIY3XQQZ687uu0hBqHpLw=
-13,-2,vrixmprnSoIhizJRXAplY0ntwG8=,8fUT1BfM7A/On7eXkx9R9U38TnM=
-14,-9,vrixmprnSoIhizJRXAplY0ntwG8=,fmnoQpcIY3XQQZ687uu0hBqHpLw=
-12,-8,vrixmprnSoIhizJRXAplY0ntwG8=,fmnoQpcIY3XQQZ687uu0hBqHpLw=
-14,-4,vrixmprnSoIhizJRXAplY0ntwG8=,8fUT1BfM7A/On7eXkx9R9U38TnM=
-15,-4,vrixmprnSoIhizJRXAplY0ntwG8=,8fUT1BfM7A/On7eXkx9R9U38TnM=
-13,-4,vrixmprnSoIhizJRXAplY0ntwG8=,8fUT1BfM7A/On7eXkx9R9U38TnM=
-14,-5,vrixmprnSoIhizJRXAplY0ntwG8=,fmnoQpcIY3XQQZ687uu0hBqHpLw=
-14,-8,vrixmprnSoIhizJRXAplY0ntwG8=,fmnoQpcIY3XQQZ687uu0hBqHpLw=
-12,-6,vrixmprnSoIhizJRXAplY0ntwG8=,fmnoQpcIY3XQQZ687uu0hBqHpLw=
-15,-8,vrixmprnSoIhizJRXAplY0ntwG8=,fmnoQpcIY3XQQZ687uu0hBqHpLw=
-13,-9,vrixmprnSoIhizJRXAplY0ntwG8=,fmnoQpcIY3XQQZ687uu0hBqHpLw=
-13,-5,vrixmprnSoIhizJRXAplY0ntwG8=,fmnoQpcIY3XQQZ687uu0hBqHpLw=
-15,-5,vrixmprnSoIhizJRXAplY0ntwG8=,fmnoQpcIY3XQQZ687uu0hBqHpLw=
-12,-7,vrixmprnSoIhizJRXAplY0ntwG8=,fmnoQpcIY3XQQZ687uu0hBqHpLw=
-12,-5,vrixmprnSoIhizJRXAplY0ntwG8=,fmnoQpcIY3XQQZ687uu0hBqHpLw=
-10,-5,vrixmprnSoIhizJRXAplY0ntwG8=,fmnoQpcIY3XQQZ687uu0hBqHpLw=
-12,-9,vrixmprnSoIhizJRXAplY0ntwG8=,fmnoQpcIY3XQQZ687uu0hBqHpLw=
-13,-7,vrixmprnSoIhizJRXAplY0ntwG8=,fmnoQpcIY3XQQZ687uu0hBqHpLw=
-12,-4,vrixmprnSoIhizJRXAplY0ntwG8=,Gr/5VyHuI32DLUoiH83ASEMf3LA=
-6,-5,vrixmprnSoIhizJRXAplY0ntwG8=,QeTOTBm6AufUagrr0/9WXcM8XCQ=
-9,-4,vrixmprnSoIhizJRXAplY0ntwG8=,Gr/5VyHuI32DLUoiH83ASEMf3LA=
-8,-4,vrixmprnSoIhizJRXAplY0ntwG8=,301I6pf7tqz6o1LbfDpjub8SNlc=
-7,-5,vrixmprnSoIhizJRXAplY0ntwG8=,QeTOTBm6AufUagrr0/9WXcM8XCQ=
-6,-2,vrixmprnSoIhizJRXAplY0ntwG8=,301I6pf7tqz6o1LbfDpjub8SNlc=
-9,-2,vrixmprnSoIhizJRXAplY0ntwG8=,Gr/5VyHuI32DLUoiH83ASEMf3LA=
-7,-2,vrixmprnSoIhizJRXAplY0ntwG8=,301I6pf7tqz6o1LbfDpjub8SNlc=
-8,-2,vrixmprnSoIhizJRXAplY0ntwG8=,301I6pf7tqz6o1LbfDpjub8SNlc=
-12,-2,vrixmprnSoIhizJRXAplY0ntwG8=,Gr/5VyHuI32DLUoiH83ASEMf3LA=
-6,-3,vrixmprnSoIhizJRXAplY0ntwG8=,301I6pf7tqz6o1LbfDpjub8SNlc=
-9,-3,vrixmprnSoIhizJRXAplY0ntwG8=,Gr/5VyHuI32DLUoiH83ASEMf3LA=
-8,-5,vrixmprnSoIhizJRXAplY0ntwG8=,QeTOTBm6AufUagrr0/9WXcM8XCQ=
-7,-4,vrixmprnSoIhizJRXAplY0ntwG8=,301I6pf7tqz6o1LbfDpjub8SNlc=
-7,-3,vrixmprnSoIhizJRXAplY0ntwG8=,301I6pf7tqz6o1LbfDpjub8SNlc=
-9,-5,vrixmprnSoIhizJRXAplY0ntwG8=,fmnoQpcIY3XQQZ687uu0hBqHpLw=
-8,-3,vrixmprnSoIhizJRXAplY0ntwG8=,301I6pf7tqz6o1LbfDpjub8SNlc=
-6,-4,vrixmprnSoIhizJRXAplY0ntwG8=,301I6pf7tqz6o1LbfDpjub8SNlc=
-5,-2,vrixmprnSoIhizJRXAplY0ntwG8=,301I6pf7tqz6o1LbfDpjub8SNlc=
-2,-3,vrixmprnSoIhizJRXAplY0ntwG8=,l+Rs0qe1wQtR6XIzj0I/qI/OIhg=
-2,-2,vrixmprnSoIhizJRXAplY0ntwG8=,l+Rs0qe1wQtR6XIzj0I/qI/OIhg=
-3,-3,vrixmprnSoIhizJRXAplY0ntwG8=,l+Rs0qe1wQtR6XIzj0I/qI/OIhg=
-4,-3,vrixmprnSoIhizJRXAplY0ntwG8=,l+Rs0qe1wQtR6XIzj0I/qI/OIhg=
-14,-3,vrixmprnSoIhizJRXAplY0ntwG8=,8fUT1BfM7A/On7eXkx9R9U38TnM=
-3,-2,vrixmprnSoIhizJRXAplY0ntwG8=,l+Rs0qe1wQtR6XIzj0I/qI/OIhg=
-4,-2,vrixmprnSoIhizJRXAplY0ntwG8=,l+Rs0qe1wQtR6XIzj0I/qI/OIhg=
-2,-6,vrixmprnSoIhizJRXAplY0ntwG8=,QFqkJA5FZEl1l+AzNz3clltXfaw=
-3,-6,vrixmprnSoIhizJRXAplY0ntwG8=,QFqkJA5FZEl1l+AzNz3clltXfaw=
-5,-3,vrixmprnSoIhizJRXAplY0ntwG8=,301I6pf7tqz6o1LbfDpjub8SNlc=
-4,-6,vrixmprnSoIhizJRXAplY0ntwG8=,QFqkJA5FZEl1l+AzNz3clltXfaw=
-3,-7,vrixmprnSoIhizJRXAplY0ntwG8=,QFqkJA5FZEl1l+AzNz3clltXfaw=
-5,-6,vrixmprnSoIhizJRXAplY0ntwG8=,QeTOTBm6AufUagrr0/9WXcM8XCQ=
-5,-4,vrixmprnSoIhizJRXAplY0ntwG8=,301I6pf7tqz6o1LbfDpjub8SNlc=
-2,-7,vrixmprnSoIhizJRXAplY0ntwG8=,QFqkJA5FZEl1l+AzNz3clltXfaw=
-2,-5,vrixmprnSoIhizJRXAplY0ntwG8=,QFqkJA5FZEl1l+AzNz3clltXfaw=
-3,-4,vrixmprnSoIhizJRXAplY0ntwG8=,l+Rs0qe1wQtR6XIzj0I/qI/OIhg=
-4,-7,vrixmprnSoIhizJRXAplY0ntwG8=,QFqkJA5FZEl1l+AzNz3clltXfaw=
-4,-5,vrixmprnSoIhizJRXAplY0ntwG8=,QFqkJA5FZEl1l+AzNz3clltXfaw=
-3,-5,vrixmprnSoIhizJRXAplY0ntwG8=,QFqkJA5FZEl1l+AzNz3clltXfaw=
-4,-4,vrixmprnSoIhizJRXAplY0ntwG8=,l+Rs0qe1wQtR6XIzj0I/qI/OIhg=
-13,-6,vrixmprnSoIhizJRXAplY0ntwG8=,fmnoQpcIY3XQQZ687uu0hBqHpLw=
-5,-5,vrixmprnSoIhizJRXAplY0ntwG8=,QeTOTBm6AufUagrr0/9WXcM8XCQ=
-5,-7,vrixmprnSoIhizJRXAplY0ntwG8=,QeTOTBm6AufUagrr0/9WXcM8XCQ=
-2,-8,vrixmprnSoIhizJRXAplY0ntwG8=,QFqkJA5FZEl1l+AzNz3clltXfaw=
-2,-10,vrixmprnSoIhizJRXAplY0ntwG8=,6DUXm1vzGh/lHU5PN+UK+V012g8=
-3,-10,vrixmprnSoIhizJRXAplY0ntwG8=,6DUXm1vzGh/lHU5PN+UK+V012g8=
-15,-6,vrixmprnSoIhizJRXAplY0ntwG8=,fmnoQpcIY3XQQZ687uu0hBqHpLw=
-2,-4,vrixmprnSoIhizJRXAplY0ntwG8=,l+Rs0qe1wQtR6XIzj0I/qI/OIhg=
-4,-10,vrixmprnSoIhizJRXAplY0ntwG8=,6DUXm1vzGh/lHU5PN+UK+V012g8=
-15,-9,vrixmprnSoIhizJRXAplY0ntwG8=,fmnoQpcIY3XQQZ687uu0hBqHpLw=
-3,-8,vrixmprnSoIhizJRXAplY0ntwG8=,QFqkJA5FZEl1l+AzNz3clltXfaw=
-3,-11,vrixmprnSoIhizJRXAplY0ntwG8=,6DUXm1vzGh/lHU5PN+UK+V012g8=
-4,-8,vrixmprnSoIhizJRXAplY0ntwG8=,QFqkJA5FZEl1l+AzNz3clltXfaw=
-4,-11,vrixmprnSoIhizJRXAplY0ntwG8=,6DUXm1vzGh/lHU5PN+UK+V012g8=
-2,-9,vrixmprnSoIhizJRXAplY0ntwG8=,6DUXm1vzGh/lHU5PN+UK+V012g8=
-5,-9,vrixmprnSoIhizJRXAplY0ntwG8=,bCNPn5y3QkaWr1g9b3LMXcE7uC4=
-3,-9,vrixmprnSoIhizJRXAplY0ntwG8=,6DUXm1vzGh/lHU5PN+UK+V012g8=
-4,-9,vrixmprnSoIhizJRXAplY0ntwG8=,6DUXm1vzGh/lHU5PN+UK+V012g8=
-5,-8,vrixmprnSoIhizJRXAplY0ntwG8=,QeTOTBm6AufUagrr0/9WXcM8XCQ=
-2,-11,vrixmprnSoIhizJRXAplY0ntwG8=,6DUXm1vzGh/lHU5PN+UK+V012g8=
-5,-10,vrixmprnSoIhizJRXAplY0ntwG8=,bCNPn5y3QkaWr1g9b3LMXcE7uC4=
-5,-11,vrixmprnSoIhizJRXAplY0ntwG8=,bCNPn5y3QkaWr1g9b3LMXcE7uC4=
-3,-15,vrixmprnSoIhizJRXAplY0ntwG8=,fmnoQpcIY3XQQZ687uu0hBqHpLw=
-2,-15,vrixmprnSoIhizJRXAplY0ntwG8=,fmnoQpcIY3XQQZ687uu0hBqHpLw=
-2,-12,vrixmprnSoIhizJRXAplY0ntwG8=,6DUXm1vzGh/lHU5PN+UK+V012g8=
-3,-14,vrixmprnSoIhizJRXAplY0ntwG8=,fmnoQpcIY3XQQZ687uu0hBqHpLw=
-3,-12,vrixmprnSoIhizJRXAplY0ntwG8=,6DUXm1vzGh/lHU5PN+UK+V012g8=
-2,-14,vrixmprnSoIhizJRXAplY0ntwG8=,fmnoQpcIY3XQQZ687uu0hBqHpLw=
-2,-13,vrixmprnSoIhizJRXAplY0ntwG8=,fmnoQpcIY3XQQZ687uu0hBqHpLw=
-7,-16,vrixmprnSoIhizJRXAplY0ntwG8=,3EXdqxUsnThrYdn/+G5nLfmd/ac=
-14,-6,vrixmprnSoIhizJRXAplY0ntwG8=,fmnoQpcIY3XQQZ687uu0hBqHpLw=
-5,-12,vrixmprnSoIhizJRXAplY0ntwG8=,bCNPn5y3QkaWr1g9b3LMXcE7uC4=
-7,-12,vrixmprnSoIhizJRXAplY0ntwG8=,bCNPn5y3QkaWr1g9b3LMXcE7uC4=
-7,-13,vrixmprnSoIhizJRXAplY0ntwG8=,3EXdqxUsnThrYdn/+G5nLfmd/ac=
-4,-13,vrixmprnSoIhizJRXAplY0ntwG8=,fmnoQpcIY3XQQZ687uu0hBqHpLw=
-5,-15,vrixmprnSoIhizJRXAplY0ntwG8=,3EXdqxUsnThrYdn/+G5nLfmd/ac=
-5,-13,vrixmprnSoIhizJRXAplY0ntwG8=,3EXdqxUsnThrYdn/+G5nLfmd/ac=
-4,-14,vrixmprnSoIhizJRXAplY0ntwG8=,fmnoQpcIY3XQQZ687uu0hBqHpLw=
-7,-15,vrixmprnSoIhizJRXAplY0ntwG8=,3EXdqxUsnThrYdn/+G5nLfmd/ac=
-4,-15,vrixmprnSoIhizJRXAplY0ntwG8=,fmnoQpcIY3XQQZ687uu0hBqHpLw=
-8,-16,vrixmprnSoIhizJRXAplY0ntwG8=,3EXdqxUsnThrYdn/+G5nLfmd/ac=
-10,-16,vrixmprnSoIhizJRXAplY0ntwG8=,fmnoQpcIY3XQQZ687uu0hBqHpLw=
-8,-12,vrixmprnSoIhizJRXAplY0ntwG8=,bCNPn5y3QkaWr1g9b3LMXcE7uC4=
-9,-13,vrixmprnSoIhizJRXAplY0ntwG8=,fmnoQpcIY3XQQZ687uu0hBqHpLw=
-8,-14,vrixmprnSoIhizJRXAplY0ntwG8=,3EXdqxUsnThrYdn/+G5nLfmd/ac=
-4,-12,vrixmprnSoIhizJRXAplY0ntwG8=,6DUXm1vzGh/lHU5PN+UK+V012g8=
-11,-12,vrixmprnSoIhizJRXAplY0ntwG8=,fmnoQpcIY3XQQZ687uu0hBqHpLw=
-8,-15,vrixmprnSoIhizJRXAplY0ntwG8=,3EXdqxUsnThrYdn/+G5nLfmd/ac=
-10,-13,vrixmprnSoIhizJRXAplY0ntwG8=,fmnoQpcIY3XQQZ687uu0hBqHpLw=
-11,-13,vrixmprnSoIhizJRXAplY0ntwG8=,fmnoQpcIY3XQQZ687uu0hBqHpLw=
-10,-14,vrixmprnSoIhizJRXAplY0ntwG8=,fmnoQpcIY3XQQZ687uu0hBqHpLw=
-11,-16,vrixmprnSoIhizJRXAplY0ntwG8=,fmnoQpcIY3XQQZ687uu0hBqHpLw=
-9,-12,vrixmprnSoIhizJRXAplY0ntwG8=,fmnoQpcIY3XQQZ687uu0hBqHpLw=
-11,-14,vrixmprnSoIhizJRXAplY0ntwG8=,fmnoQpcIY3XQQZ687uu0hBqHpLw=
-9,-15,vrixmprnSoIhizJRXAplY0ntwG8=,fmnoQpcIY3XQQZ687uu0hBqHpLw=
-10,-15,vrixmprnSoIhizJRXAplY0ntwG8=,fmnoQpcIY3XQQZ687uu0hBqHpLw=
-10,-12,vrixmprnSoIhizJRXAplY0ntwG8=,fmnoQpcIY3XQQZ687uu0hBqHpLw=
-9,-16,vrixmprnSoIhizJRXAplY0ntwG8=,fmnoQpcIY3XQQZ687uu0hBqHpLw=
-5,-14,vrixmprnSoIhizJRXAplY0ntwG8=,3EXdqxUsnThrYdn/+G5nLfmd/ac=
-9,-14,vrixmprnSoIhizJRXAplY0ntwG8=,fmnoQpcIY3XQQZ687uu0hBqHpLw=
-6,-13,vrixmprnSoIhizJRXAplY0ntwG8=,3EXdqxUsnThrYdn/+G5nLfmd/ac=
-7,-14,vrixmprnSoIhizJRXAplY0ntwG8=,3EXdqxUsnThrYdn/+G5nLfmd/ac=
-6,-12,vrixmprnSoIhizJRXAplY0ntwG8=,bCNPn5y3QkaWr1g9b3LMXcE7uC4=
-6,-14,vrixmprnSoIhizJRXAplY0ntwG8=,3EXdqxUsnThrYdn/+G5nLfmd/ac=
-11,-15,vrixmprnSoIhizJRXAplY0ntwG8=,fmnoQpcIY3XQQZ687uu0hBqHpLw=
-6,-16,vrixmprnSoIhizJRXAplY0ntwG8=,3EXdqxUsnThrYdn/+G5nLfmd/ac=
-6,-15,vrixmprnSoIhizJRXAplY0ntwG8=,3EXdqxUsnThrYdn/+G5nLfmd/ac=
-12,-15,vrixmprnSoIhizJRXAplY0ntwG8=,fmnoQpcIY3XQQZ687uu0hBqHpLw=
-14,-16,vrixmprnSoIhizJRXAplY0ntwG8=,fmnoQpcIY3XQQZ687uu0hBqHpLw=
-12,-14,vrixmprnSoIhizJRXAplY0ntwG8=,fmnoQpcIY3XQQZ687uu0hBqHpLw=
-14,-12,vrixmprnSoIhizJRXAplY0ntwG8=,fmnoQpcIY3XQQZ687uu0hBqHpLw=
-16,-7,vrixmprnSoIhizJRXAplY0ntwG8=,fmnoQpcIY3XQQZ687uu0hBqHpLw=
-16,-3,vrixmprnSoIhizJRXAplY0ntwG8=,8fUT1BfM7A/On7eXkx9R9U38TnM=
-16,-2,vrixmprnSoIhizJRXAplY0ntwG8=,8fUT1BfM7A/On7eXkx9R9U38TnM=
-16,-15,vrixmprnSoIhizJRXAplY0ntwG8=,fmnoQpcIY3XQQZ687uu0hBqHpLw=
-16,-6,vrixmprnSoIhizJRXAplY0ntwG8=,fmnoQpcIY3XQQZ687uu0hBqHpLw=
-13,-12,vrixmprnSoIhizJRXAplY0ntwG8=,fmnoQpcIY3XQQZ687uu0hBqHpLw=
-15,-15,vrixmprnSoIhizJRXAplY0ntwG8=,fmnoQpcIY3XQQZ687uu0hBqHpLw=
-16,-4,vrixmprnSoIhizJRXAplY0ntwG8=,8fUT1BfM7A/On7eXkx9R9U38TnM=
-13,-14,vrixmprnSoIhizJRXAplY0ntwG8=,fmnoQpcIY3XQQZ687uu0hBqHpLw=
-14,-15,vrixmprnSoIhizJRXAplY0ntwG8=,fmnoQpcIY3XQQZ687uu0hBqHpLw=
-15,-13,vrixmprnSoIhizJRXAplY0ntwG8=,fmnoQpcIY3XQQZ687uu0hBqHpLw=
-12,-16,vrixmprnSoIhizJRXAplY0ntwG8=,fmnoQpcIY3XQQZ687uu0hBqHpLw=
-12,-13,vrixmprnSoIhizJRXAplY0ntwG8=,fmnoQpcIY3XQQZ687uu0hBqHpLw=
-15,-16,vrixmprnSoIhizJRXAplY0ntwG8=,fmnoQpcIY3XQQZ687uu0hBqHpLw=
-15,-14,vrixmprnSoIhizJRXAplY0ntwG8=,fmnoQpcIY3XQQZ687uu0hBqHpLw=
-14,-13,vrixmprnSoIhizJRXAplY0ntwG8=,fmnoQpcIY3XQQZ687uu0hBqHpLw=
-16,-14,vrixmprnSoIhizJRXAplY0ntwG8=,fmnoQpcIY3XQQZ687uu0hBqHpLw=
-14,-14,vrixmprnSoIhizJRXAplY0ntwG8=,fmnoQpcIY3XQQZ687uu0hBqHpLw=
-13,-16,vrixmprnSoIhizJRXAplY0ntwG8=,fmnoQpcIY3XQQZ687uu0hBqHpLw=
-12,-12,vrixmprnSoIhizJRXAplY0ntwG8=,fmnoQpcIY3XQQZ687uu0hBqHpLw=
-11,-1,vrixmprnSoIhizJRXAplY0ntwG8=,Gr/5VyHuI32DLUoiH83ASEMf3LA=
-2,-1,vrixmprnSoIhizJRXAplY0ntwG8=,l+Rs0qe1wQtR6XIzj0I/qI/OIhg=
-3,-1,vrixmprnSoIhizJRXAplY0ntwG8=,l+Rs0qe1wQtR6XIzj0I/qI/OIhg=
-13,-13,vrixmprnSoIhizJRXAplY0ntwG8=,fmnoQpcIY3XQQZ687uu0hBqHpLw=
-16,-13,vrixmprnSoIhizJRXAplY0ntwG8=,fmnoQpcIY3XQQZ687uu0hBqHpLw=
-16,-8,vrixmprnSoIhizJRXAplY0ntwG8=,fmnoQpcIY3XQQZ687uu0hBqHpLw=
-15,-1,vrixmprnSoIhizJRXAplY0ntwG8=,8fUT1BfM7A/On7eXkx9R9U38TnM=
-16,-12,vrixmprnSoIhizJRXAplY0ntwG8=,fmnoQpcIY3XQQZ687uu0hBqHpLw=
-13,-1,vrixmprnSoIhizJRXAplY0ntwG8=,8fUT1BfM7A/On7eXkx9R9U38TnM=
-16,-9,vrixmprnSoIhizJRXAplY0ntwG8=,fmnoQpcIY3XQQZ687uu0hBqHpLw=
-12,-1,vrixmprnSoIhizJRXAplY0ntwG8=,Gr/5VyHuI32DLUoiH83ASEMf3LA=
-14,-1,vrixmprnSoIhizJRXAplY0ntwG8=,8fUT1BfM7A/On7eXkx9R9U38TnM=
-8,-13,vrixmprnSoIhizJRXAplY0ntwG8=,3EXdqxUsnThrYdn/+G5nLfmd/ac=
-1,-2,vrixmprnSoIhizJRXAplY0ntwG8=,l+Rs0qe1wQtR6XIzj0I/qI/OIhg=
-1,-3,vrixmprnSoIhizJRXAplY0ntwG8=,l+Rs0qe1wQtR6XIzj0I/qI/OIhg=
-1,-6,vrixmprnSoIhizJRXAplY0ntwG8=,QFqkJA5FZEl1l+AzNz3clltXfaw=
-1,-4,vrixmprnSoIhizJRXAplY0ntwG8=,l+Rs0qe1wQtR6XIzj0I/qI/OIhg=
-1,-10,vrixmprnSoIhizJRXAplY0ntwG8=,6DUXm1vzGh/lHU5PN+UK+V012g8=
-1,-11,vrixmprnSoIhizJRXAplY0ntwG8=,6DUXm1vzGh/lHU5PN+UK+V012g8=
-1,-5,vrixmprnSoIhizJRXAplY0ntwG8=,QFqkJA5FZEl1l+AzNz3clltXfaw=
-1,-9,vrixmprnSoIhizJRXAplY0ntwG8=,6DUXm1vzGh/lHU5PN+UK+V012g8=
-5,-1,vrixmprnSoIhizJRXAplY0ntwG8=,301I6pf7tqz6o1LbfDpjub8SNlc=
-6,-1,vrixmprnSoIhizJRXAplY0ntwG8=,301I6pf7tqz6o1LbfDpjub8SNlc=
-4,-16,vrixmprnSoIhizJRXAplY0ntwG8=,fmnoQpcIY3XQQZ687uu0hBqHpLw=
-16,-5,vrixmprnSoIhizJRXAplY0ntwG8=,fmnoQpcIY3XQQZ687uu0hBqHpLw=
-13,-15,vrixmprnSoIhizJRXAplY0ntwG8=,fmnoQpcIY3XQQZ687uu0hBqHpLw=
-1,-1,vrixmprnSoIhizJRXAplY0ntwG8=,l+Rs0qe1wQtR6XIzj0I/qI/OIhg=
-7,-1,vrixmprnSoIhizJRXAplY0ntwG8=,301I6pf7tqz6o1LbfDpjub8SNlc=
-9,-1,vrixmprnSoIhizJRXAplY0ntwG8=,Gr/5VyHuI32DLUoiH83ASEMf3LA=
-3,-16,vrixmprnSoIhizJRXAplY0ntwG8=,fmnoQpcIY3XQQZ687uu0hBqHpLw=
-16,-10,vrixmprnSoIhizJRXAplY0ntwG8=,fmnoQpcIY3XQQZ687uu0hBqHpLw=
-1,-7,vrixmprnSoIhizJRXAplY0ntwG8=,QFqkJA5FZEl1l+AzNz3clltXfaw=
-10,-1,vrixmprnSoIhizJRXAplY0ntwG8=,Gr/5VyHuI32DLUoiH83ASEMf3LA=
-16,-11,vrixmprnSoIhizJRXAplY0ntwG8=,fmnoQpcIY3XQQZ687uu0hBqHpLw=
-15,-12,vrixmprnSoIhizJRXAplY0ntwG8=,fmnoQpcIY3XQQZ687uu0hBqHpLw=
-2,-16,vrixmprnSoIhizJRXAplY0ntwG8=,fmnoQpcIY3XQQZ687uu0hBqHpLw=
-1,-8,vrixmprnSoIhizJRXAplY0ntwG8=,QFqkJA5FZEl1l+AzNz3clltXfaw=
-16,-16,vrixmprnSoIhizJRXAplY0ntwG8=,fmnoQpcIY3XQQZ687uu0hBqHpLw=
-3,-13,vrixmprnSoIhizJRXAplY0ntwG8=,fmnoQpcIY3XQQZ687uu0hBqHpLw=
-1,-14,vrixmprnSoIhizJRXAplY0ntwG8=,fmnoQpcIY3XQQZ687uu0hBqHpLw=
-1,-12,vrixmprnSoIhizJRXAplY0ntwG8=,6DUXm1vzGh/lHU5PN+UK+V012g8=
-8,-1,vrixmprnSoIhizJRXAplY0ntwG8=,301I6pf7tqz6o1LbfDpjub8SNlc=
-5,-16,vrixmprnSoIhizJRXAplY0ntwG8=,3EXdqxUsnThrYdn/+G5nLfmd/ac=
-4,-1,vrixmprnSoIhizJRXAplY0ntwG8=,l+Rs0qe1wQtR6XIzj0I/qI/OIhg=
-16,-1,vrixmprnSoIhizJRXAplY0ntwG8=,8fUT1BfM7A/On7eXkx9R9U38TnM=
-1,-16,vrixmprnSoIhizJRXAplY0ntwG8=,fmnoQpcIY3XQQZ687uu0hBqHpLw=
-1,-15,vrixmprnSoIhizJRXAplY0ntwG8=,fmnoQpcIY3XQQZ687uu0hBqHpLw=
-1,-13,vrixmprnSoIhizJRXAplY0ntwG8=,fmnoQpcIY3XQQZ687uu0hBqHpLw=
-15,-24,mTlJZT7QyDYV+K9C8wI4tSoung0=,W/QpgnH2wziNQFMVTmuMHYXWtzE=
-14,-22,mTlJZT7QyDYV+K9C8wI4tSoung0=,W/QpgnH2wziNQFMVTmuMHYXWtzE=
-15,-22,mTlJZT7QyDYV+K9C8wI4tSoung0=,W/QpgnH2wziNQFMVTmuMHYXWtzE=
-14,-23,mTlJZT7QyDYV+K9C8wI4tSoung0=,W/QpgnH2wziNQFMVTmuMHYXWtzE=
-15,-23,mTlJZT7QyDYV+K9C8wI4tSoung0=,W/QpgnH2wziNQFMVTmuMHYXWtzE=
-14,-24,mTlJZT7QyDYV+K9C8wI4tSoung0=,W/QpgnH2wziNQFMVTmuMHYXWtzE=
-12,-24,QFY9mBU5CBxnyo46C9F4fQw+ygo=,W/QpgnH2wziNQFMVTmuMHYXWtzE=
-11,-24,QFY9mBU5CBxnyo46C9F4fQw+ygo=,W/QpgnH2wziNQFMVTmuMHYXWtzE=
-10,-24,QFY9mBU5CBxnyo46C9F4fQw+ygo=,W/QpgnH2wziNQFMVTmuMHYXWtzE=
-12,-23,QFY9mBU5CBxnyo46C9F4fQw+ygo=,W/QpgnH2wziNQFMVTmuMHYXWtzE=
-11,-23,QFY9mBU5CBxnyo46C9F4fQw+ygo=,W/QpgnH2wziNQFMVTmuMHYXWtzE=
-10,-23,LxUt1VKEHQl9psCwgO2pInWdTCQ=,W/QpgnH2wziNQFMVTmuMHYXWtzE=
-11,-22,bOYMIZhJBv7oDDwj+fGoTxk/FCc=,W/QpgnH2wziNQFMVTmuMHYXWtzE=
-12,-22,bOYMIZhJBv7oDDwj+fGoTxk/FCc=,W/QpgnH2wziNQFMVTmuMHYXWtzE=
-13,-24,bOYMIZhJBv7oDDwj+fGoTxk/FCc=,W/QpgnH2wziNQFMVTmuMHYXWtzE=
-13,-23,bOYMIZhJBv7oDDwj+fGoTxk/FCc=,W/QpgnH2wziNQFMVTmuMHYXWtzE=
-13,-22,bOYMIZhJBv7oDDwj+fGoTxk/FCc=,W/QpgnH2wziNQFMVTmuMHYXWtzE=
-10,-22,bOYMIZhJBv7oDDwj+fGoTxk/FCc=,W/QpgnH2wziNQFMVTmuMHYXWtzE=
-11,-20,bOYMIZhJBv7oDDwj+fGoTxk/FCc=,W/QpgnH2wziNQFMVTmuMHYXWtzE=
-10,-20,bOYMIZhJBv7oDDwj+fGoTxk/FCc=,W/QpgnH2wziNQFMVTmuMHYXWtzE=
-11,-21,bOYMIZhJBv7oDDwj+fGoTxk/FCc=,W/QpgnH2wziNQFMVTmuMHYXWtzE=
-10,-21,bOYMIZhJBv7oDDwj+fGoTxk/FCc=,W/QpgnH2wziNQFMVTmuMHYXWtzE=
-11,-18,bOYMIZhJBv7oDDwj+fGoTxk/FCc=,W/QpgnH2wziNQFMVTmuMHYXWtzE=
-10,-18,bOYMIZhJBv7oDDwj+fGoTxk/FCc=,W/QpgnH2wziNQFMVTmuMHYXWtzE=
-10,-19,bOYMIZhJBv7oDDwj+fGoTxk/FCc=,W/QpgnH2wziNQFMVTmuMHYXWtzE=
-11,-19,bOYMIZhJBv7oDDwj+fGoTxk/FCc=,W/QpgnH2wziNQFMVTmuMHYXWtzE=
-15,-19,bOYMIZhJBv7oDDwj+fGoTxk/FCc=,W/QpgnH2wziNQFMVTmuMHYXWtzE=
-13,-20,bOYMIZhJBv7oDDwj+fGoTxk/FCc=,W/QpgnH2wziNQFMVTmuMHYXWtzE=
-14,-19,bOYMIZhJBv7oDDwj+fGoTxk/FCc=,W/QpgnH2wziNQFMVTmuMHYXWtzE=
-14,-20,bOYMIZhJBv7oDDwj+fGoTxk/FCc=,W/QpgnH2wziNQFMVTmuMHYXWtzE=
-12,-20,bOYMIZhJBv7oDDwj+fGoTxk/FCc=,W/QpgnH2wziNQFMVTmuMHYXWtzE=
-13,-18,bOYMIZhJBv7oDDwj+fGoTxk/FCc=,W/QpgnH2wziNQFMVTmuMHYXWtzE=
-15,-20,bOYMIZhJBv7oDDwj+fGoTxk/FCc=,W/QpgnH2wziNQFMVTmuMHYXWtzE=
-13,-21,bOYMIZhJBv7oDDwj+fGoTxk/FCc=,W/QpgnH2wziNQFMVTmuMHYXWtzE=
-13,-19,bOYMIZhJBv7oDDwj+fGoTxk/FCc=,W/QpgnH2wziNQFMVTmuMHYXWtzE=
-12,-18,bOYMIZhJBv7oDDwj+fGoTxk/FCc=,W/QpgnH2wziNQFMVTmuMHYXWtzE=
-15,-21,bOYMIZhJBv7oDDwj+fGoTxk/FCc=,W/QpgnH2wziNQFMVTmuMHYXWtzE=
-15,-18,bOYMIZhJBv7oDDwj+fGoTxk/FCc=,W/QpgnH2wziNQFMVTmuMHYXWtzE=
-12,-19,bOYMIZhJBv7oDDwj+fGoTxk/FCc=,W/QpgnH2wziNQFMVTmuMHYXWtzE=
-14,-18,bOYMIZhJBv7oDDwj+fGoTxk/FCc=,W/QpgnH2wziNQFMVTmuMHYXWtzE=
-14,-21,bOYMIZhJBv7oDDwj+fGoTxk/FCc=,W/QpgnH2wziNQFMVTmuMHYXWtzE=
-12,-21,bOYMIZhJBv7oDDwj+fGoTxk/FCc=,W/QpgnH2wziNQFMVTmuMHYXWtzE=
-7,-24,bOYMIZhJBv7oDDwj+fGoTxk/FCc=,W/QpgnH2wziNQFMVTmuMHYXWtzE=
-9,-22,bOYMIZhJBv7oDDwj+fGoTxk/FCc=,W/QpgnH2wziNQFMVTmuMHYXWtzE=
-8,-24,bOYMIZhJBv7oDDwj+fGoTxk/FCc=,W/QpgnH2wziNQFMVTmuMHYXWtzE=
-6,-22,bOYMIZhJBv7oDDwj+fGoTxk/FCc=,W/QpgnH2wziNQFMVTmuMHYXWtzE=
-9,-23,bOYMIZhJBv7oDDwj+fGoTxk/FCc=,W/QpgnH2wziNQFMVTmuMHYXWtzE=
-6,-23,bOYMIZhJBv7oDDwj+fGoTxk/FCc=,W/QpgnH2wziNQFMVTmuMHYXWtzE=
-7,-23,bOYMIZhJBv7oDDwj+fGoTxk/FCc=,W/QpgnH2wziNQFMVTmuMHYXWtzE=
-9,-24,bOYMIZhJBv7oDDwj+fGoTxk/FCc=,W/QpgnH2wziNQFMVTmuMHYXWtzE=
-6,-24,bOYMIZhJBv7oDDwj+fGoTxk/FCc=,W/QpgnH2wziNQFMVTmuMHYXWtzE=
-8,-23,bOYMIZhJBv7oDDwj+fGoTxk/FCc=,W/QpgnH2wziNQFMVTmuMHYXWtzE=
-11,-17,bOYMIZhJBv7oDDwj+fGoTxk/FCc=,W/QpgnH2wziNQFMVTmuMHYXWtzE=
-10,-17,bOYMIZhJBv7oDDwj+fGoTxk/FCc=,W/QpgnH2wziNQFMVTmuMHYXWtzE=
-12,-17,bOYMIZhJBv7oDDwj+fGoTxk/FCc=,W/QpgnH2wziNQFMVTmuMHYXWtzE=
-15,-17,bOYMIZhJBv7oDDwj+fGoTxk/FCc=,W/QpgnH2wziNQFMVTmuMHYXWtzE=
-13,-17,bOYMIZhJBv7oDDwj+fGoTxk/FCc=,W/QpgnH2wziNQFMVTmuMHYXWtzE=
-14,-17,bOYMIZhJBv7oDDwj+fGoTxk/FCc=,W/QpgnH2wziNQFMVTmuMHYXWtzE=
-16,-19,bOYMIZhJBv7oDDwj+fGoTxk/FCc=,W/QpgnH2wziNQFMVTmuMHYXWtzE=
-16,-18,bOYMIZhJBv7oDDwj+fGoTxk/FCc=,W/QpgnH2wziNQFMVTmuMHYXWtzE=
-16,-21,bOYMIZhJBv7oDDwj+fGoTxk/FCc=,W/QpgnH2wziNQFMVTmuMHYXWtzE=
-16,-24,bOYMIZhJBv7oDDwj+fGoTxk/FCc=,W/QpgnH2wziNQFMVTmuMHYXWtzE=
-7,-22,bOYMIZhJBv7oDDwj+fGoTxk/FCc=,W/QpgnH2wziNQFMVTmuMHYXWtzE=
-8,-22,bOYMIZhJBv7oDDwj+fGoTxk/FCc=,W/QpgnH2wziNQFMVTmuMHYXWtzE=
-16,-22,bOYMIZhJBv7oDDwj+fGoTxk/FCc=,W/QpgnH2wziNQFMVTmuMHYXWtzE=
-16,-20,bOYMIZhJBv7oDDwj+fGoTxk/FCc=,W/QpgnH2wziNQFMVTmuMHYXWtzE=
-16,-23,bOYMIZhJBv7oDDwj+fGoTxk/FCc=,W/QpgnH2wziNQFMVTmuMHYXWtzE=
-4,-24,bOYMIZhJBv7oDDwj+fGoTxk/FCc=,W/QpgnH2wziNQFMVTmuMHYXWtzE=
-16,-17,bOYMIZhJBv7oDDwj+fGoTxk/FCc=,W/QpgnH2wziNQFMVTmuMHYXWtzE=
-1,-23,bOYMIZhJBv7oDDwj+fGoTxk/FCc=,W/QpgnH2wziNQFMVTmuMHYXWtzE=
-4,-23,bOYMIZhJBv7oDDwj+fGoTxk/FCc=,W/QpgnH2wziNQFMVTmuMHYXWtzE=
-3,-22,bOYMIZhJBv7oDDwj+fGoTxk/FCc=,W/QpgnH2wziNQFMVTmuMHYXWtzE=
-5,-22,bOYMIZhJBv7oDDwj+fGoTxk/FCc=,W/QpgnH2wziNQFMVTmuMHYXWtzE=
-1,-22,bOYMIZhJBv7oDDwj+fGoTxk/FCc=,W/QpgnH2wziNQFMVTmuMHYXWtzE=
-2,-23,bOYMIZhJBv7oDDwj+fGoTxk/FCc=,W/QpgnH2wziNQFMVTmuMHYXWtzE=
-1,-24,bOYMIZhJBv7oDDwj+fGoTxk/FCc=,W/QpgnH2wziNQFMVTmuMHYXWtzE=
-2,-24,bOYMIZhJBv7oDDwj+fGoTxk/FCc=,W/QpgnH2wziNQFMVTmuMHYXWtzE=
-2,-22,bOYMIZhJBv7oDDwj+fGoTxk/FCc=,W/QpgnH2wziNQFMVTmuMHYXWtzE=
-5,-23,bOYMIZhJBv7oDDwj+fGoTxk/FCc=,W/QpgnH2wziNQFMVTmuMHYXWtzE=
-3,-24,bOYMIZhJBv7oDDwj+fGoTxk/FCc=,W/QpgnH2wziNQFMVTmuMHYXWtzE=
-4,-22,bOYMIZhJBv7oDDwj+fGoTxk/FCc=,W/QpgnH2wziNQFMVTmuMHYXWtzE=
-3,-23,bOYMIZhJBv7oDDwj+fGoTxk/FCc=,W/QpgnH2wziNQFMVTmuMHYXWtzE=
-6,-21,bOYMIZhJBv7oDDwj+fGoTxk/FCc=,W/QpgnH2wziNQFMVTmuMHYXWtzE=
-8,-18,bOYMIZhJBv7oDDwj+fGoTxk/FCc=,+h1d2r4IuQFOcfSOY+OVRWHrFuU=
-5,-24,bOYMIZhJBv7oDDwj+fGoTxk/FCc=,W/QpgnH2wziNQFMVTmuMHYXWtzE=
-8,-19,bOYMIZhJBv7oDDwj+fGoTxk/FCc=,+h1d2r4IuQFOcfSOY+OVRWHrFuU=
-9,-20,bOYMIZhJBv7oDDwj+fGoTxk/FCc=,W/QpgnH2wziNQFMVTmuMHYXWtzE=
-9,-21,bOYMIZhJBv7oDDwj+fGoTxk/FCc=,W/QpgnH2wziNQFMVTmuMHYXWtzE=
-6,-19,bOYMIZhJBv7oDDwj+fGoTxk/FCc=,+h1d2r4IuQFOcfSOY+OVRWHrFuU=
-8,-21,bOYMIZhJBv7oDDwj+fGoTxk/FCc=,W/QpgnH2wziNQFMVTmuMHYXWtzE=
-6,-20,bOYMIZhJBv7oDDwj+fGoTxk/FCc=,+h1d2r4IuQFOcfSOY+OVRWHrFuU=
-6,-18,bOYMIZhJBv7oDDwj+fGoTxk/FCc=,+h1d2r4IuQFOcfSOY+OVRWHrFuU=
-7,-20,bOYMIZhJBv7oDDwj+fGoTxk/FCc=,+h1d2r4IuQFOcfSOY+OVRWHrFuU=
-9,-19,bOYMIZhJBv7oDDwj+fGoTxk/FCc=,W/QpgnH2wziNQFMVTmuMHYXWtzE=
-7,-19,bOYMIZhJBv7oDDwj+fGoTxk/FCc=,+h1d2r4IuQFOcfSOY+OVRWHrFuU=
-8,-20,bOYMIZhJBv7oDDwj+fGoTxk/FCc=,+h1d2r4IuQFOcfSOY+OVRWHrFuU=
-6,-17,bOYMIZhJBv7oDDwj+fGoTxk/FCc=,+h1d2r4IuQFOcfSOY+OVRWHrFuU=
-7,-17,bOYMIZhJBv7oDDwj+fGoTxk/FCc=,+h1d2r4IuQFOcfSOY+OVRWHrFuU=
-7,-21,bOYMIZhJBv7oDDwj+fGoTxk/FCc=,W/QpgnH2wziNQFMVTmuMHYXWtzE=
-9,-17,bOYMIZhJBv7oDDwj+fGoTxk/FCc=,W/QpgnH2wziNQFMVTmuMHYXWtzE=
-9,-18,bOYMIZhJBv7oDDwj+fGoTxk/FCc=,W/QpgnH2wziNQFMVTmuMHYXWtzE=
-7,-18,bOYMIZhJBv7oDDwj+fGoTxk/FCc=,+h1d2r4IuQFOcfSOY+OVRWHrFuU=
-8,-17,bOYMIZhJBv7oDDwj+fGoTxk/FCc=,+h1d2r4IuQFOcfSOY+OVRWHrFuU=
-5,-18,bOYMIZhJBv7oDDwj+fGoTxk/FCc=,+h1d2r4IuQFOcfSOY+OVRWHrFuU=
-3,-21,bOYMIZhJBv7oDDwj+fGoTxk/FCc=,W/QpgnH2wziNQFMVTmuMHYXWtzE=
-5,-21,bOYMIZhJBv7oDDwj+fGoTxk/FCc=,W/QpgnH2wziNQFMVTmuMHYXWtzE=
-1,-21,bOYMIZhJBv7oDDwj+fGoTxk/FCc=,W/QpgnH2wziNQFMVTmuMHYXWtzE=
-5,-19,bOYMIZhJBv7oDDwj+fGoTxk/FCc=,+h1d2r4IuQFOcfSOY+OVRWHrFuU=
-1,-18,bOYMIZhJBv7oDDwj+fGoTxk/FCc=,NHR8rUy5J/EIgvLfvTSxVL60+Ok=
-2,-21,bOYMIZhJBv7oDDwj+fGoTxk/FCc=,W/QpgnH2wziNQFMVTmuMHYXWtzE=
-1,-20,bOYMIZhJBv7oDDwj+fGoTxk/FCc=,NHR8rUy5J/EIgvLfvTSxVL60+Ok=
-1,-19,bOYMIZhJBv7oDDwj+fGoTxk/FCc=,NHR8rUy5J/EIgvLfvTSxVL60+Ok=
-2,-18,bOYMIZhJBv7oDDwj+fGoTxk/FCc=,NHR8rUy5J/EIgvLfvTSxVL60+Ok=
-4,-19,bOYMIZhJBv7oDDwj+fGoTxk/FCc=,NHR8rUy5J/EIgvLfvTSxVL60+Ok=
-4,-20,bOYMIZhJBv7oDDwj+fGoTxk/FCc=,NHR8rUy5J/EIgvLfvTSxVL60+Ok=
-2,-17,bOYMIZhJBv7oDDwj+fGoTxk/FCc=,NHR8rUy5J/EIgvLfvTSxVL60+Ok=
-3,-19,bOYMIZhJBv7oDDwj+fGoTxk/FCc=,NHR8rUy5J/EIgvLfvTSxVL60+Ok=
-2,-19,bOYMIZhJBv7oDDwj+fGoTxk/FCc=,NHR8rUy5J/EIgvLfvTSxVL60+Ok=
-3,-20,bOYMIZhJBv7oDDwj+fGoTxk/FCc=,NHR8rUy5J/EIgvLfvTSxVL60+Ok=
-3,-18,bOYMIZhJBv7oDDwj+fGoTxk/FCc=,NHR8rUy5J/EIgvLfvTSxVL60+Ok=
-5,-20,bOYMIZhJBv7oDDwj+fGoTxk/FCc=,+h1d2r4IuQFOcfSOY+OVRWHrFuU=
-4,-17,bOYMIZhJBv7oDDwj+fGoTxk/FCc=,NHR8rUy5J/EIgvLfvTSxVL60+Ok=
-3,-17,bOYMIZhJBv7oDDwj+fGoTxk/FCc=,NHR8rUy5J/EIgvLfvTSxVL60+Ok=
-4,-21,bOYMIZhJBv7oDDwj+fGoTxk/FCc=,W/QpgnH2wziNQFMVTmuMHYXWtzE=
-1,-17,bOYMIZhJBv7oDDwj+fGoTxk/FCc=,NHR8rUy5J/EIgvLfvTSxVL60+Ok=
-2,-20,bOYMIZhJBv7oDDwj+fGoTxk/FCc=,NHR8rUy5J/EIgvLfvTSxVL60+Ok=
-5,-17,bOYMIZhJBv7oDDwj+fGoTxk/FCc=,+h1d2r4IuQFOcfSOY+OVRWHrFuU=
-4,-18,bOYMIZhJBv7oDDwj+fGoTxk/FCc=,NHR8rUy5J/EIgvLfvTSxVL60+Ok=
-18,-24,68Bgd0GaKsE/mPVqcD1ujKUypmA=,fmnoQpcIY3XQQZ687uu0hBqHpLw=
-21,-22,f0b/lJRgphSsqfZNM/eDtL6po/s=,5ecPgso56qn27ex+kfSOgPHxq64=
-19,-23,f0b/lJRgphSsqfZNM/eDtL6po/s=,fmnoQpcIY3XQQZ687uu0hBqHpLw=
-20,-23,f0b/lJRgphSsqfZNM/eDtL6po/s=,fmnoQpcIY3XQQZ687uu0hBqHpLw=
-19,-22,f0b/lJRgphSsqfZNM/eDtL6po/s=,fmnoQpcIY3XQQZ687uu0hBqHpLw=
-19,-24,f0b/lJRgphSsqfZNM/eDtL6po/s=,fmnoQpcIY3XQQZ687uu0hBqHpLw=
-20,-22,f0b/lJRgphSsqfZNM/eDtL6po/s=,fmnoQpcIY3XQQZ687uu0hBqHpLw=
-17,-23,f0b/lJRgphSsqfZNM/eDtL6po/s=,fmnoQpcIY3XQQZ687uu0hBqHpLw=
-18,-23,f0b/lJRgphSsqfZNM/eDtL6po/s=,fmnoQpcIY3XQQZ687uu0hBqHpLw=
-17,-24,f0b/lJRgphSsqfZNM/eDtL6po/s=,fmnoQpcIY3XQQZ687uu0hBqHpLw=
-21,-23,f0b/lJRgphSsqfZNM/eDtL6po/s=,5ecPgso56qn27ex+kfSOgPHxq64=
-17,-22,f0b/lJRgphSsqfZNM/eDtL6po/s=,fmnoQpcIY3XQQZ687uu0hBqHpLw=
-18,-22,f0b/lJRgphSsqfZNM/eDtL6po/s=,fmnoQpcIY3XQQZ687uu0hBqHpLw=
-20,-24,f0b/lJRgphSsqfZNM/eDtL6po/s=,fmnoQpcIY3XQQZ687uu0hBqHpLw=
-21,-24,f0b/lJRgphSsqfZNM/eDtL6po/s=,5ecPgso56qn27ex+kfSOgPHxq64=
-22,-21,f0b/lJRgphSsqfZNM/eDtL6po/s=,5ecPgso56qn27ex+kfSOgPHxq64=
-22,-18,f0b/lJRgphSsqfZNM/eDtL6po/s=,fmnoQpcIY3XQQZ687uu0hBqHpLw=
-24,-20,f0b/lJRgphSsqfZNM/eDtL6po/s=,fmnoQpcIY3XQQZ687uu0hBqHpLw=
-23,-20,f0b/lJRgphSsqfZNM/eDtL6po/s=,fmnoQpcIY3XQQZ687uu0hBqHpLw=
-23,-17,f0b/lJRgphSsqfZNM/eDtL6po/s=,fmnoQpcIY3XQQZ687uu0hBqHpLw=
-22,-17,f0b/lJRgphSsqfZNM/eDtL6po/s=,fmnoQpcIY3XQQZ687uu0hBqHpLw=
-22,-20,f0b/lJRgphSsqfZNM/eDtL6po/s=,fmnoQpcIY3XQQZ687uu0hBqHpLw=
-24,-19,f0b/lJRgphSsqfZNM/eDtL6po/s=,fmnoQpcIY3XQQZ687uu0hBqHpLw=
-23,-19,f0b/lJRgphSsqfZNM/eDtL6po/s=,fmnoQpcIY3XQQZ687uu0hBqHpLw=
-22,-19,f0b/lJRgphSsqfZNM/eDtL6po/s=,fmnoQpcIY3XQQZ687uu0hBqHpLw=
-24,-18,f0b/lJRgphSsqfZNM/eDtL6po/s=,fmnoQpcIY3XQQZ687uu0hBqHpLw=
-23,-18,f0b/lJRgphSsqfZNM/eDtL6po/s=,fmnoQpcIY3XQQZ687uu0hBqHpLw=
-24,-21,f0b/lJRgphSsqfZNM/eDtL6po/s=,5ecPgso56qn27ex+kfSOgPHxq64=
-24,-17,f0b/lJRgphSsqfZNM/eDtL6po/s=,fmnoQpcIY3XQQZ687uu0hBqHpLw=
-21,-19,f0b/lJRgphSsqfZNM/eDtL6po/s=,fmnoQpcIY3XQQZ687uu0hBqHpLw=
-21,-21,f0b/lJRgphSsqfZNM/eDtL6po/s=,5ecPgso56qn27ex+kfSOgPHxq64=
-20,-19,f0b/lJRgphSsqfZNM/eDtL6po/s=,fmnoQpcIY3XQQZ687uu0hBqHpLw=
-17,-21,f0b/lJRgphSsqfZNM/eDtL6po/s=,fmnoQpcIY3XQQZ687uu0hBqHpLw=
-23,-21,f0b/lJRgphSsqfZNM/eDtL6po/s=,5ecPgso56qn27ex+kfSOgPHxq64=
-20,-21,f0b/lJRgphSsqfZNM/eDtL6po/s=,fmnoQpcIY3XQQZ687uu0hBqHpLw=
-20,-18,f0b/lJRgphSsqfZNM/eDtL6po/s=,fmnoQpcIY3XQQZ687uu0hBqHpLw=
-19,-19,f0b/lJRgphSsqfZNM/eDtL6po/s=,fmnoQpcIY3XQQZ687uu0hBqHpLw=
-20,-20,f0b/lJRgphSsqfZNM/eDtL6po/s=,fmnoQpcIY3XQQZ687uu0hBqHpLw=
-18,-21,f0b/lJRgphSsqfZNM/eDtL6po/s=,fmnoQpcIY3XQQZ687uu0hBqHpLw=
-18,-20,f0b/lJRgphSsqfZNM/eDtL6po/s=,fmnoQpcIY3XQQZ687uu0hBqHpLw=
-19,-21,f0b/lJRgphSsqfZNM/eDtL6po/s=,fmnoQpcIY3XQQZ687uu0hBqHpLw=
-21,-18,f0b/lJRgphSsqfZNM/eDtL6po/s=,fmnoQpcIY3XQQZ687uu0hBqHpLw=
-18,-19,f0b/lJRgphSsqfZNM/eDtL6po/s=,fmnoQpcIY3XQQZ687uu0hBqHpLw=
-19,-18,f0b/lJRgphSsqfZNM/eDtL6po/s=,fmnoQpcIY3XQQZ687uu0hBqHpLw=
-21,-20,f0b/lJRgphSsqfZNM/eDtL6po/s=,fmnoQpcIY3XQQZ687uu0hBqHpLw=
-17,-20,f0b/lJRgphSsqfZNM/eDtL6po/s=,fmnoQpcIY3XQQZ687uu0hBqHpLw=
-19,-20,f0b/lJRgphSsqfZNM/eDtL6po/s=,fmnoQpcIY3XQQZ687uu0hBqHpLw=
-21,-17,f0b/lJRgphSsqfZNM/eDtL6po/s=,fmnoQpcIY3XQQZ687uu0hBqHpLw=
-19,-17,f0b/lJRgphSsqfZNM/eDtL6po/s=,fmnoQpcIY3XQQZ687uu0hBqHpLw=
-18,-18,f0b/lJRgphSsqfZNM/eDtL6po/s=,fmnoQpcIY3XQQZ687uu0hBqHpLw=
-20,-17,f0b/lJRgphSsqfZNM/eDtL6po/s=,fmnoQpcIY3XQQZ687uu0hBqHpLw=
-17,-18,f0b/lJRgphSsqfZNM/eDtL6po/s=,fmnoQpcIY3XQQZ687uu0hBqHpLw=
-17,-17,f0b/lJRgphSsqfZNM/eDtL6po/s=,fmnoQpcIY3XQQZ687uu0hBqHpLw=
-17,-19,f0b/lJRgphSsqfZNM/eDtL6po/s=,fmnoQpcIY3XQQZ687uu0hBqHpLw=
-18,-17,f0b/lJRgphSsqfZNM/eDtL6po/s=,fmnoQpcIY3XQQZ687uu0hBqHpLw=
-26,-6,UHKke5LQ4Ctuc9hVaFEPHoWUGIY=,W/QpgnH2wziNQFMVTmuMHYXWtzE=
-27,-6,UHKke5LQ4Ctuc9hVaFEPHoWUGIY=,W/QpgnH2wziNQFMVTmuMHYXWtzE=
-27,-11,y21jh5jM/cygLWyCK9+Lz4lDn64=,DkEJ8ClVeGc/bb1BGr6bW/BmQcQ=
-26,-9,y21jh5jM/cygLWyCK9+Lz4lDn64=,DkEJ8ClVeGc/bb1BGr6bW/BmQcQ=
-26,-11,y21jh5jM/cygLWyCK9+Lz4lDn64=,DkEJ8ClVeGc/bb1BGr6bW/BmQcQ=
-27,-10,HyhwYrXo/9MEr7hladoXtbc5+dw=,DkEJ8ClVeGc/bb1BGr6bW/BmQcQ=
-27,-9,SSjzsWr3S14N9CLx17Xv/Qyx5Ro=,DkEJ8ClVeGc/bb1BGr6bW/BmQcQ=
-27,-8,SSjzsWr3S14N9CLx17Xv/Qyx5Ro=,W/QpgnH2wziNQFMVTmuMHYXWtzE=
-26,-7,SSjzsWr3S14N9CLx17Xv/Qyx5Ro=,W/QpgnH2wziNQFMVTmuMHYXWtzE=
-26,-8,SSjzsWr3S14N9CLx17Xv/Qyx5Ro=,W/QpgnH2wziNQFMVTmuMHYXWtzE=
-26,-10,SSjzsWr3S14N9CLx17Xv/Qyx5Ro=,DkEJ8ClVeGc/bb1BGr6bW/BmQcQ=
-27,-7,SSjzsWr3S14N9CLx17Xv/Qyx5Ro=,W/QpgnH2wziNQFMVTmuMHYXWtzE=
-25,-6,SSjzsWr3S14N9CLx17Xv/Qyx5Ro=,W/QpgnH2wziNQFMVTmuMHYXWtzE=
-23,-6,SSjzsWr3S14N9CLx17Xv/Qyx5Ro=,W/QpgnH2wziNQFMVTmuMHYXWtzE=
-24,-6,SSjzsWr3S14N9CLx17Xv/Qyx5Ro=,W/QpgnH2wziNQFMVTmuMHYXWtzE=
-22,-7,SSjzsWr3S14N9CLx17Xv/Qyx5Ro=,W/QpgnH2wziNQFMVTmuMHYXWtzE=
-22,-6,SSjzsWr3S14N9CLx17Xv/Qyx5Ro=,W/QpgnH2wziNQFMVTmuMHYXWtzE=
-23,-7,SSjzsWr3S14N9CLx17Xv/Qyx5Ro=,W/QpgnH2wziNQFMVTmuMHYXWtzE=
-24,-7,SSjzsWr3S14N9CLx17Xv/Qyx5Ro=,W/QpgnH2wziNQFMVTmuMHYXWtzE=
-25,-7,SSjzsWr3S14N9CLx17Xv/Qyx5Ro=,W/QpgnH2wziNQFMVTmuMHYXWtzE=
-23,-11,SSjzsWr3S14N9CLx17Xv/Qyx5Ro=,fmnoQpcIY3XQQZ687uu0hBqHpLw=
-22,-9,SSjzsWr3S14N9CLx17Xv/Qyx5Ro=,fmnoQpcIY3XQQZ687uu0hBqHpLw=
-24,-11,SSjzsWr3S14N9CLx17Xv/Qyx5Ro=,fmnoQpcIY3XQQZ687uu0hBqHpLw=
-24,-9,SSjzsWr3S14N9CLx17Xv/Qyx5Ro=,fmnoQpcIY3XQQZ687uu0hBqHpLw=
-25,-8,SSjzsWr3S14N9CLx17Xv/Qyx5Ro=,W/QpgnH2wziNQFMVTmuMHYXWtzE=
-23,-9,SSjzsWr3S14N9CLx17Xv/Qyx5Ro=,fmnoQpcIY3XQQZ687uu0hBqHpLw=
-23,-8,SSjzsWr3S14N9CLx17Xv/Qyx5Ro=,W/QpgnH2wziNQFMVTmuMHYXWtzE=
-22,-11,SSjzsWr3S14N9CLx17Xv/Qyx5Ro=,fmnoQpcIY3XQQZ687uu0hBqHpLw=
-25,-10,SSjzsWr3S14N9CLx17Xv/Qyx5Ro=,DkEJ8ClVeGc/bb1BGr6bW/BmQcQ=
-22,-8,SSjzsWr3S14N9CLx17Xv/Qyx5Ro=,W/QpgnH2wziNQFMVTmuMHYXWtzE=
-24,-10,SSjzsWr3S14N9CLx17Xv/Qyx5Ro=,fmnoQpcIY3XQQZ687uu0hBqHpLw=
-22,-10,SSjzsWr3S14N9CLx17Xv/Qyx5Ro=,fmnoQpcIY3XQQZ687uu0hBqHpLw=
-24,-8,SSjzsWr3S14N9CLx17Xv/Qyx5Ro=,W/QpgnH2wziNQFMVTmuMHYXWtzE=
-25,-9,SSjzsWr3S14N9CLx17Xv/Qyx5Ro=,DkEJ8ClVeGc/bb1BGr6bW/BmQcQ=
-23,-10,SSjzsWr3S14N9CLx17Xv/Qyx5Ro=,fmnoQpcIY3XQQZ687uu0hBqHpLw=
-25,-11,SSjzsWr3S14N9CLx17Xv/Qyx5Ro=,DkEJ8ClVeGc/bb1BGr6bW/BmQcQ=
-22,-14,SSjzsWr3S14N9CLx17Xv/Qyx5Ro=,fmnoQpcIY3XQQZ687uu0hBqHpLw=
-22,-15,SSjzsWr3S14N9CLx17Xv/Qyx5Ro=,fmnoQpcIY3XQQZ687uu0hBqHpLw=
-23,-15,SSjzsWr3S14N9CLx17Xv/Qyx5Ro=,fmnoQpcIY3XQQZ687uu0hBqHpLw=
-23,-14,SSjzsWr3S14N9CLx17Xv/Qyx5Ro=,fmnoQpcIY3XQQZ687uu0hBqHpLw=
-23,-13,SSjzsWr3S14N9CLx17Xv/Qyx5Ro=,fmnoQpcIY3XQQZ687uu0hBqHpLw=
-23,-12,SSjzsWr3S14N9CLx17Xv/Qyx5Ro=,fmnoQpcIY3XQQZ687uu0hBqHpLw=
-22,-13,SSjzsWr3S14N9CLx17Xv/Qyx5Ro=,fmnoQpcIY3XQQZ687uu0hBqHpLw=
-22,-12,SSjzsWr3S14N9CLx17Xv/Qyx5Ro=,fmnoQpcIY3XQQZ687uu0hBqHpLw=
-22,-4,SSjzsWr3S14N9CLx17Xv/Qyx5Ro=,W/QpgnH2wziNQFMVTmuMHYXWtzE=
-23,-3,SSjzsWr3S14N9CLx17Xv/Qyx5Ro=,W/QpgnH2wziNQFMVTmuMHYXWtzE=
-23,-4,SSjzsWr3S14N9CLx17Xv/Qyx5Ro=,W/QpgnH2wziNQFMVTmuMHYXWtzE=
-22,-5,SSjzsWr3S14N9CLx17Xv/Qyx5Ro=,W/QpgnH2wziNQFMVTmuMHYXWtzE=
-22,-3,SSjzsWr3S14N9CLx17Xv/Qyx5Ro=,W/QpgnH2wziNQFMVTmuMHYXWtzE=
-22,-2,SSjzsWr3S14N9CLx17Xv/Qyx5Ro=,W/QpgnH2wziNQFMVTmuMHYXWtzE=
-23,-2,SSjzsWr3S14N9CLx17Xv/Qyx5Ro=,W/QpgnH2wziNQFMVTmuMHYXWtzE=
-23,-5,SSjzsWr3S14N9CLx17Xv/Qyx5Ro=,W/QpgnH2wziNQFMVTmuMHYXWtzE=
-18,-10,SSjzsWr3S14N9CLx17Xv/Qyx5Ro=,fmnoQpcIY3XQQZ687uu0hBqHpLw=
-19,-10,SSjzsWr3S14N9CLx17Xv/Qyx5Ro=,fmnoQpcIY3XQQZ687uu0hBqHpLw=
-19,-11,SSjzsWr3S14N9CLx17Xv/Qyx5Ro=,fmnoQpcIY3XQQZ687uu0hBqHpLw=
-20,-11,SSjzsWr3S14N9CLx17Xv/Qyx5Ro=,fmnoQpcIY3XQQZ687uu0hBqHpLw=
-21,-11,SSjzsWr3S14N9CLx17Xv/Qyx5Ro=,fmnoQpcIY3XQQZ687uu0hBqHpLw=
-18,-11,SSjzsWr3S14N9CLx17Xv/Qyx5Ro=,fmnoQpcIY3XQQZ687uu0hBqHpLw=
-17,-11,SSjzsWr3S14N9CLx17Xv/Qyx5Ro=,fmnoQpcIY3XQQZ687uu0hBqHpLw=
-18,-14,SSjzsWr3S14N9CLx17Xv/Qyx5Ro=,fmnoQpcIY3XQQZ687uu0hBqHpLw=
-21,-14,SSjzsWr3S14N9CLx17Xv/Qyx5Ro=,fmnoQpcIY3XQQZ687uu0hBqHpLw=
-20,-15,SSjzsWr3S14N9CLx17Xv/Qyx5Ro=,fmnoQpcIY3XQQZ687uu0hBqHpLw=
-20,-14,SSjzsWr3S14N9CLx17Xv/Qyx5Ro=,fmnoQpcIY3XQQZ687uu0hBqHpLw=
-19,-15,SSjzsWr3S14N9CLx17Xv/Qyx5Ro=,fmnoQpcIY3XQQZ687uu0hBqHpLw=
-21,-10,SSjzsWr3S14N9CLx17Xv/Qyx5Ro=,fmnoQpcIY3XQQZ687uu0hBqHpLw=
-17,-10,SSjzsWr3S14N9CLx17Xv/Qyx5Ro=,fmnoQpcIY3XQQZ687uu0hBqHpLw=
-18,-15,SSjzsWr3S14N9CLx17Xv/Qyx5Ro=,fmnoQpcIY3XQQZ687uu0hBqHpLw=
-21,-15,SSjzsWr3S14N9CLx17Xv/Qyx5Ro=,fmnoQpcIY3XQQZ687uu0hBqHpLw=
-18,-12,SSjzsWr3S14N9CLx17Xv/Qyx5Ro=,fmnoQpcIY3XQQZ687uu0hBqHpLw=
-20,-13,SSjzsWr3S14N9CLx17Xv/Qyx5Ro=,fmnoQpcIY3XQQZ687uu0hBqHpLw=
-19,-14,SSjzsWr3S14N9CLx17Xv/Qyx5Ro=,fmnoQpcIY3XQQZ687uu0hBqHpLw=
-19,-13,SSjzsWr3S14N9CLx17Xv/Qyx5Ro=,fmnoQpcIY3XQQZ687uu0hBqHpLw=
-21,-12,SSjzsWr3S14N9CLx17Xv/Qyx5Ro=,fmnoQpcIY3XQQZ687uu0hBqHpLw=
-18,-13,SSjzsWr3S14N9CLx17Xv/Qyx5Ro=,fmnoQpcIY3XQQZ687uu0hBqHpLw=
-21,-13,SSjzsWr3S14N9CLx17Xv/Qyx5Ro=,fmnoQpcIY3XQQZ687uu0hBqHpLw=
-20,-10,SSjzsWr3S14N9CLx17Xv/Qyx5Ro=,fmnoQpcIY3XQQZ687uu0hBqHpLw=
-20,-12,SSjzsWr3S14N9CLx17Xv/Qyx5Ro=,fmnoQpcIY3XQQZ687uu0hBqHpLw=
-18,-16,SSjzsWr3S14N9CLx17Xv/Qyx5Ro=,fmnoQpcIY3XQQZ687uu0hBqHpLw=
-19,-12,SSjzsWr3S14N9CLx17Xv/Qyx5Ro=,fmnoQpcIY3XQQZ687uu0hBqHpLw=
-23,-1,SSjzsWr3S14N9CLx17Xv/Qyx5Ro=,W/QpgnH2wziNQFMVTmuMHYXWtzE=
-28,-7,SSjzsWr3S14N9CLx17Xv/Qyx5Ro=,W/QpgnH2wziNQFMVTmuMHYXWtzE=
-22,-1,SSjzsWr3S14N9CLx17Xv/Qyx5Ro=,W/QpgnH2wziNQFMVTmuMHYXWtzE=
-28,-6,SSjzsWr3S14N9CLx17Xv/Qyx5Ro=,W/QpgnH2wziNQFMVTmuMHYXWtzE=
-19,-16,SSjzsWr3S14N9CLx17Xv/Qyx5Ro=,fmnoQpcIY3XQQZ687uu0hBqHpLw=
-29,-7,SSjzsWr3S14N9CLx17Xv/Qyx5Ro=,+h1d2r4IuQFOcfSOY+OVRWHrFuU=
-29,-6,SSjzsWr3S14N9CLx17Xv/Qyx5Ro=,+h1d2r4IuQFOcfSOY+OVRWHrFuU=
-28,-8,SSjzsWr3S14N9CLx17Xv/Qyx5Ro=,W/QpgnH2wziNQFMVTmuMHYXWtzE=
-29,-11,SSjzsWr3S14N9CLx17Xv/Qyx5Ro=,+h1d2r4IuQFOcfSOY+OVRWHrFuU=
-29,-10,SSjzsWr3S14N9CLx17Xv/Qyx5Ro=,+h1d2r4IuQFOcfSOY+OVRWHrFuU=
-29,-9,SSjzsWr3S14N9CLx17Xv/Qyx5Ro=,+h1d2r4IuQFOcfSOY+OVRWHrFuU=
-29,-8,SSjzsWr3S14N9CLx17Xv/Qyx5Ro=,+h1d2r4IuQFOcfSOY+OVRWHrFuU=
-28,-9,SSjzsWr3S14N9CLx17Xv/Qyx5Ro=,DkEJ8ClVeGc/bb1BGr6bW/BmQcQ=
-25,-15,SSjzsWr3S14N9CLx17Xv/Qyx5Ro=,fmnoQpcIY3XQQZ687uu0hBqHpLw=
-26,-15,SSjzsWr3S14N9CLx17Xv/Qyx5Ro=,fmnoQpcIY3XQQZ687uu0hBqHpLw=
-28,-10,SSjzsWr3S14N9CLx17Xv/Qyx5Ro=,DkEJ8ClVeGc/bb1BGr6bW/BmQcQ=
-26,-12,SSjzsWr3S14N9CLx17Xv/Qyx5Ro=,DkEJ8ClVeGc/bb1BGr6bW/BmQcQ=
-25,-12,SSjzsWr3S14N9CLx17Xv/Qyx5Ro=,DkEJ8ClVeGc/bb1BGr6bW/BmQcQ=
-24,-13,SSjzsWr3S14N9CLx17Xv/Qyx5Ro=,fmnoQpcIY3XQQZ687uu0hBqHpLw=
-27,-13,SSjzsWr3S14N9CLx17Xv/Qyx5Ro=,fmnoQpcIY3XQQZ687uu0hBqHpLw=
-25,-14,SSjzsWr3S14N9CLx17Xv/Qyx5Ro=,fmnoQpcIY3XQQZ687uu0hBqHpLw=
-24,-15,SSjzsWr3S14N9CLx17Xv/Qyx5Ro=,fmnoQpcIY3XQQZ687uu0hBqHpLw=
-26,-14,SSjzsWr3S14N9CLx17Xv/Qyx5Ro=,fmnoQpcIY3XQQZ687uu0hBqHpLw=
-27,-15,SSjzsWr3S14N9CLx17Xv/Qyx5Ro=,fmnoQpcIY3XQQZ687uu0hBqHpLw=
-27,-14,SSjzsWr3S14N9CLx17Xv/Qyx5Ro=,fmnoQpcIY3XQQZ687uu0hBqHpLw=
-26,-13,SSjzsWr3S14N9CLx17Xv/Qyx5Ro=,fmnoQpcIY3XQQZ687uu0hBqHpLw=
-25,-13,SSjzsWr3S14N9CLx17Xv/Qyx5Ro=,fmnoQpcIY3XQQZ687uu0hBqHpLw=
-27,-12,SSjzsWr3S14N9CLx17Xv/Qyx5Ro=,DkEJ8ClVeGc/bb1BGr6bW/BmQcQ=
-24,-14,SSjzsWr3S14N9CLx17Xv/Qyx5Ro=,fmnoQpcIY3XQQZ687uu0hBqHpLw=
-28,-13,SSjzsWr3S14N9CLx17Xv/Qyx5Ro=,fmnoQpcIY3XQQZ687uu0hBqHpLw=
-28,-15,SSjzsWr3S14N9CLx17Xv/Qyx5Ro=,fmnoQpcIY3XQQZ687uu0hBqHpLw=
-28,-12,SSjzsWr3S14N9CLx17Xv/Qyx5Ro=,DkEJ8ClVeGc/bb1BGr6bW/BmQcQ=
-29,-12,SSjzsWr3S14N9CLx17Xv/Qyx5Ro=,+h1d2r4IuQFOcfSOY+OVRWHrFuU=
-29,-15,SSjzsWr3S14N9CLx17Xv/Qyx5Ro=,JPuD/UfATDertpROHJSA3S89FIA=
-28,-11,SSjzsWr3S14N9CLx17Xv/Qyx5Ro=,DkEJ8ClVeGc/bb1BGr6bW/BmQcQ=
-29,-14,SSjzsWr3S14N9CLx17Xv/Qyx5Ro=,JPuD/UfATDertpROHJSA3S89FIA=
-28,-14,SSjzsWr3S14N9CLx17Xv/Qyx5Ro=,fmnoQpcIY3XQQZ687uu0hBqHpLw=
-29,-13,SSjzsWr3S14N9CLx17Xv/Qyx5Ro=,JPuD/UfATDertpROHJSA3S89FIA=
-24,-12,SSjzsWr3S14N9CLx17Xv/Qyx5Ro=,fmnoQpcIY3XQQZ687uu0hBqHpLw=
-22,-16,SSjzsWr3S14N9CLx17Xv/Qyx5Ro=,fmnoQpcIY3XQQZ687uu0hBqHpLw=
-23,-16,SSjzsWr3S14N9CLx17Xv/Qyx5Ro=,fmnoQpcIY3XQQZ687uu0hBqHpLw=
-27,-16,SSjzsWr3S14N9CLx17Xv/Qyx5Ro=,fmnoQpcIY3XQQZ687uu0hBqHpLw=
-26,-16,SSjzsWr3S14N9CLx17Xv/Qyx5Ro=,fmnoQpcIY3XQQZ687uu0hBqHpLw=
-25,-16,SSjzsWr3S14N9CLx17Xv/Qyx5Ro=,fmnoQpcIY3XQQZ687uu0hBqHpLw=
-24,-16,SSjzsWr3S14N9CLx17Xv/Qyx5Ro=,fmnoQpcIY3XQQZ687uu0hBqHpLw=
-21,-16,SSjzsWr3S14N9CLx17Xv/Qyx5Ro=,fmnoQpcIY3XQQZ687uu0hBqHpLw=
-20,-16,SSjzsWr3S14N9CLx17Xv/Qyx5Ro=,fmnoQpcIY3XQQZ687uu0hBqHpLw=
-17,-14,SSjzsWr3S14N9CLx17Xv/Qyx5Ro=,fmnoQpcIY3XQQZ687uu0hBqHpLw=
-17,-13,SSjzsWr3S14N9CLx17Xv/Qyx5Ro=,fmnoQpcIY3XQQZ687uu0hBqHpLw=
-17,-12,SSjzsWr3S14N9CLx17Xv/Qyx5Ro=,fmnoQpcIY3XQQZ687uu0hBqHpLw=
-17,-15,SSjzsWr3S14N9CLx17Xv/Qyx5Ro=,fmnoQpcIY3XQQZ687uu0hBqHpLw=
-29,-16,SSjzsWr3S14N9CLx17Xv/Qyx5Ro=,JPuD/UfATDertpROHJSA3S89FIA=
-28,-16,SSjzsWr3S14N9CLx17Xv/Qyx5Ro=,fmnoQpcIY3XQQZ687uu0hBqHpLw=
-17,-16,SSjzsWr3S14N9CLx17Xv/Qyx5Ro=,fmnoQpcIY3XQQZ687uu0hBqHpLw=
-18,-7,SSjzsWr3S14N9CLx17Xv/Qyx5Ro=,eR9SVnuyiCqyNLPMVZImCA+hvX4=
-19,-7,SSjzsWr3S14N9CLx17Xv/Qyx5Ro=,eR9SVnuyiCqyNLPMVZImCA+hvX4=
-17,-7,SSjzsWr3S14N9CLx17Xv/Qyx5Ro=,eR9SVnuyiCqyNLPMVZImCA+hvX4=
-17,-8,SSjzsWr3S14N9CLx17Xv/Qyx5Ro=,eR9SVnuyiCqyNLPMVZImCA+hvX4=
-21,-7,SSjzsWr3S14N9CLx17Xv/Qyx5Ro=,W/QpgnH2wziNQFMVTmuMHYXWtzE=
-21,-6,SSjzsWr3S14N9CLx17Xv/Qyx5Ro=,W/QpgnH2wziNQFMVTmuMHYXWtzE=
-20,-6,SSjzsWr3S14N9CLx17Xv/Qyx5Ro=,eR9SVnuyiCqyNLPMVZImCA+hvX4=
-18,-8,SSjzsWr3S14N9CLx17Xv/Qyx5Ro=,eR9SVnuyiCqyNLPMVZImCA+hvX4=
-20,-8,SSjzsWr3S14N9CLx17Xv/Qyx5Ro=,eR9SVnuyiCqyNLPMVZImCA+hvX4=
-20,-9,SSjzsWr3S14N9CLx17Xv/Qyx5Ro=,fmnoQpcIY3XQQZ687uu0hBqHpLw=
-17,-9,SSjzsWr3S14N9CLx17Xv/Qyx5Ro=,fmnoQpcIY3XQQZ687uu0hBqHpLw=
-17,-6,SSjzsWr3S14N9CLx17Xv/Qyx5Ro=,eR9SVnuyiCqyNLPMVZImCA+hvX4=
-19,-6,SSjzsWr3S14N9CLx17Xv/Qyx5Ro=,eR9SVnuyiCqyNLPMVZImCA+hvX4=
-19,-9,SSjzsWr3S14N9CLx17Xv/Qyx5Ro=,fmnoQpcIY3XQQZ687uu0hBqHpLw=
-21,-8,SSjzsWr3S14N9CLx17Xv/Qyx5Ro=,W/QpgnH2wziNQFMVTmuMHYXWtzE=
-21,-9,SSjzsWr3S14N9CLx17Xv/Qyx5Ro=,fmnoQpcIY3XQQZ687uu0hBqHpLw=
-19,-8,SSjzsWr3S14N9CLx17Xv/Qyx5Ro=,eR9SVnuyiCqyNLPMVZImCA+hvX4=
-18,-9,SSjzsWr3S14N9CLx17Xv/Qyx5Ro=,fmnoQpcIY3XQQZ687uu0hBqHpLw=
-20,-7,SSjzsWr3S14N9CLx17Xv/Qyx5Ro=,eR9SVnuyiCqyNLPMVZImCA+hvX4=
-18,-6,SSjzsWr3S14N9CLx17Xv/Qyx5Ro=,eR9SVnuyiCqyNLPMVZImCA+hvX4=
-29,-5,SSjzsWr3S14N9CLx17Xv/Qyx5Ro=,+h1d2r4IuQFOcfSOY+OVRWHrFuU=
-27,-2,SSjzsWr3S14N9CLx17Xv/Qyx5Ro=,W/QpgnH2wziNQFMVTmuMHYXWtzE=
-28,-2,SSjzsWr3S14N9CLx17Xv/Qyx5Ro=,W/QpgnH2wziNQFMVTmuMHYXWtzE=
-24,-3,SSjzsWr3S14N9CLx17Xv/Qyx5Ro=,W/QpgnH2wziNQFMVTmuMHYXWtzE=
-28,-5,SSjzsWr3S14N9CLx17Xv/Qyx5Ro=,W/QpgnH2wziNQFMVTmuMHYXWtzE=
-27,-5,SSjzsWr3S14N9CLx17Xv/Qyx5Ro=,W/QpgnH2wziNQFMVTmuMHYXWtzE=
-28,-1,SSjzsWr3S14N9CLx17Xv/Qyx5Ro=,W/QpgnH2wziNQFMVTmuMHYXWtzE=
-25,-2,SSjzsWr3S14N9CLx17Xv/Qyx5Ro=,W/QpgnH2wziNQFMVTmuMHYXWtzE=
-26,-2,SSjzsWr3S14N9CLx17Xv/Qyx5Ro=,W/QpgnH2wziNQFMVTmuMHYXWtzE=
-27,-3,SSjzsWr3S14N9CLx17Xv/Qyx5Ro=,W/QpgnH2wziNQFMVTmuMHYXWtzE=
-26,-5,SSjzsWr3S14N9CLx17Xv/Qyx5Ro=,W/QpgnH2wziNQFMVTmuMHYXWtzE=
-24,-1,SSjzsWr3S14N9CLx17Xv/Qyx5Ro=,W/QpgnH2wziNQFMVTmuMHYXWtzE=
-28,-3,SSjzsWr3S14N9CLx17Xv/Qyx5Ro=,W/QpgnH2wziNQFMVTmuMHYXWtzE=
-25,-1,SSjzsWr3S14N9CLx17Xv/Qyx5Ro=,W/QpgnH2wziNQFMVTmuMHYXWtzE=
-25,-4,SSjzsWr3S14N9CLx17Xv/Qyx5Ro=,W/QpgnH2wziNQFMVTmuMHYXWtzE=
-26,-4,SSjzsWr3S14N9CLx17Xv/Qyx5Ro=,W/QpgnH2wziNQFMVTmuMHYXWtzE=
-27,-4,SSjzsWr3S14N9CLx17Xv/Qyx5Ro=,W/QpgnH2wziNQFMVTmuMHYXWtzE=
-26,-1,SSjzsWr3S14N9CLx17Xv/Qyx5Ro=,W/QpgnH2wziNQFMVTmuMHYXWtzE=
-24,-2,SSjzsWr3S14N9CLx17Xv/Qyx5Ro=,W/QpgnH2wziNQFMVTmuMHYXWtzE=
-24,-4,SSjzsWr3S14N9CLx17Xv/Qyx5Ro=,W/QpgnH2wziNQFMVTmuMHYXWtzE=
-27,-1,SSjzsWr3S14N9CLx17Xv/Qyx5Ro=,W/QpgnH2wziNQFMVTmuMHYXWtzE=
-28,-4,SSjzsWr3S14N9CLx17Xv/Qyx5Ro=,W/QpgnH2wziNQFMVTmuMHYXWtzE=
-24,-5,SSjzsWr3S14N9CLx17Xv/Qyx5Ro=,W/QpgnH2wziNQFMVTmuMHYXWtzE=
-25,-5,SSjzsWr3S14N9CLx17Xv/Qyx5Ro=,W/QpgnH2wziNQFMVTmuMHYXWtzE=
-26,-3,SSjzsWr3S14N9CLx17Xv/Qyx5Ro=,W/QpgnH2wziNQFMVTmuMHYXWtzE=
-25,-3,SSjzsWr3S14N9CLx17Xv/Qyx5Ro=,W/QpgnH2wziNQFMVTmuMHYXWtzE=
-21,-1,SSjzsWr3S14N9CLx17Xv/Qyx5Ro=,W/QpgnH2wziNQFMVTmuMHYXWtzE=
-18,-3,SSjzsWr3S14N9CLx17Xv/Qyx5Ro=,fmnoQpcIY3XQQZ687uu0hBqHpLw=
-20,-1,SSjzsWr3S14N9CLx17Xv/Qyx5Ro=,fmnoQpcIY3XQQZ687uu0hBqHpLw=
-17,-1,SSjzsWr3S14N9CLx17Xv/Qyx5Ro=,fmnoQpcIY3XQQZ687uu0hBqHpLw=
-19,-5,SSjzsWr3S14N9CLx17Xv/Qyx5Ro=,eR9SVnuyiCqyNLPMVZImCA+hvX4=
-18,-5,SSjzsWr3S14N9CLx17Xv/Qyx5Ro=,eR9SVnuyiCqyNLPMVZImCA+hvX4=
-18,-4,SSjzsWr3S14N9CLx17Xv/Qyx5Ro=,fmnoQpcIY3XQQZ687uu0hBqHpLw=
-19,-3,SSjzsWr3S14N9CLx17Xv/Qyx5Ro=,fmnoQpcIY3XQQZ687uu0hBqHpLw=
-20,-5,SSjzsWr3S14N9CLx17Xv/Qyx5Ro=,eR9SVnuyiCqyNLPMVZImCA+hvX4=
-19,-2,SSjzsWr3S14N9CLx17Xv/Qyx5Ro=,fmnoQpcIY3XQQZ687uu0hBqHpLw=
-17,-4,SSjzsWr3S14N9CLx17Xv/Qyx5Ro=,fmnoQpcIY3XQQZ687uu0hBqHpLw=
-19,-4,SSjzsWr3S14N9CLx17Xv/Qyx5Ro=,fmnoQpcIY3XQQZ687uu0hBqHpLw=
-19,-1,SSjzsWr3S14N9CLx17Xv/Qyx5Ro=,fmnoQpcIY3XQQZ687uu0hBqHpLw=
-18,-1,SSjzsWr3S14N9CLx17Xv/Qyx5Ro=,fmnoQpcIY3XQQZ687uu0hBqHpLw=
-20,-3,SSjzsWr3S14N9CLx17Xv/Qyx5Ro=,fmnoQpcIY3XQQZ687uu0hBqHpLw=
-21,-4,SSjzsWr3S14N9CLx17Xv/Qyx5Ro=,W/QpgnH2wziNQFMVTmuMHYXWtzE=
-20,-2,SSjzsWr3S14N9CLx17Xv/Qyx5Ro=,fmnoQpcIY3XQQZ687uu0hBqHpLw=
-17,-3,SSjzsWr3S14N9CLx17Xv/Qyx5Ro=,fmnoQpcIY3XQQZ687uu0hBqHpLw=
-21,-5,SSjzsWr3S14N9CLx17Xv/Qyx5Ro=,W/QpgnH2wziNQFMVTmuMHYXWtzE=
-17,-2,SSjzsWr3S14N9CLx17Xv/Qyx5Ro=,fmnoQpcIY3XQQZ687uu0hBqHpLw=
-17,-5,SSjzsWr3S14N9CLx17Xv/Qyx5Ro=,eR9SVnuyiCqyNLPMVZImCA+hvX4=
-21,-2,SSjzsWr3S14N9CLx17Xv/Qyx5Ro=,W/QpgnH2wziNQFMVTmuMHYXWtzE=
-18,-2,SSjzsWr3S14N9CLx17Xv/Qyx5Ro=,fmnoQpcIY3XQQZ687uu0hBqHpLw=
-21,-3,SSjzsWr3S14N9CLx17Xv/Qyx5Ro=,W/QpgnH2wziNQFMVTmuMHYXWtzE=
-20,-4,SSjzsWr3S14N9CLx17Xv/Qyx5Ro=,fmnoQpcIY3XQQZ687uu0hBqHpLw=
