-32,0,d6OKwg+EQMFeo70a5Mw60zdFxn4=,5+rL83Jj4hf3wRdIZy75mwoUjso=
-17,0,3N1J3aZmfKLDr3+zBleff7BNp80=,5+rL83Jj4hf3wRdIZy75mwoUjso=
-18,1,d6OKwg+EQMFeo70a5Mw60zdFxn4=,5+rL83Jj4hf3wRdIZy75mwoUjso=
-17,15,3N1J3aZmfKLDr3+zBleff7BNp80=,5+rL83Jj4hf3wRdIZy75mwoUjso=
-18,15,3N1J3aZmfKLDr3+zBleff7BNp80=,5+rL83Jj4hf3wRdIZy75mwoUjso=
-20,15,3N1J3aZmfKLDr3+zBleff7BNp80=,5+rL83Jj4hf3wRdIZy75mwoUjso=
-19,15,3N1J3aZmfKLDr3+zBleff7BNp80=,5+rL83Jj4hf3wRdIZy75mwoUjso=
-21,15,3N1J3aZmfKLDr3+zBleff7BNp80=,5+rL83Jj4hf3wRdIZy75mwoUjso=
-25,15,d6OKwg+EQMFeo70a5Mw60zdFxn4=,5+rL83Jj4hf3wRdIZy75mwoUjso=
-23,15,d6OKwg+EQMFeo70a5Mw60zdFxn4=,5+rL83Jj4hf3wRdIZy75mwoUjso=
-24,15,d6OKwg+EQMFeo70a5Mw60zdFxn4=,5+rL83Jj4hf3wRdIZy75mwoUjso=
-22,15,d6OKwg+EQMFeo70a5Mw60zdFxn4=,5+rL83Jj4hf3wRdIZy75mwoUjso=
-26,15,d6OKwg+EQMFeo70a5Mw60zdFxn4=,5+rL83Jj4hf3wRdIZy75mwoUjso=
-28,15,d6OKwg+EQMFeo70a5Mw60zdFxn4=,5+rL83Jj4hf3wRdIZy75mwoUjso=
-27,15,d6OKwg+EQMFeo70a5Mw60zdFxn4=,5+rL83Jj4hf3wRdIZy75mwoUjso=
-30,15,d6OKwg+EQMFeo70a5Mw60zdFxn4=,5+rL83Jj4hf3wRdIZy75mwoUjso=
-29,15,d6OKwg+EQMFeo70a5Mw60zdFxn4=,5+rL83Jj4hf3wRdIZy75mwoUjso=
-31,15,d6OKwg+EQMFeo70a5Mw60zdFxn4=,5+rL83Jj4hf3wRdIZy75mwoUjso=
-20,0,d6OKwg+EQMFeo70a5Mw60zdFxn4=,5+rL83Jj4hf3wRdIZy75mwoUjso=
-19,0,d6OKwg+EQMFeo70a5Mw60zdFxn4=,5+rL83Jj4hf3wRdIZy75mwoUjso=
-18,0,3N1J3aZmfKLDr3+zBleff7BNp80=,5+rL83Jj4hf3wRdIZy75mwoUjso=
-21,0,d6OKwg+EQMFeo70a5Mw60zdFxn4=,5+rL83Jj4hf3wRdIZy75mwoUjso=
-22,0,d6OKwg+EQMFeo70a5Mw60zdFxn4=,5+rL83Jj4hf3wRdIZy75mwoUjso=
-26,0,d6OKwg+EQMFeo70a5Mw60zdFxn4=,5+rL83Jj4hf3wRdIZy75mwoUjso=
-23,0,d6OKwg+EQMFeo70a5Mw60zdFxn4=,5+rL83Jj4hf3wRdIZy75mwoUjso=
-25,0,d6OKwg+EQMFeo70a5Mw60zdFxn4=,5+rL83Jj4hf3wRdIZy75mwoUjso=
-24,0,d6OKwg+EQMFeo70a5Mw60zdFxn4=,5+rL83Jj4hf3wRdIZy75mwoUjso=
-27,0,d6OKwg+EQMFeo70a5Mw60zdFxn4=,5+rL83Jj4hf3wRdIZy75mwoUjso=
-28,0,d6OKwg+EQMFeo70a5Mw60zdFxn4=,5+rL83Jj4hf3wRdIZy75mwoUjso=
-29,0,d6OKwg+EQMFeo70a5Mw60zdFxn4=,5+rL83Jj4hf3wRdIZy75mwoUjso=
-17,1,d6OKwg+EQMFeo70a5Mw60zdFxn4=,5+rL83Jj4hf3wRdIZy75mwoUjso=
-31,0,d6OKwg+EQMFeo70a5Mw60zdFxn4=,5+rL83Jj4hf3wRdIZy75mwoUjso=
-30,0,d6OKwg+EQMFeo70a5Mw60zdFxn4=,5+rL83Jj4hf3wRdIZy75mwoUjso=
-18,14,d6OKwg+EQMFeo70a5Mw60zdFxn4=,5+rL83Jj4hf3wRdIZy75mwoUjso=
-19,1,d6OKwg+EQMFeo70a5Mw60zdFxn4=,5+rL83Jj4hf3wRdIZy75mwoUjso=
-32,15,d6OKwg+EQMFeo70a5Mw60zdFxn4=,5+rL83Jj4hf3wRdIZy75mwoUjso=
-19,14,d6OKwg+EQMFeo70a5Mw60zdFxn4=,5+rL83Jj4hf3wRdIZy75mwoUjso=
-20,14,d6OKwg+EQMFeo70a5Mw60zdFxn4=,5+rL83Jj4hf3wRdIZy75mwoUjso=
-21,14,d6OKwg+EQMFeo70a5Mw60zdFxn4=,5+rL83Jj4hf3wRdIZy75mwoUjso=
-32,2,d6OKwg+EQMFeo70a5Mw60zdFxn4=,5+rL83Jj4hf3wRdIZy75mwoUjso=
-17,14,3N1J3aZmfKLDr3+zBleff7BNp80=,5+rL83Jj4hf3wRdIZy75mwoUjso=
-22,14,d6OKwg+EQMFeo70a5Mw60zdFxn4=,5+rL83Jj4hf3wRdIZy75mwoUjso=
-23,14,d6OKwg+EQMFeo70a5Mw60zdFxn4=,5+rL83Jj4hf3wRdIZy75mwoUjso=
-25,14,d6OKwg+EQMFeo70a5Mw60zdFxn4=,5+rL83Jj4hf3wRdIZy75mwoUjso=
-31,2,d6OKwg+EQMFeo70a5Mw60zdFxn4=,5+rL83Jj4hf3wRdIZy75mwoUjso=
-24,14,d6OKwg+EQMFeo70a5Mw60zdFxn4=,5+rL83Jj4hf3wRdIZy75mwoUjso=
-26,14,d6OKwg+EQMFeo70a5Mw60zdFxn4=,5+rL83Jj4hf3wRdIZy75mwoUjso=
-28,14,d6OKwg+EQMFeo70a5Mw60zdFxn4=,5+rL83Jj4hf3wRdIZy75mwoUjso=
-27,14,d6OKwg+EQMFeo70a5Mw60zdFxn4=,5+rL83Jj4hf3wRdIZy75mwoUjso=
-20,1,d6OKwg+EQMFeo70a5Mw60zdFxn4=,5+rL83Jj4hf3wRdIZy75mwoUjso=
-30,14,d6OKwg+EQMFeo70a5Mw60zdFxn4=,5+rL83Jj4hf3wRdIZy75mwoUjso=
-31,14,d6OKwg+EQMFeo70a5Mw60zdFxn4=,5+rL83Jj4hf3wRdIZy75mwoUjso=
-29,14,d6OKwg+EQMFeo70a5Mw60zdFxn4=,5+rL83Jj4hf3wRdIZy75mwoUjso=
-30,2,d6OKwg+EQMFeo70a5Mw60zdFxn4=,5+rL83Jj4hf3wRdIZy75mwoUjso=
-17,13,d6OKwg+EQMFeo70a5Mw60zdFxn4=,5+rL83Jj4hf3wRdIZy75mwoUjso=
-32,14,d6OKwg+EQMFeo70a5Mw60zdFxn4=,5+rL83Jj4hf3wRdIZy75mwoUjso=
-18,13,d6OKwg+EQMFeo70a5Mw60zdFxn4=,5+rL83Jj4hf3wRdIZy75mwoUjso=
-19,13,d6OKwg+EQMFeo70a5Mw60zdFxn4=,5+rL83Jj4hf3wRdIZy75mwoUjso=
-20,13,d6OKwg+EQMFeo70a5Mw60zdFxn4=,5+rL83Jj4hf3wRdIZy75mwoUjso=
-29,2,d6OKwg+EQMFeo70a5Mw60zdFxn4=,5+rL83Jj4hf3wRdIZy75mwoUjso=
-21,13,d6OKwg+EQMFeo70a5Mw60zdFxn4=,5+rL83Jj4hf3wRdIZy75mwoUjso=
-22,13,d6OKwg+EQMFeo70a5Mw60zdFxn4=,5+rL83Jj4hf3wRdIZy75mwoUjso=
-23,13,d6OKwg+EQMFeo70a5Mw60zdFxn4=,5+rL83Jj4hf3wRdIZy75mwoUjso=
-24,13,d6OKwg+EQMFeo70a5Mw60zdFxn4=,5+rL83Jj4hf3wRdIZy75mwoUjso=
-26,13,d6OKwg+EQMFeo70a5Mw60zdFxn4=,5+rL83Jj4hf3wRdIZy75mwoUjso=
-25,13,d6OKwg+EQMFeo70a5Mw60zdFxn4=,5+rL83Jj4hf3wRdIZy75mwoUjso=
-28,2,d6OKwg+EQMFeo70a5Mw60zdFxn4=,5+rL83Jj4hf3wRdIZy75mwoUjso=
-27,13,d6OKwg+EQMFeo70a5Mw60zdFxn4=,5+rL83Jj4hf3wRdIZy75mwoUjso=
-28,13,d6OKwg+EQMFeo70a5Mw60zdFxn4=,5+rL83Jj4hf3wRdIZy75mwoUjso=
-21,1,d6OKwg+EQMFeo70a5Mw60zdFxn4=,5+rL83Jj4hf3wRdIZy75mwoUjso=
-29,13,d6OKwg+EQMFeo70a5Mw60zdFxn4=,5+rL83Jj4hf3wRdIZy75mwoUjso=
-30,13,d6OKwg+EQMFeo70a5Mw60zdFxn4=,5+rL83Jj4hf3wRdIZy75mwoUjso=
-31,13,d6OKwg+EQMFeo70a5Mw60zdFxn4=,5+rL83Jj4hf3wRdIZy75mwoUjso=
-32,13,d6OKwg+EQMFeo70a5Mw60zdFxn4=,5+rL83Jj4hf3wRdIZy75mwoUjso=
-27,2,d6OKwg+EQMFeo70a5Mw60zdFxn4=,5+rL83Jj4hf3wRdIZy75mwoUjso=
-17,12,d6OKwg+EQMFeo70a5Mw60zdFxn4=,5+rL83Jj4hf3wRdIZy75mwoUjso=
-18,12,d6OKwg+EQMFeo70a5Mw60zdFxn4=,5+rL83Jj4hf3wRdIZy75mwoUjso=
-19,12,d6OKwg+EQMFeo70a5Mw60zdFxn4=,5+rL83Jj4hf3wRdIZy75mwoUjso=
-21,12,d6OKwg+EQMFeo70a5Mw60zdFxn4=,5+rL83Jj4hf3wRdIZy75mwoUjso=
-20,12,d6OKwg+EQMFeo70a5Mw60zdFxn4=,5+rL83Jj4hf3wRdIZy75mwoUjso=
-26,2,d6OKwg+EQMFeo70a5Mw60zdFxn4=,5+rL83Jj4hf3wRdIZy75mwoUjso=
-22,12,d6OKwg+EQMFeo70a5Mw60zdFxn4=,5+rL83Jj4hf3wRdIZy75mwoUjso=
-23,12,d6OKwg+EQMFeo70a5Mw60zdFxn4=,5+rL83Jj4hf3wRdIZy75mwoUjso=
-24,12,d6OKwg+EQMFeo70a5Mw60zdFxn4=,5+rL83Jj4hf3wRdIZy75mwoUjso=
-25,12,d6OKwg+EQMFeo70a5Mw60zdFxn4=,5+rL83Jj4hf3wRdIZy75mwoUjso=
-26,12,d6OKwg+EQMFeo70a5Mw60zdFxn4=,5+rL83Jj4hf3wRdIZy75mwoUjso=
-25,2,d6OKwg+EQMFeo70a5Mw60zdFxn4=,5+rL83Jj4hf3wRdIZy75mwoUjso=
-28,12,d6OKwg+EQMFeo70a5Mw60zdFxn4=,5+rL83Jj4hf3wRdIZy75mwoUjso=
-27,12,d6OKwg+EQMFeo70a5Mw60zdFxn4=,5+rL83Jj4hf3wRdIZy75mwoUjso=
-22,1,d6OKwg+EQMFeo70a5Mw60zdFxn4=,5+rL83Jj4hf3wRdIZy75mwoUjso=
-29,12,d6OKwg+EQMFeo70a5Mw60zdFxn4=,5+rL83Jj4hf3wRdIZy75mwoUjso=
-30,12,d6OKwg+EQMFeo70a5Mw60zdFxn4=,5+rL83Jj4hf3wRdIZy75mwoUjso=
-24,2,d6OKwg+EQMFeo70a5Mw60zdFxn4=,5+rL83Jj4hf3wRdIZy75mwoUjso=
-31,12,d6OKwg+EQMFeo70a5Mw60zdFxn4=,5+rL83Jj4hf3wRdIZy75mwoUjso=
-17,11,d6OKwg+EQMFeo70a5Mw60zdFxn4=,5+rL83Jj4hf3wRdIZy75mwoUjso=
-32,12,d6OKwg+EQMFeo70a5Mw60zdFxn4=,5+rL83Jj4hf3wRdIZy75mwoUjso=
-20,11,d6OKwg+EQMFeo70a5Mw60zdFxn4=,5+rL83Jj4hf3wRdIZy75mwoUjso=
-18,11,d6OKwg+EQMFeo70a5Mw60zdFxn4=,5+rL83Jj4hf3wRdIZy75mwoUjso=
-19,11,d6OKwg+EQMFeo70a5Mw60zdFxn4=,5+rL83Jj4hf3wRdIZy75mwoUjso=
-21,11,d6OKwg+EQMFeo70a5Mw60zdFxn4=,5+rL83Jj4hf3wRdIZy75mwoUjso=
-23,11,d6OKwg+EQMFeo70a5Mw60zdFxn4=,5+rL83Jj4hf3wRdIZy75mwoUjso=
-22,11,d6OKwg+EQMFeo70a5Mw60zdFxn4=,5+rL83Jj4hf3wRdIZy75mwoUjso=
-23,2,d6OKwg+EQMFeo70a5Mw60zdFxn4=,5+rL83Jj4hf3wRdIZy75mwoUjso=
-24,11,d6OKwg+EQMFeo70a5Mw60zdFxn4=,5+rL83Jj4hf3wRdIZy75mwoUjso=
-26,11,d6OKwg+EQMFeo70a5Mw60zdFxn4=,5+rL83Jj4hf3wRdIZy75mwoUjso=
-25,11,d6OKwg+EQMFeo70a5Mw60zdFxn4=,5+rL83Jj4hf3wRdIZy75mwoUjso=
-27,11,d6OKwg+EQMFeo70a5Mw60zdFxn4=,5+rL83Jj4hf3wRdIZy75mwoUjso=
-23,1,d6OKwg+EQMFeo70a5Mw60zdFxn4=,5+rL83Jj4hf3wRdIZy75mwoUjso=
-28,11,d6OKwg+EQMFeo70a5Mw60zdFxn4=,5+rL83Jj4hf3wRdIZy75mwoUjso=
-22,2,d6OKwg+EQMFeo70a5Mw60zdFxn4=,5+rL83Jj4hf3wRdIZy75mwoUjso=
-30,11,d6OKwg+EQMFeo70a5Mw60zdFxn4=,5+rL83Jj4hf3wRdIZy75mwoUjso=
-29,11,d6OKwg+EQMFeo70a5Mw60zdFxn4=,5+rL83Jj4hf3wRdIZy75mwoUjso=
-31,11,d6OKwg+EQMFeo70a5Mw60zdFxn4=,5+rL83Jj4hf3wRdIZy75mwoUjso=
-32,11,d6OKwg+EQMFeo70a5Mw60zdFxn4=,5+rL83Jj4hf3wRdIZy75mwoUjso=
-21,2,d6OKwg+EQMFeo70a5Mw60zdFxn4=,5+rL83Jj4hf3wRdIZy75mwoUjso=
-17,10,d6OKwg+EQMFeo70a5Mw60zdFxn4=,5+rL83Jj4hf3wRdIZy75mwoUjso=
-20,10,d6OKwg+EQMFeo70a5Mw60zdFxn4=,5+rL83Jj4hf3wRdIZy75mwoUjso=
-21,10,d6OKwg+EQMFeo70a5Mw60zdFxn4=,5+rL83Jj4hf3wRdIZy75mwoUjso=
-19,10,d6OKwg+EQMFeo70a5Mw60zdFxn4=,5+rL83Jj4hf3wRdIZy75mwoUjso=
-18,10,d6OKwg+EQMFeo70a5Mw60zdFxn4=,5+rL83Jj4hf3wRdIZy75mwoUjso=
-22,10,d6OKwg+EQMFeo70a5Mw60zdFxn4=,5+rL83Jj4hf3wRdIZy75mwoUjso=
-23,10,d6OKwg+EQMFeo70a5Mw60zdFxn4=,5+rL83Jj4hf3wRdIZy75mwoUjso=
-20,2,d6OKwg+EQMFeo70a5Mw60zdFxn4=,5+rL83Jj4hf3wRdIZy75mwoUjso=
-24,10,d6OKwg+EQMFeo70a5Mw60zdFxn4=,5+rL83Jj4hf3wRdIZy75mwoUjso=
-25,10,d6OKwg+EQMFeo70a5Mw60zdFxn4=,5+rL83Jj4hf3wRdIZy75mwoUjso=
-26,10,d6OKwg+EQMFeo70a5Mw60zdFxn4=,5+rL83Jj4hf3wRdIZy75mwoUjso=
-27,10,d6OKwg+EQMFeo70a5Mw60zdFxn4=,5+rL83Jj4hf3wRdIZy75mwoUjso=
-24,1,d6OKwg+EQMFeo70a5Mw60zdFxn4=,5+rL83Jj4hf3wRdIZy75mwoUjso=
-28,10,d6OKwg+EQMFeo70a5Mw60zdFxn4=,5+rL83Jj4hf3wRdIZy75mwoUjso=
-29,10,d6OKwg+EQMFeo70a5Mw60zdFxn4=,5+rL83Jj4hf3wRdIZy75mwoUjso=
-19,2,d6OKwg+EQMFeo70a5Mw60zdFxn4=,5+rL83Jj4hf3wRdIZy75mwoUjso=
-31,10,d6OKwg+EQMFeo70a5Mw60zdFxn4=,5+rL83Jj4hf3wRdIZy75mwoUjso=
-30,10,d6OKwg+EQMFeo70a5Mw60zdFxn4=,5+rL83Jj4hf3wRdIZy75mwoUjso=
-32,10,d6OKwg+EQMFeo70a5Mw60zdFxn4=,5+rL83Jj4hf3wRdIZy75mwoUjso=
-17,9,d6OKwg+EQMFeo70a5Mw60zdFxn4=,5+rL83Jj4hf3wRdIZy75mwoUjso=
-18,9,d6OKwg+EQMFeo70a5Mw60zdFxn4=,5+rL83Jj4hf3wRdIZy75mwoUjso=
-19,9,d6OKwg+EQMFeo70a5Mw60zdFxn4=,5+rL83Jj4hf3wRdIZy75mwoUjso=
-32,1,d6OKwg+EQMFeo70a5Mw60zdFxn4=,5+rL83Jj4hf3wRdIZy75mwoUjso=
-20,9,d6OKwg+EQMFeo70a5Mw60zdFxn4=,5+rL83Jj4hf3wRdIZy75mwoUjso=
-21,9,d6OKwg+EQMFeo70a5Mw60zdFxn4=,5+rL83Jj4hf3wRdIZy75mwoUjso=
-22,9,d6OKwg+EQMFeo70a5Mw60zdFxn4=,5+rL83Jj4hf3wRdIZy75mwoUjso=
-23,9,d6OKwg+EQMFeo70a5Mw60zdFxn4=,5+rL83Jj4hf3wRdIZy75mwoUjso=
-24,9,d6OKwg+EQMFeo70a5Mw60zdFxn4=,5+rL83Jj4hf3wRdIZy75mwoUjso=
-18,2,d6OKwg+EQMFeo70a5Mw60zdFxn4=,5+rL83Jj4hf3wRdIZy75mwoUjso=
-25,9,d6OKwg+EQMFeo70a5Mw60zdFxn4=,5+rL83Jj4hf3wRdIZy75mwoUjso=
-25,1,d6OKwg+EQMFeo70a5Mw60zdFxn4=,5+rL83Jj4hf3wRdIZy75mwoUjso=
-26,9,d6OKwg+EQMFeo70a5Mw60zdFxn4=,5+rL83Jj4hf3wRdIZy75mwoUjso=
-29,9,d6OKwg+EQMFeo70a5Mw60zdFxn4=,5+rL83Jj4hf3wRdIZy75mwoUjso=
-28,9,d6OKwg+EQMFeo70a5Mw60zdFxn4=,5+rL83Jj4hf3wRdIZy75mwoUjso=
-27,9,d6OKwg+EQMFeo70a5Mw60zdFxn4=,5+rL83Jj4hf3wRdIZy75mwoUjso=
-17,2,d6OKwg+EQMFeo70a5Mw60zdFxn4=,5+rL83Jj4hf3wRdIZy75mwoUjso=
-30,9,d6OKwg+EQMFeo70a5Mw60zdFxn4=,5+rL83Jj4hf3wRdIZy75mwoUjso=
-31,9,d6OKwg+EQMFeo70a5Mw60zdFxn4=,5+rL83Jj4hf3wRdIZy75mwoUjso=
-32,9,d6OKwg+EQMFeo70a5Mw60zdFxn4=,5+rL83Jj4hf3wRdIZy75mwoUjso=
-18,8,d6OKwg+EQMFeo70a5Mw60zdFxn4=,5+rL83Jj4hf3wRdIZy75mwoUjso=
-17,8,d6OKwg+EQMFeo70a5Mw60zdFxn4=,5+rL83Jj4hf3wRdIZy75mwoUjso=
-19,8,d6OKwg+EQMFeo70a5Mw60zdFxn4=,5+rL83Jj4hf3wRdIZy75mwoUjso=
-32,3,d6OKwg+EQMFeo70a5Mw60zdFxn4=,5+rL83Jj4hf3wRdIZy75mwoUjso=
-20,8,d6OKwg+EQMFeo70a5Mw60zdFxn4=,5+rL83Jj4hf3wRdIZy75mwoUjso=
-21,8,d6OKwg+EQMFeo70a5Mw60zdFxn4=,5+rL83Jj4hf3wRdIZy75mwoUjso=
-24,8,d6OKwg+EQMFeo70a5Mw60zdFxn4=,5+rL83Jj4hf3wRdIZy75mwoUjso=
-23,8,d6OKwg+EQMFeo70a5Mw60zdFxn4=,5+rL83Jj4hf3wRdIZy75mwoUjso=
-22,8,d6OKwg+EQMFeo70a5Mw60zdFxn4=,5+rL83Jj4hf3wRdIZy75mwoUjso=
-31,3,d6OKwg+EQMFeo70a5Mw60zdFxn4=,5+rL83Jj4hf3wRdIZy75mwoUjso=
-26,1,d6OKwg+EQMFeo70a5Mw60zdFxn4=,5+rL83Jj4hf3wRdIZy75mwoUjso=
-25,8,d6OKwg+EQMFeo70a5Mw60zdFxn4=,5+rL83Jj4hf3wRdIZy75mwoUjso=
-26,8,d6OKwg+EQMFeo70a5Mw60zdFxn4=,5+rL83Jj4hf3wRdIZy75mwoUjso=
-27,8,d6OKwg+EQMFeo70a5Mw60zdFxn4=,5+rL83Jj4hf3wRdIZy75mwoUjso=
-28,8,d6OKwg+EQMFeo70a5Mw60zdFxn4=,5+rL83Jj4hf3wRdIZy75mwoUjso=
-29,8,d6OKwg+EQMFeo70a5Mw60zdFxn4=,5+rL83Jj4hf3wRdIZy75mwoUjso=
-30,3,d6OKwg+EQMFeo70a5Mw60zdFxn4=,5+rL83Jj4hf3wRdIZy75mwoUjso=
-30,8,d6OKwg+EQMFeo70a5Mw60zdFxn4=,5+rL83Jj4hf3wRdIZy75mwoUjso=
-31,8,d6OKwg+EQMFeo70a5Mw60zdFxn4=,5+rL83Jj4hf3wRdIZy75mwoUjso=
-32,8,d6OKwg+EQMFeo70a5Mw60zdFxn4=,5+rL83Jj4hf3wRdIZy75mwoUjso=
-17,7,d6OKwg+EQMFeo70a5Mw60zdFxn4=,5+rL83Jj4hf3wRdIZy75mwoUjso=
-18,7,d6OKwg+EQMFeo70a5Mw60zdFxn4=,5+rL83Jj4hf3wRdIZy75mwoUjso=
-29,3,d6OKwg+EQMFeo70a5Mw60zdFxn4=,5+rL83Jj4hf3wRdIZy75mwoUjso=
-19,7,d6OKwg+EQMFeo70a5Mw60zdFxn4=,5+rL83Jj4hf3wRdIZy75mwoUjso=
-20,7,d6OKwg+EQMFeo70a5Mw60zdFxn4=,5+rL83Jj4hf3wRdIZy75mwoUjso=
-21,7,d6OKwg+EQMFeo70a5Mw60zdFxn4=,5+rL83Jj4hf3wRdIZy75mwoUjso=
-23,7,d6OKwg+EQMFeo70a5Mw60zdFxn4=,5+rL83Jj4hf3wRdIZy75mwoUjso=
-22,7,d6OKwg+EQMFeo70a5Mw60zdFxn4=,5+rL83Jj4hf3wRdIZy75mwoUjso=
-28,3,d6OKwg+EQMFeo70a5Mw60zdFxn4=,5+rL83Jj4hf3wRdIZy75mwoUjso=
-27,1,d6OKwg+EQMFeo70a5Mw60zdFxn4=,5+rL83Jj4hf3wRdIZy75mwoUjso=
-25,7,d6OKwg+EQMFeo70a5Mw60zdFxn4=,5+rL83Jj4hf3wRdIZy75mwoUjso=
-24,7,d6OKwg+EQMFeo70a5Mw60zdFxn4=,5+rL83Jj4hf3wRdIZy75mwoUjso=
-26,7,d6OKwg+EQMFeo70a5Mw60zdFxn4=,5+rL83Jj4hf3wRdIZy75mwoUjso=
-27,7,d6OKwg+EQMFeo70a5Mw60zdFxn4=,5+rL83Jj4hf3wRdIZy75mwoUjso=
-28,7,d6OKwg+EQMFeo70a5Mw60zdFxn4=,5+rL83Jj4hf3wRdIZy75mwoUjso=
-27,3,d6OKwg+EQMFeo70a5Mw60zdFxn4=,5+rL83Jj4hf3wRdIZy75mwoUjso=
-29,7,d6OKwg+EQMFeo70a5Mw60zdFxn4=,5+rL83Jj4hf3wRdIZy75mwoUjso=
-31,7,d6OKwg+EQMFeo70a5Mw60zdFxn4=,5+rL83Jj4hf3wRdIZy75mwoUjso=
-17,6,d6OKwg+EQMFeo70a5Mw60zdFxn4=,5+rL83Jj4hf3wRdIZy75mwoUjso=
-30,7,d6OKwg+EQMFeo70a5Mw60zdFxn4=,5+rL83Jj4hf3wRdIZy75mwoUjso=
-32,7,d6OKwg+EQMFeo70a5Mw60zdFxn4=,5+rL83Jj4hf3wRdIZy75mwoUjso=
-26,3,d6OKwg+EQMFeo70a5Mw60zdFxn4=,5+rL83Jj4hf3wRdIZy75mwoUjso=
-19,6,d6OKwg+EQMFeo70a5Mw60zdFxn4=,5+rL83Jj4hf3wRdIZy75mwoUjso=
-18,6,d6OKwg+EQMFeo70a5Mw60zdFxn4=,5+rL83Jj4hf3wRdIZy75mwoUjso=
-21,6,d6OKwg+EQMFeo70a5Mw60zdFxn4=,5+rL83Jj4hf3wRdIZy75mwoUjso=
-22,6,d6OKwg+EQMFeo70a5Mw60zdFxn4=,5+rL83Jj4hf3wRdIZy75mwoUjso=
-28,1,d6OKwg+EQMFeo70a5Mw60zdFxn4=,5+rL83Jj4hf3wRdIZy75mwoUjso=
-20,6,d6OKwg+EQMFeo70a5Mw60zdFxn4=,5+rL83Jj4hf3wRdIZy75mwoUjso=
-23,6,d6OKwg+EQMFeo70a5Mw60zdFxn4=,5+rL83Jj4hf3wRdIZy75mwoUjso=
-25,3,d6OKwg+EQMFeo70a5Mw60zdFxn4=,5+rL83Jj4hf3wRdIZy75mwoUjso=
-24,6,d6OKwg+EQMFeo70a5Mw60zdFxn4=,5+rL83Jj4hf3wRdIZy75mwoUjso=
-25,6,d6OKwg+EQMFeo70a5Mw60zdFxn4=,5+rL83Jj4hf3wRdIZy75mwoUjso=
-26,6,d6OKwg+EQMFeo70a5Mw60zdFxn4=,5+rL83Jj4hf3wRdIZy75mwoUjso=
-27,6,d6OKwg+EQMFeo70a5Mw60zdFxn4=,5+rL83Jj4hf3wRdIZy75mwoUjso=
-28,6,d6OKwg+EQMFeo70a5Mw60zdFxn4=,5+rL83Jj4hf3wRdIZy75mwoUjso=
-29,6,d6OKwg+EQMFeo70a5Mw60zdFxn4=,5+rL83Jj4hf3wRdIZy75mwoUjso=
-24,3,d6OKwg+EQMFeo70a5Mw60zdFxn4=,5+rL83Jj4hf3wRdIZy75mwoUjso=
-30,6,d6OKwg+EQMFeo70a5Mw60zdFxn4=,5+rL83Jj4hf3wRdIZy75mwoUjso=
-31,6,d6OKwg+EQMFeo70a5Mw60zdFxn4=,5+rL83Jj4hf3wRdIZy75mwoUjso=
-32,6,d6OKwg+EQMFeo70a5Mw60zdFxn4=,5+rL83Jj4hf3wRdIZy75mwoUjso=
-17,5,d6OKwg+EQMFeo70a5Mw60zdFxn4=,5+rL83Jj4hf3wRdIZy75mwoUjso=
-18,5,d6OKwg+EQMFeo70a5Mw60zdFxn4=,5+rL83Jj4hf3wRdIZy75mwoUjso=
-23,3,d6OKwg+EQMFeo70a5Mw60zdFxn4=,5+rL83Jj4hf3wRdIZy75mwoUjso=
-20,5,d6OKwg+EQMFeo70a5Mw60zdFxn4=,5+rL83Jj4hf3wRdIZy75mwoUjso=
-19,5,d6OKwg+EQMFeo70a5Mw60zdFxn4=,5+rL83Jj4hf3wRdIZy75mwoUjso=
-21,5,d6OKwg+EQMFeo70a5Mw60zdFxn4=,5+rL83Jj4hf3wRdIZy75mwoUjso=
-22,5,d6OKwg+EQMFeo70a5Mw60zdFxn4=,5+rL83Jj4hf3wRdIZy75mwoUjso=
-22,3,d6OKwg+EQMFeo70a5Mw60zdFxn4=,5+rL83Jj4hf3wRdIZy75mwoUjso=
-29,1,d6OKwg+EQMFeo70a5Mw60zdFxn4=,5+rL83Jj4hf3wRdIZy75mwoUjso=
-24,5,d6OKwg+EQMFeo70a5Mw60zdFxn4=,5+rL83Jj4hf3wRdIZy75mwoUjso=
-23,5,d6OKwg+EQMFeo70a5Mw60zdFxn4=,5+rL83Jj4hf3wRdIZy75mwoUjso=
-25,5,d6OKwg+EQMFeo70a5Mw60zdFxn4=,5+rL83Jj4hf3wRdIZy75mwoUjso=
-26,5,d6OKwg+EQMFeo70a5Mw60zdFxn4=,5+rL83Jj4hf3wRdIZy75mwoUjso=
-21,3,d6OKwg+EQMFeo70a5Mw60zdFxn4=,5+rL83Jj4hf3wRdIZy75mwoUjso=
-27,5,d6OKwg+EQMFeo70a5Mw60zdFxn4=,5+rL83Jj4hf3wRdIZy75mwoUjso=
-30,5,d6OKwg+EQMFeo70a5Mw60zdFxn4=,5+rL83Jj4hf3wRdIZy75mwoUjso=
-28,5,d6OKwg+EQMFeo70a5Mw60zdFxn4=,5+rL83Jj4hf3wRdIZy75mwoUjso=
-29,5,d6OKwg+EQMFeo70a5Mw60zdFxn4=,5+rL83Jj4hf3wRdIZy75mwoUjso=
-32,5,d6OKwg+EQMFeo70a5Mw60zdFxn4=,5+rL83Jj4hf3wRdIZy75mwoUjso=
-31,5,d6OKwg+EQMFeo70a5Mw60zdFxn4=,5+rL83Jj4hf3wRdIZy75mwoUjso=
-20,3,d6OKwg+EQMFeo70a5Mw60zdFxn4=,5+rL83Jj4hf3wRdIZy75mwoUjso=
-17,4,d6OKwg+EQMFeo70a5Mw60zdFxn4=,5+rL83Jj4hf3wRdIZy75mwoUjso=
-19,4,d6OKwg+EQMFeo70a5Mw60zdFxn4=,5+rL83Jj4hf3wRdIZy75mwoUjso=
-18,4,d6OKwg+EQMFeo70a5Mw60zdFxn4=,5+rL83Jj4hf3wRdIZy75mwoUjso=
-30,1,d6OKwg+EQMFeo70a5Mw60zdFxn4=,5+rL83Jj4hf3wRdIZy75mwoUjso=
-20,4,d6OKwg+EQMFeo70a5Mw60zdFxn4=,5+rL83Jj4hf3wRdIZy75mwoUjso=
-31,1,d6OKwg+EQMFeo70a5Mw60zdFxn4=,5+rL83Jj4hf3wRdIZy75mwoUjso=
-21,4,d6OKwg+EQMFeo70a5Mw60zdFxn4=,5+rL83Jj4hf3wRdIZy75mwoUjso=
-22,4,d6OKwg+EQMFeo70a5Mw60zdFxn4=,5+rL83Jj4hf3wRdIZy75mwoUjso=
-23,4,d6OKwg+EQMFeo70a5Mw60zdFxn4=,5+rL83Jj4hf3wRdIZy75mwoUjso=
-24,4,d6OKwg+EQMFeo70a5Mw60zdFxn4=,5+rL83Jj4hf3wRdIZy75mwoUjso=
-25,4,d6OKwg+EQMFeo70a5Mw60zdFxn4=,5+rL83Jj4hf3wRdIZy75mwoUjso=
-19,3,d6OKwg+EQMFeo70a5Mw60zdFxn4=,5+rL83Jj4hf3wRdIZy75mwoUjso=
-27,4,d6OKwg+EQMFeo70a5Mw60zdFxn4=,5+rL83Jj4hf3wRdIZy75mwoUjso=
-28,4,d6OKwg+EQMFeo70a5Mw60zdFxn4=,5+rL83Jj4hf3wRdIZy75mwoUjso=
-29,4,d6OKwg+EQMFeo70a5Mw60zdFxn4=,5+rL83Jj4hf3wRdIZy75mwoUjso=
-26,4,d6OKwg+EQMFeo70a5Mw60zdFxn4=,5+rL83Jj4hf3wRdIZy75mwoUjso=
-30,4,d6OKwg+EQMFeo70a5Mw60zdFxn4=,5+rL83Jj4hf3wRdIZy75mwoUjso=
-31,4,d6OKwg+EQMFeo70a5Mw60zdFxn4=,5+rL83Jj4hf3wRdIZy75mwoUjso=
-18,3,d6OKwg+EQMFeo70a5Mw60zdFxn4=,5+rL83Jj4hf3wRdIZy75mwoUjso=
-32,4,d6OKwg+EQMFeo70a5Mw60zdFxn4=,5+rL83Jj4hf3wRdIZy75mwoUjso=
-17,3,d6OKwg+EQMFeo70a5Mw60zdFxn4=,5+rL83Jj4hf3wRdIZy75mwoUjso=
-16,1,d6OKwg+EQMFeo70a5Mw60zdFxn4=,5+rL83Jj4hf3wRdIZy75mwoUjso=
-2,15,d6OKwg+EQMFeo70a5Mw60zdFxn4=,5+rL83Jj4hf3wRdIZy75mwoUjso=
-3,15,d6OKwg+EQMFeo70a5Mw60zdFxn4=,5+rL83Jj4hf3wRdIZy75mwoUjso=
-1,15,d6OKwg+EQMFeo70a5Mw60zdFxn4=,5+rL83Jj4hf3wRdIZy75mwoUjso=
-6,15,d6OKwg+EQMFeo70a5Mw60zdFxn4=,5+rL83Jj4hf3wRdIZy75mwoUjso=
-5,15,d6OKwg+EQMFeo70a5Mw60zdFxn4=,5+rL83Jj4hf3wRdIZy75mwoUjso=
-11,15,d6OKwg+EQMFeo70a5Mw60zdFxn4=,5+rL83Jj4hf3wRdIZy75mwoUjso=
-12,15,Vyeie0ioxnK7RCLsBm2tmEZz644=,5+rL83Jj4hf3wRdIZy75mwoUjso=
-14,15,Vyeie0ioxnK7RCLsBm2tmEZz644=,5+rL83Jj4hf3wRdIZy75mwoUjso=
-13,15,Vyeie0ioxnK7RCLsBm2tmEZz644=,5+rL83Jj4hf3wRdIZy75mwoUjso=
-16,15,Vyeie0ioxnK7RCLsBm2tmEZz644=,5+rL83Jj4hf3wRdIZy75mwoUjso=
-15,15,Vyeie0ioxnK7RCLsBm2tmEZz644=,5+rL83Jj4hf3wRdIZy75mwoUjso=
-8,15,d6OKwg+EQMFeo70a5Mw60zdFxn4=,5+rL83Jj4hf3wRdIZy75mwoUjso=
-7,15,d6OKwg+EQMFeo70a5Mw60zdFxn4=,5+rL83Jj4hf3wRdIZy75mwoUjso=
-1,0,Vyeie0ioxnK7RCLsBm2tmEZz644=,5+rL83Jj4hf3wRdIZy75mwoUjso=
-4,15,d6OKwg+EQMFeo70a5Mw60zdFxn4=,5+rL83Jj4hf3wRdIZy75mwoUjso=
-2,14,Vyeie0ioxnK7RCLsBm2tmEZz644=,5+rL83Jj4hf3wRdIZy75mwoUjso=
-9,15,d6OKwg+EQMFeo70a5Mw60zdFxn4=,5+rL83Jj4hf3wRdIZy75mwoUjso=
-3,14,Vyeie0ioxnK7RCLsBm2tmEZz644=,5+rL83Jj4hf3wRdIZy75mwoUjso=
-10,15,d6OKwg+EQMFeo70a5Mw60zdFxn4=,5+rL83Jj4hf3wRdIZy75mwoUjso=
-8,14,Vyeie0ioxnK7RCLsBm2tmEZz644=,5+rL83Jj4hf3wRdIZy75mwoUjso=
-1,14,Vyeie0ioxnK7RCLsBm2tmEZz644=,5+rL83Jj4hf3wRdIZy75mwoUjso=
-6,14,Vyeie0ioxnK7RCLsBm2tmEZz644=,5+rL83Jj4hf3wRdIZy75mwoUjso=
-13,14,Vyeie0ioxnK7RCLsBm2tmEZz644=,5+rL83Jj4hf3wRdIZy75mwoUjso=
-12,14,Vyeie0ioxnK7RCLsBm2tmEZz644=,5+rL83Jj4hf3wRdIZy75mwoUjso=
-14,14,Vyeie0ioxnK7RCLsBm2tmEZz644=,5+rL83Jj4hf3wRdIZy75mwoUjso=
-15,14,Vyeie0ioxnK7RCLsBm2tmEZz644=,5+rL83Jj4hf3wRdIZy75mwoUjso=
-16,14,Vyeie0ioxnK7RCLsBm2tmEZz644=,5+rL83Jj4hf3wRdIZy75mwoUjso=
-7,14,Vyeie0ioxnK7RCLsBm2tmEZz644=,5+rL83Jj4hf3wRdIZy75mwoUjso=
-5,14,Vyeie0ioxnK7RCLsBm2tmEZz644=,5+rL83Jj4hf3wRdIZy75mwoUjso=
-4,14,Vyeie0ioxnK7RCLsBm2tmEZz644=,5+rL83Jj4hf3wRdIZy75mwoUjso=
-11,14,Vyeie0ioxnK7RCLsBm2tmEZz644=,5+rL83Jj4hf3wRdIZy75mwoUjso=
-10,14,Vyeie0ioxnK7RCLsBm2tmEZz644=,5+rL83Jj4hf3wRdIZy75mwoUjso=
-9,14,Vyeie0ioxnK7RCLsBm2tmEZz644=,5+rL83Jj4hf3wRdIZy75mwoUjso=
-2,13,Vyeie0ioxnK7RCLsBm2tmEZz644=,5+rL83Jj4hf3wRdIZy75mwoUjso=
-1,13,Vyeie0ioxnK7RCLsBm2tmEZz644=,5+rL83Jj4hf3wRdIZy75mwoUjso=
-3,13,Vyeie0ioxnK7RCLsBm2tmEZz644=,5+rL83Jj4hf3wRdIZy75mwoUjso=
-6,13,Vyeie0ioxnK7RCLsBm2tmEZz644=,5+rL83Jj4hf3wRdIZy75mwoUjso=
-8,13,Vyeie0ioxnK7RCLsBm2tmEZz644=,5+rL83Jj4hf3wRdIZy75mwoUjso=
-7,13,Vyeie0ioxnK7RCLsBm2tmEZz644=,5+rL83Jj4hf3wRdIZy75mwoUjso=
-5,13,Vyeie0ioxnK7RCLsBm2tmEZz644=,5+rL83Jj4hf3wRdIZy75mwoUjso=
-4,13,Vyeie0ioxnK7RCLsBm2tmEZz644=,5+rL83Jj4hf3wRdIZy75mwoUjso=
-2,0,Vyeie0ioxnK7RCLsBm2tmEZz644=,5+rL83Jj4hf3wRdIZy75mwoUjso=
-16,13,Vyeie0ioxnK7RCLsBm2tmEZz644=,5+rL83Jj4hf3wRdIZy75mwoUjso=
-9,13,Vyeie0ioxnK7RCLsBm2tmEZz644=,5+rL83Jj4hf3wRdIZy75mwoUjso=
-10,13,Vyeie0ioxnK7RCLsBm2tmEZz644=,5+rL83Jj4hf3wRdIZy75mwoUjso=
-13,13,Vyeie0ioxnK7RCLsBm2tmEZz644=,5+rL83Jj4hf3wRdIZy75mwoUjso=
-11,13,Vyeie0ioxnK7RCLsBm2tmEZz644=,5+rL83Jj4hf3wRdIZy75mwoUjso=
-14,13,Vyeie0ioxnK7RCLsBm2tmEZz644=,5+rL83Jj4hf3wRdIZy75mwoUjso=
-12,13,Vyeie0ioxnK7RCLsBm2tmEZz644=,5+rL83Jj4hf3wRdIZy75mwoUjso=
-4,12,Vyeie0ioxnK7RCLsBm2tmEZz644=,5+rL83Jj4hf3wRdIZy75mwoUjso=
-1,12,Vyeie0ioxnK7RCLsBm2tmEZz644=,5+rL83Jj4hf3wRdIZy75mwoUjso=
-3,12,Vyeie0ioxnK7RCLsBm2tmEZz644=,5+rL83Jj4hf3wRdIZy75mwoUjso=
-15,13,Vyeie0ioxnK7RCLsBm2tmEZz644=,5+rL83Jj4hf3wRdIZy75mwoUjso=
-2,12,Vyeie0ioxnK7RCLsBm2tmEZz644=,5+rL83Jj4hf3wRdIZy75mwoUjso=
-5,12,Vyeie0ioxnK7RCLsBm2tmEZz644=,5+rL83Jj4hf3wRdIZy75mwoUjso=
-6,12,Vyeie0ioxnK7RCLsBm2tmEZz644=,5+rL83Jj4hf3wRdIZy75mwoUjso=
-7,12,Vyeie0ioxnK7RCLsBm2tmEZz644=,5+rL83Jj4hf3wRdIZy75mwoUjso=
-8,12,Vyeie0ioxnK7RCLsBm2tmEZz644=,5+rL83Jj4hf3wRdIZy75mwoUjso=
-3,0,Vyeie0ioxnK7RCLsBm2tmEZz644=,5+rL83Jj4hf3wRdIZy75mwoUjso=
-9,12,Vyeie0ioxnK7RCLsBm2tmEZz644=,5+rL83Jj4hf3wRdIZy75mwoUjso=
-16,12,Vyeie0ioxnK7RCLsBm2tmEZz644=,5+rL83Jj4hf3wRdIZy75mwoUjso=
-15,12,Vyeie0ioxnK7RCLsBm2tmEZz644=,5+rL83Jj4hf3wRdIZy75mwoUjso=
-13,12,Vyeie0ioxnK7RCLsBm2tmEZz644=,5+rL83Jj4hf3wRdIZy75mwoUjso=
-10,12,Vyeie0ioxnK7RCLsBm2tmEZz644=,5+rL83Jj4hf3wRdIZy75mwoUjso=
-14,12,Vyeie0ioxnK7RCLsBm2tmEZz644=,5+rL83Jj4hf3wRdIZy75mwoUjso=
-12,12,Vyeie0ioxnK7RCLsBm2tmEZz644=,5+rL83Jj4hf3wRdIZy75mwoUjso=
-2,11,Vyeie0ioxnK7RCLsBm2tmEZz644=,5+rL83Jj4hf3wRdIZy75mwoUjso=
-11,12,Vyeie0ioxnK7RCLsBm2tmEZz644=,5+rL83Jj4hf3wRdIZy75mwoUjso=
-1,11,Vyeie0ioxnK7RCLsBm2tmEZz644=,5+rL83Jj4hf3wRdIZy75mwoUjso=
-3,11,Vyeie0ioxnK7RCLsBm2tmEZz644=,5+rL83Jj4hf3wRdIZy75mwoUjso=
-5,11,Vyeie0ioxnK7RCLsBm2tmEZz644=,5+rL83Jj4hf3wRdIZy75mwoUjso=
-4,11,Vyeie0ioxnK7RCLsBm2tmEZz644=,5+rL83Jj4hf3wRdIZy75mwoUjso=
-6,11,Vyeie0ioxnK7RCLsBm2tmEZz644=,5+rL83Jj4hf3wRdIZy75mwoUjso=
-4,0,Vyeie0ioxnK7RCLsBm2tmEZz644=,5+rL83Jj4hf3wRdIZy75mwoUjso=
-8,11,Vyeie0ioxnK7RCLsBm2tmEZz644=,5+rL83Jj4hf3wRdIZy75mwoUjso=
-7,11,Vyeie0ioxnK7RCLsBm2tmEZz644=,5+rL83Jj4hf3wRdIZy75mwoUjso=
-9,11,Vyeie0ioxnK7RCLsBm2tmEZz644=,5+rL83Jj4hf3wRdIZy75mwoUjso=
-16,11,Vyeie0ioxnK7RCLsBm2tmEZz644=,5+rL83Jj4hf3wRdIZy75mwoUjso=
-12,11,Vyeie0ioxnK7RCLsBm2tmEZz644=,5+rL83Jj4hf3wRdIZy75mwoUjso=
-11,11,Vyeie0ioxnK7RCLsBm2tmEZz644=,5+rL83Jj4hf3wRdIZy75mwoUjso=
-13,11,Vyeie0ioxnK7RCLsBm2tmEZz644=,5+rL83Jj4hf3wRdIZy75mwoUjso=
-10,11,Vyeie0ioxnK7RCLsBm2tmEZz644=,5+rL83Jj4hf3wRdIZy75mwoUjso=
-15,11,Vyeie0ioxnK7RCLsBm2tmEZz644=,5+rL83Jj4hf3wRdIZy75mwoUjso=
-14,11,Vyeie0ioxnK7RCLsBm2tmEZz644=,5+rL83Jj4hf3wRdIZy75mwoUjso=
-5,10,Vyeie0ioxnK7RCLsBm2tmEZz644=,5+rL83Jj4hf3wRdIZy75mwoUjso=
-1,10,Vyeie0ioxnK7RCLsBm2tmEZz644=,5+rL83Jj4hf3wRdIZy75mwoUjso=
-2,10,Vyeie0ioxnK7RCLsBm2tmEZz644=,5+rL83Jj4hf3wRdIZy75mwoUjso=
-3,10,Vyeie0ioxnK7RCLsBm2tmEZz644=,5+rL83Jj4hf3wRdIZy75mwoUjso=
-4,10,Vyeie0ioxnK7RCLsBm2tmEZz644=,5+rL83Jj4hf3wRdIZy75mwoUjso=
-5,0,Vyeie0ioxnK7RCLsBm2tmEZz644=,5+rL83Jj4hf3wRdIZy75mwoUjso=
-6,10,Vyeie0ioxnK7RCLsBm2tmEZz644=,5+rL83Jj4hf3wRdIZy75mwoUjso=
-10,10,Vyeie0ioxnK7RCLsBm2tmEZz644=,5+rL83Jj4hf3wRdIZy75mwoUjso=
-11,10,Vyeie0ioxnK7RCLsBm2tmEZz644=,5+rL83Jj4hf3wRdIZy75mwoUjso=
-12,10,Vyeie0ioxnK7RCLsBm2tmEZz644=,5+rL83Jj4hf3wRdIZy75mwoUjso=
-16,10,Vyeie0ioxnK7RCLsBm2tmEZz644=,5+rL83Jj4hf3wRdIZy75mwoUjso=
-7,10,Vyeie0ioxnK7RCLsBm2tmEZz644=,5+rL83Jj4hf3wRdIZy75mwoUjso=
-9,10,Vyeie0ioxnK7RCLsBm2tmEZz644=,5+rL83Jj4hf3wRdIZy75mwoUjso=
-8,10,Vyeie0ioxnK7RCLsBm2tmEZz644=,5+rL83Jj4hf3wRdIZy75mwoUjso=
-14,10,Vyeie0ioxnK7RCLsBm2tmEZz644=,5+rL83Jj4hf3wRdIZy75mwoUjso=
-13,10,Vyeie0ioxnK7RCLsBm2tmEZz644=,5+rL83Jj4hf3wRdIZy75mwoUjso=
-15,10,Vyeie0ioxnK7RCLsBm2tmEZz644=,5+rL83Jj4hf3wRdIZy75mwoUjso=
-3,9,Vyeie0ioxnK7RCLsBm2tmEZz644=,5+rL83Jj4hf3wRdIZy75mwoUjso=
-4,9,Vyeie0ioxnK7RCLsBm2tmEZz644=,5+rL83Jj4hf3wRdIZy75mwoUjso=
-2,9,Vyeie0ioxnK7RCLsBm2tmEZz644=,5+rL83Jj4hf3wRdIZy75mwoUjso=
-5,9,Vyeie0ioxnK7RCLsBm2tmEZz644=,5+rL83Jj4hf3wRdIZy75mwoUjso=
-1,9,Vyeie0ioxnK7RCLsBm2tmEZz644=,5+rL83Jj4hf3wRdIZy75mwoUjso=
-6,0,Vyeie0ioxnK7RCLsBm2tmEZz644=,5+rL83Jj4hf3wRdIZy75mwoUjso=
-6,9,Vyeie0ioxnK7RCLsBm2tmEZz644=,5+rL83Jj4hf3wRdIZy75mwoUjso=
-11,9,Vyeie0ioxnK7RCLsBm2tmEZz644=,5+rL83Jj4hf3wRdIZy75mwoUjso=
-12,9,Vyeie0ioxnK7RCLsBm2tmEZz644=,5+rL83Jj4hf3wRdIZy75mwoUjso=
-14,9,Vyeie0ioxnK7RCLsBm2tmEZz644=,5+rL83Jj4hf3wRdIZy75mwoUjso=
-16,9,Vyeie0ioxnK7RCLsBm2tmEZz644=,5+rL83Jj4hf3wRdIZy75mwoUjso=
-7,9,Vyeie0ioxnK7RCLsBm2tmEZz644=,5+rL83Jj4hf3wRdIZy75mwoUjso=
-10,9,Vyeie0ioxnK7RCLsBm2tmEZz644=,5+rL83Jj4hf3wRdIZy75mwoUjso=
-8,9,Vyeie0ioxnK7RCLsBm2tmEZz644=,5+rL83Jj4hf3wRdIZy75mwoUjso=
-9,9,Vyeie0ioxnK7RCLsBm2tmEZz644=,5+rL83Jj4hf3wRdIZy75mwoUjso=
-13,9,Vyeie0ioxnK7RCLsBm2tmEZz644=,5+rL83Jj4hf3wRdIZy75mwoUjso=
-15,9,Vyeie0ioxnK7RCLsBm2tmEZz644=,5+rL83Jj4hf3wRdIZy75mwoUjso=
-2,8,Vyeie0ioxnK7RCLsBm2tmEZz644=,5+rL83Jj4hf3wRdIZy75mwoUjso=
-3,8,Vyeie0ioxnK7RCLsBm2tmEZz644=,5+rL83Jj4hf3wRdIZy75mwoUjso=
-4,8,Vyeie0ioxnK7RCLsBm2tmEZz644=,5+rL83Jj4hf3wRdIZy75mwoUjso=
-1,8,Vyeie0ioxnK7RCLsBm2tmEZz644=,5+rL83Jj4hf3wRdIZy75mwoUjso=
-7,0,Vyeie0ioxnK7RCLsBm2tmEZz644=,5+rL83Jj4hf3wRdIZy75mwoUjso=
-6,8,Vyeie0ioxnK7RCLsBm2tmEZz644=,5+rL83Jj4hf3wRdIZy75mwoUjso=
-5,8,Vyeie0ioxnK7RCLsBm2tmEZz644=,5+rL83Jj4hf3wRdIZy75mwoUjso=
-12,8,Vyeie0ioxnK7RCLsBm2tmEZz644=,5+rL83Jj4hf3wRdIZy75mwoUjso=
-10,8,Vyeie0ioxnK7RCLsBm2tmEZz644=,5+rL83Jj4hf3wRdIZy75mwoUjso=
-7,8,Vyeie0ioxnK7RCLsBm2tmEZz644=,5+rL83Jj4hf3wRdIZy75mwoUjso=
-11,8,Vyeie0ioxnK7RCLsBm2tmEZz644=,5+rL83Jj4hf3wRdIZy75mwoUjso=
-15,8,Vyeie0ioxnK7RCLsBm2tmEZz644=,5+rL83Jj4hf3wRdIZy75mwoUjso=
-14,8,Vyeie0ioxnK7RCLsBm2tmEZz644=,5+rL83Jj4hf3wRdIZy75mwoUjso=
-13,8,Vyeie0ioxnK7RCLsBm2tmEZz644=,5+rL83Jj4hf3wRdIZy75mwoUjso=
-9,8,Vyeie0ioxnK7RCLsBm2tmEZz644=,5+rL83Jj4hf3wRdIZy75mwoUjso=
-8,0,Vyeie0ioxnK7RCLsBm2tmEZz644=,5+rL83Jj4hf3wRdIZy75mwoUjso=
-2,7,Vyeie0ioxnK7RCLsBm2tmEZz644=,5+rL83Jj4hf3wRdIZy75mwoUjso=
-3,7,Vyeie0ioxnK7RCLsBm2tmEZz644=,5+rL83Jj4hf3wRdIZy75mwoUjso=
-1,7,Vyeie0ioxnK7RCLsBm2tmEZz644=,5+rL83Jj4hf3wRdIZy75mwoUjso=
-4,7,Vyeie0ioxnK7RCLsBm2tmEZz644=,5+rL83Jj4hf3wRdIZy75mwoUjso=
-5,7,Vyeie0ioxnK7RCLsBm2tmEZz644=,5+rL83Jj4hf3wRdIZy75mwoUjso=
-8,7,Vyeie0ioxnK7RCLsBm2tmEZz644=,5+rL83Jj4hf3wRdIZy75mwoUjso=
-6,7,Vyeie0ioxnK7RCLsBm2tmEZz644=,5+rL83Jj4hf3wRdIZy75mwoUjso=
-7,7,Vyeie0ioxnK7RCLsBm2tmEZz644=,5+rL83Jj4hf3wRdIZy75mwoUjso=
-9,7,Vyeie0ioxnK7RCLsBm2tmEZz644=,5+rL83Jj4hf3wRdIZy75mwoUjso=
-16,7,Vyeie0ioxnK7RCLsBm2tmEZz644=,5+rL83Jj4hf3wRdIZy75mwoUjso=
-16,8,Vyeie0ioxnK7RCLsBm2tmEZz644=,5+rL83Jj4hf3wRdIZy75mwoUjso=
-12,7,Vyeie0ioxnK7RCLsBm2tmEZz644=,5+rL83Jj4hf3wRdIZy75mwoUjso=
-10,7,Vyeie0ioxnK7RCLsBm2tmEZz644=,5+rL83Jj4hf3wRdIZy75mwoUjso=
-11,7,Vyeie0ioxnK7RCLsBm2tmEZz644=,5+rL83Jj4hf3wRdIZy75mwoUjso=
-15,7,Vyeie0ioxnK7RCLsBm2tmEZz644=,5+rL83Jj4hf3wRdIZy75mwoUjso=
-8,8,Vyeie0ioxnK7RCLsBm2tmEZz644=,5+rL83Jj4hf3wRdIZy75mwoUjso=
-13,7,Vyeie0ioxnK7RCLsBm2tmEZz644=,5+rL83Jj4hf3wRdIZy75mwoUjso=
-14,7,Vyeie0ioxnK7RCLsBm2tmEZz644=,5+rL83Jj4hf3wRdIZy75mwoUjso=
-5,6,Vyeie0ioxnK7RCLsBm2tmEZz644=,5+rL83Jj4hf3wRdIZy75mwoUjso=
-3,6,Vyeie0ioxnK7RCLsBm2tmEZz644=,5+rL83Jj4hf3wRdIZy75mwoUjso=
-9,0,Vyeie0ioxnK7RCLsBm2tmEZz644=,5+rL83Jj4hf3wRdIZy75mwoUjso=
-1,6,Vyeie0ioxnK7RCLsBm2tmEZz644=,5+rL83Jj4hf3wRdIZy75mwoUjso=
-2,6,Vyeie0ioxnK7RCLsBm2tmEZz644=,5+rL83Jj4hf3wRdIZy75mwoUjso=
-6,6,Vyeie0ioxnK7RCLsBm2tmEZz644=,5+rL83Jj4hf3wRdIZy75mwoUjso=
-4,6,Vyeie0ioxnK7RCLsBm2tmEZz644=,5+rL83Jj4hf3wRdIZy75mwoUjso=
-7,6,Vyeie0ioxnK7RCLsBm2tmEZz644=,5+rL83Jj4hf3wRdIZy75mwoUjso=
-8,6,Vyeie0ioxnK7RCLsBm2tmEZz644=,5+rL83Jj4hf3wRdIZy75mwoUjso=
-9,6,Vyeie0ioxnK7RCLsBm2tmEZz644=,5+rL83Jj4hf3wRdIZy75mwoUjso=
-16,6,Vyeie0ioxnK7RCLsBm2tmEZz644=,5+rL83Jj4hf3wRdIZy75mwoUjso=
-10,6,Vyeie0ioxnK7RCLsBm2tmEZz644=,5+rL83Jj4hf3wRdIZy75mwoUjso=
-12,6,Vyeie0ioxnK7RCLsBm2tmEZz644=,5+rL83Jj4hf3wRdIZy75mwoUjso=
-11,6,Vyeie0ioxnK7RCLsBm2tmEZz644=,5+rL83Jj4hf3wRdIZy75mwoUjso=
-13,6,Vyeie0ioxnK7RCLsBm2tmEZz644=,5+rL83Jj4hf3wRdIZy75mwoUjso=
-15,6,Vyeie0ioxnK7RCLsBm2tmEZz644=,5+rL83Jj4hf3wRdIZy75mwoUjso=
-10,0,Vyeie0ioxnK7RCLsBm2tmEZz644=,5+rL83Jj4hf3wRdIZy75mwoUjso=
-14,6,Vyeie0ioxnK7RCLsBm2tmEZz644=,5+rL83Jj4hf3wRdIZy75mwoUjso=
-2,5,Vyeie0ioxnK7RCLsBm2tmEZz644=,5+rL83Jj4hf3wRdIZy75mwoUjso=
-3,5,Vyeie0ioxnK7RCLsBm2tmEZz644=,5+rL83Jj4hf3wRdIZy75mwoUjso=
-1,5,Vyeie0ioxnK7RCLsBm2tmEZz644=,5+rL83Jj4hf3wRdIZy75mwoUjso=
-6,5,Vyeie0ioxnK7RCLsBm2tmEZz644=,5+rL83Jj4hf3wRdIZy75mwoUjso=
-5,5,Vyeie0ioxnK7RCLsBm2tmEZz644=,5+rL83Jj4hf3wRdIZy75mwoUjso=
-4,5,Vyeie0ioxnK7RCLsBm2tmEZz644=,5+rL83Jj4hf3wRdIZy75mwoUjso=
-7,5,Vyeie0ioxnK7RCLsBm2tmEZz644=,5+rL83Jj4hf3wRdIZy75mwoUjso=
-11,5,Vyeie0ioxnK7RCLsBm2tmEZz644=,5+rL83Jj4hf3wRdIZy75mwoUjso=
-8,5,Vyeie0ioxnK7RCLsBm2tmEZz644=,5+rL83Jj4hf3wRdIZy75mwoUjso=
-9,5,Vyeie0ioxnK7RCLsBm2tmEZz644=,5+rL83Jj4hf3wRdIZy75mwoUjso=
-16,5,Vyeie0ioxnK7RCLsBm2tmEZz644=,5+rL83Jj4hf3wRdIZy75mwoUjso=
-12,5,Vyeie0ioxnK7RCLsBm2tmEZz644=,5+rL83Jj4hf3wRdIZy75mwoUjso=
-10,5,Vyeie0ioxnK7RCLsBm2tmEZz644=,5+rL83Jj4hf3wRdIZy75mwoUjso=
-15,5,Vyeie0ioxnK7RCLsBm2tmEZz644=,5+rL83Jj4hf3wRdIZy75mwoUjso=
-13,5,Vyeie0ioxnK7RCLsBm2tmEZz644=,5+rL83Jj4hf3wRdIZy75mwoUjso=
-14,5,Vyeie0ioxnK7RCLsBm2tmEZz644=,5+rL83Jj4hf3wRdIZy75mwoUjso=
-4,4,Vyeie0ioxnK7RCLsBm2tmEZz644=,5+rL83Jj4hf3wRdIZy75mwoUjso=
-6,4,Vyeie0ioxnK7RCLsBm2tmEZz644=,5+rL83Jj4hf3wRdIZy75mwoUjso=
-5,4,Vyeie0ioxnK7RCLsBm2tmEZz644=,5+rL83Jj4hf3wRdIZy75mwoUjso=
-11,0,Vyeie0ioxnK7RCLsBm2tmEZz644=,5+rL83Jj4hf3wRdIZy75mwoUjso=
-3,4,Vyeie0ioxnK7RCLsBm2tmEZz644=,5+rL83Jj4hf3wRdIZy75mwoUjso=
-7,4,Vyeie0ioxnK7RCLsBm2tmEZz644=,5+rL83Jj4hf3wRdIZy75mwoUjso=
-2,4,Vyeie0ioxnK7RCLsBm2tmEZz644=,5+rL83Jj4hf3wRdIZy75mwoUjso=
-1,4,Vyeie0ioxnK7RCLsBm2tmEZz644=,5+rL83Jj4hf3wRdIZy75mwoUjso=
-12,4,Vyeie0ioxnK7RCLsBm2tmEZz644=,5+rL83Jj4hf3wRdIZy75mwoUjso=
-9,4,Vyeie0ioxnK7RCLsBm2tmEZz644=,5+rL83Jj4hf3wRdIZy75mwoUjso=
-8,4,Vyeie0ioxnK7RCLsBm2tmEZz644=,5+rL83Jj4hf3wRdIZy75mwoUjso=
-16,4,Vyeie0ioxnK7RCLsBm2tmEZz644=,5+rL83Jj4hf3wRdIZy75mwoUjso=
-15,4,Vyeie0ioxnK7RCLsBm2tmEZz644=,5+rL83Jj4hf3wRdIZy75mwoUjso=
-11,4,Vyeie0ioxnK7RCLsBm2tmEZz644=,5+rL83Jj4hf3wRdIZy75mwoUjso=
-13,4,Vyeie0ioxnK7RCLsBm2tmEZz644=,5+rL83Jj4hf3wRdIZy75mwoUjso=
-14,4,Vyeie0ioxnK7RCLsBm2tmEZz644=,5+rL83Jj4hf3wRdIZy75mwoUjso=
-10,4,Vyeie0ioxnK7RCLsBm2tmEZz644=,5+rL83Jj4hf3wRdIZy75mwoUjso=
-6,3,Vyeie0ioxnK7RCLsBm2tmEZz644=,5+rL83Jj4hf3wRdIZy75mwoUjso=
-12,0,Vyeie0ioxnK7RCLsBm2tmEZz644=,5+rL83Jj4hf3wRdIZy75mwoUjso=
-5,3,Vyeie0ioxnK7RCLsBm2tmEZz644=,5+rL83Jj4hf3wRdIZy75mwoUjso=
-2,3,Vyeie0ioxnK7RCLsBm2tmEZz644=,5+rL83Jj4hf3wRdIZy75mwoUjso=
-1,3,Vyeie0ioxnK7RCLsBm2tmEZz644=,5+rL83Jj4hf3wRdIZy75mwoUjso=
-3,3,Vyeie0ioxnK7RCLsBm2tmEZz644=,5+rL83Jj4hf3wRdIZy75mwoUjso=
-4,3,Vyeie0ioxnK7RCLsBm2tmEZz644=,5+rL83Jj4hf3wRdIZy75mwoUjso=
-7,3,Vyeie0ioxnK7RCLsBm2tmEZz644=,5+rL83Jj4hf3wRdIZy75mwoUjso=
-10,3,Vyeie0ioxnK7RCLsBm2tmEZz644=,5+rL83Jj4hf3wRdIZy75mwoUjso=
-15,3,Vyeie0ioxnK7RCLsBm2tmEZz644=,5+rL83Jj4hf3wRdIZy75mwoUjso=
-16,3,Vyeie0ioxnK7RCLsBm2tmEZz644=,5+rL83Jj4hf3wRdIZy75mwoUjso=
-8,3,Vyeie0ioxnK7RCLsBm2tmEZz644=,5+rL83Jj4hf3wRdIZy75mwoUjso=
-11,3,Vyeie0ioxnK7RCLsBm2tmEZz644=,5+rL83Jj4hf3wRdIZy75mwoUjso=
-9,3,Vyeie0ioxnK7RCLsBm2tmEZz644=,5+rL83Jj4hf3wRdIZy75mwoUjso=
-13,3,Vyeie0ioxnK7RCLsBm2tmEZz644=,5+rL83Jj4hf3wRdIZy75mwoUjso=
-12,3,Vyeie0ioxnK7RCLsBm2tmEZz644=,5+rL83Jj4hf3wRdIZy75mwoUjso=
-14,3,Vyeie0ioxnK7RCLsBm2tmEZz644=,5+rL83Jj4hf3wRdIZy75mwoUjso=
-13,0,Vyeie0ioxnK7RCLsBm2tmEZz644=,5+rL83Jj4hf3wRdIZy75mwoUjso=
-6,2,Vyeie0ioxnK7RCLsBm2tmEZz644=,5+rL83Jj4hf3wRdIZy75mwoUjso=
-3,2,Vyeie0ioxnK7RCLsBm2tmEZz644=,5+rL83Jj4hf3wRdIZy75mwoUjso=
-2,2,Vyeie0ioxnK7RCLsBm2tmEZz644=,5+rL83Jj4hf3wRdIZy75mwoUjso=
-1,2,Vyeie0ioxnK7RCLsBm2tmEZz644=,5+rL83Jj4hf3wRdIZy75mwoUjso=
-7,2,Vyeie0ioxnK7RCLsBm2tmEZz644=,5+rL83Jj4hf3wRdIZy75mwoUjso=
-4,2,Vyeie0ioxnK7RCLsBm2tmEZz644=,5+rL83Jj4hf3wRdIZy75mwoUjso=
-5,2,Vyeie0ioxnK7RCLsBm2tmEZz644=,5+rL83Jj4hf3wRdIZy75mwoUjso=
-12,2,Vyeie0ioxnK7RCLsBm2tmEZz644=,5+rL83Jj4hf3wRdIZy75mwoUjso=
-8,2,Vyeie0ioxnK7RCLsBm2tmEZz644=,5+rL83Jj4hf3wRdIZy75mwoUjso=
-16,2,Vyeie0ioxnK7RCLsBm2tmEZz644=,5+rL83Jj4hf3wRdIZy75mwoUjso=
-10,2,Vyeie0ioxnK7RCLsBm2tmEZz644=,5+rL83Jj4hf3wRdIZy75mwoUjso=
-11,2,Vyeie0ioxnK7RCLsBm2tmEZz644=,5+rL83Jj4hf3wRdIZy75mwoUjso=
-15,2,Vyeie0ioxnK7RCLsBm2tmEZz644=,5+rL83Jj4hf3wRdIZy75mwoUjso=
-13,2,Vyeie0ioxnK7RCLsBm2tmEZz644=,5+rL83Jj4hf3wRdIZy75mwoUjso=
-9,2,Vyeie0ioxnK7RCLsBm2tmEZz644=,5+rL83Jj4hf3wRdIZy75mwoUjso=
-14,2,Vyeie0ioxnK7RCLsBm2tmEZz644=,5+rL83Jj4hf3wRdIZy75mwoUjso=
-15,0,d6OKwg+EQMFeo70a5Mw60zdFxn4=,5+rL83Jj4hf3wRdIZy75mwoUjso=
-14,0,Vyeie0ioxnK7RCLsBm2tmEZz644=,5+rL83Jj4hf3wRdIZy75mwoUjso=
-2,1,d6OKwg+EQMFeo70a5Mw60zdFxn4=,5+rL83Jj4hf3wRdIZy75mwoUjso=
-1,1,Vyeie0ioxnK7RCLsBm2tmEZz644=,5+rL83Jj4hf3wRdIZy75mwoUjso=
-3,1,Vyeie0ioxnK7RCLsBm2tmEZz644=,5+rL83Jj4hf3wRdIZy75mwoUjso=
-5,1,Vyeie0ioxnK7RCLsBm2tmEZz644=,5+rL83Jj4hf3wRdIZy75mwoUjso=
-6,1,Vyeie0ioxnK7RCLsBm2tmEZz644=,5+rL83Jj4hf3wRdIZy75mwoUjso=
-4,1,Vyeie0ioxnK7RCLsBm2tmEZz644=,5+rL83Jj4hf3wRdIZy75mwoUjso=
-8,1,Vyeie0ioxnK7RCLsBm2tmEZz644=,5+rL83Jj4hf3wRdIZy75mwoUjso=
-7,1,Vyeie0ioxnK7RCLsBm2tmEZz644=,5+rL83Jj4hf3wRdIZy75mwoUjso=
-16,0,Vyeie0ioxnK7RCLsBm2tmEZz644=,5+rL83Jj4hf3wRdIZy75mwoUjso=
-10,1,Vyeie0ioxnK7RCLsBm2tmEZz644=,5+rL83Jj4hf3wRdIZy75mwoUjso=
-11,1,Vyeie0ioxnK7RCLsBm2tmEZz644=,5+rL83Jj4hf3wRdIZy75mwoUjso=
-12,1,Vyeie0ioxnK7RCLsBm2tmEZz644=,5+rL83Jj4hf3wRdIZy75mwoUjso=
-9,1,Vyeie0ioxnK7RCLsBm2tmEZz644=,5+rL83Jj4hf3wRdIZy75mwoUjso=
-13,1,Vyeie0ioxnK7RCLsBm2tmEZz644=,5+rL83Jj4hf3wRdIZy75mwoUjso=
-15,1,Vyeie0ioxnK7RCLsBm2tmEZz644=,5+rL83Jj4hf3wRdIZy75mwoUjso=
-14,1,Vyeie0ioxnK7RCLsBm2tmEZz644=,5+rL83Jj4hf3wRdIZy75mwoUjso=
-32,16,Vyeie0ioxnK7RCLsBm2tmEZz644=,5+rL83Jj4hf3wRdIZy75mwoUjso=
-17,16,Vyeie0ioxnK7RCLsBm2tmEZz644=,5+rL83Jj4hf3wRdIZy75mwoUjso=
-17,31,Vyeie0ioxnK7RCLsBm2tmEZz644=,5+rL83Jj4hf3wRdIZy75mwoUjso=
-18,31,Vyeie0ioxnK7RCLsBm2tmEZz644=,5+rL83Jj4hf3wRdIZy75mwoUjso=
-20,31,Vyeie0ioxnK7RCLsBm2tmEZz644=,5+rL83Jj4hf3wRdIZy75mwoUjso=
-22,31,Vyeie0ioxnK7RCLsBm2tmEZz644=,5+rL83Jj4hf3wRdIZy75mwoUjso=
-21,31,Vyeie0ioxnK7RCLsBm2tmEZz644=,5+rL83Jj4hf3wRdIZy75mwoUjso=
-23,31,Vyeie0ioxnK7RCLsBm2tmEZz644=,5+rL83Jj4hf3wRdIZy75mwoUjso=
-19,31,Vyeie0ioxnK7RCLsBm2tmEZz644=,5+rL83Jj4hf3wRdIZy75mwoUjso=
-24,31,Vyeie0ioxnK7RCLsBm2tmEZz644=,5+rL83Jj4hf3wRdIZy75mwoUjso=
-26,31,Vyeie0ioxnK7RCLsBm2tmEZz644=,5+rL83Jj4hf3wRdIZy75mwoUjso=
-27,31,Vyeie0ioxnK7RCLsBm2tmEZz644=,5+rL83Jj4hf3wRdIZy75mwoUjso=
-32,17,Vyeie0ioxnK7RCLsBm2tmEZz644=,5+rL83Jj4hf3wRdIZy75mwoUjso=
-28,31,Vyeie0ioxnK7RCLsBm2tmEZz644=,5+rL83Jj4hf3wRdIZy75mwoUjso=
-29,31,Vyeie0ioxnK7RCLsBm2tmEZz644=,5+rL83Jj4hf3wRdIZy75mwoUjso=
-31,17,Vyeie0ioxnK7RCLsBm2tmEZz644=,5+rL83Jj4hf3wRdIZy75mwoUjso=
-29,17,Vyeie0ioxnK7RCLsBm2tmEZz644=,5+rL83Jj4hf3wRdIZy75mwoUjso=
-25,31,Vyeie0ioxnK7RCLsBm2tmEZz644=,5+rL83Jj4hf3wRdIZy75mwoUjso=
-30,17,Vyeie0ioxnK7RCLsBm2tmEZz644=,5+rL83Jj4hf3wRdIZy75mwoUjso=
-31,31,Vyeie0ioxnK7RCLsBm2tmEZz644=,5+rL83Jj4hf3wRdIZy75mwoUjso=
-28,17,Vyeie0ioxnK7RCLsBm2tmEZz644=,5+rL83Jj4hf3wRdIZy75mwoUjso=
-18,16,Vyeie0ioxnK7RCLsBm2tmEZz644=,5+rL83Jj4hf3wRdIZy75mwoUjso=
-30,31,Vyeie0ioxnK7RCLsBm2tmEZz644=,5+rL83Jj4hf3wRdIZy75mwoUjso=
-27,17,Vyeie0ioxnK7RCLsBm2tmEZz644=,5+rL83Jj4hf3wRdIZy75mwoUjso=
-32,31,Vyeie0ioxnK7RCLsBm2tmEZz644=,5+rL83Jj4hf3wRdIZy75mwoUjso=
-26,17,Vyeie0ioxnK7RCLsBm2tmEZz644=,5+rL83Jj4hf3wRdIZy75mwoUjso=
-17,30,Vyeie0ioxnK7RCLsBm2tmEZz644=,5+rL83Jj4hf3wRdIZy75mwoUjso=
-19,30,Vyeie0ioxnK7RCLsBm2tmEZz644=,5+rL83Jj4hf3wRdIZy75mwoUjso=
-18,30,Vyeie0ioxnK7RCLsBm2tmEZz644=,5+rL83Jj4hf3wRdIZy75mwoUjso=
-20,30,Vyeie0ioxnK7RCLsBm2tmEZz644=,5+rL83Jj4hf3wRdIZy75mwoUjso=
-21,30,Vyeie0ioxnK7RCLsBm2tmEZz644=,5+rL83Jj4hf3wRdIZy75mwoUjso=
-23,30,Vyeie0ioxnK7RCLsBm2tmEZz644=,5+rL83Jj4hf3wRdIZy75mwoUjso=
-22,30,Vyeie0ioxnK7RCLsBm2tmEZz644=,5+rL83Jj4hf3wRdIZy75mwoUjso=
-24,30,Vyeie0ioxnK7RCLsBm2tmEZz644=,5+rL83Jj4hf3wRdIZy75mwoUjso=
-25,17,Vyeie0ioxnK7RCLsBm2tmEZz644=,5+rL83Jj4hf3wRdIZy75mwoUjso=
-25,30,Vyeie0ioxnK7RCLsBm2tmEZz644=,5+rL83Jj4hf3wRdIZy75mwoUjso=
-26,30,Vyeie0ioxnK7RCLsBm2tmEZz644=,5+rL83Jj4hf3wRdIZy75mwoUjso=
-27,30,Vyeie0ioxnK7RCLsBm2tmEZz644=,5+rL83Jj4hf3wRdIZy75mwoUjso=
-28,30,Vyeie0ioxnK7RCLsBm2tmEZz644=,5+rL83Jj4hf3wRdIZy75mwoUjso=
-24,17,Vyeie0ioxnK7RCLsBm2tmEZz644=,5+rL83Jj4hf3wRdIZy75mwoUjso=
-29,30,Vyeie0ioxnK7RCLsBm2tmEZz644=,5+rL83Jj4hf3wRdIZy75mwoUjso=
-19,16,Vyeie0ioxnK7RCLsBm2tmEZz644=,5+rL83Jj4hf3wRdIZy75mwoUjso=
-31,30,Vyeie0ioxnK7RCLsBm2tmEZz644=,5+rL83Jj4hf3wRdIZy75mwoUjso=
-30,30,Vyeie0ioxnK7RCLsBm2tmEZz644=,5+rL83Jj4hf3wRdIZy75mwoUjso=
-32,30,Vyeie0ioxnK7RCLsBm2tmEZz644=,5+rL83Jj4hf3wRdIZy75mwoUjso=
-23,17,Vyeie0ioxnK7RCLsBm2tmEZz644=,5+rL83Jj4hf3wRdIZy75mwoUjso=
-18,29,Vyeie0ioxnK7RCLsBm2tmEZz644=,5+rL83Jj4hf3wRdIZy75mwoUjso=
-17,29,Vyeie0ioxnK7RCLsBm2tmEZz644=,5+rL83Jj4hf3wRdIZy75mwoUjso=
-19,29,Vyeie0ioxnK7RCLsBm2tmEZz644=,5+rL83Jj4hf3wRdIZy75mwoUjso=
-20,29,Vyeie0ioxnK7RCLsBm2tmEZz644=,5+rL83Jj4hf3wRdIZy75mwoUjso=
-22,29,Vyeie0ioxnK7RCLsBm2tmEZz644=,5+rL83Jj4hf3wRdIZy75mwoUjso=
-22,17,Vyeie0ioxnK7RCLsBm2tmEZz644=,5+rL83Jj4hf3wRdIZy75mwoUjso=
-21,29,Vyeie0ioxnK7RCLsBm2tmEZz644=,5+rL83Jj4hf3wRdIZy75mwoUjso=
-24,29,Vyeie0ioxnK7RCLsBm2tmEZz644=,5+rL83Jj4hf3wRdIZy75mwoUjso=
-25,29,Vyeie0ioxnK7RCLsBm2tmEZz644=,5+rL83Jj4hf3wRdIZy75mwoUjso=
-26,29,Vyeie0ioxnK7RCLsBm2tmEZz644=,5+rL83Jj4hf3wRdIZy75mwoUjso=
-23,29,Vyeie0ioxnK7RCLsBm2tmEZz644=,5+rL83Jj4hf3wRdIZy75mwoUjso=
-21,17,Vyeie0ioxnK7RCLsBm2tmEZz644=,5+rL83Jj4hf3wRdIZy75mwoUjso=
-27,29,Vyeie0ioxnK7RCLsBm2tmEZz644=,5+rL83Jj4hf3wRdIZy75mwoUjso=
-28,29,Vyeie0ioxnK7RCLsBm2tmEZz644=,5+rL83Jj4hf3wRdIZy75mwoUjso=
-29,29,Vyeie0ioxnK7RCLsBm2tmEZz644=,5+rL83Jj4hf3wRdIZy75mwoUjso=
-31,29,Vyeie0ioxnK7RCLsBm2tmEZz644=,5+rL83Jj4hf3wRdIZy75mwoUjso=
-30,29,Vyeie0ioxnK7RCLsBm2tmEZz644=,5+rL83Jj4hf3wRdIZy75mwoUjso=
-20,16,Vyeie0ioxnK7RCLsBm2tmEZz644=,5+rL83Jj4hf3wRdIZy75mwoUjso=
-20,17,Vyeie0ioxnK7RCLsBm2tmEZz644=,5+rL83Jj4hf3wRdIZy75mwoUjso=
-17,28,Vyeie0ioxnK7RCLsBm2tmEZz644=,5+rL83Jj4hf3wRdIZy75mwoUjso=
-18,28,Vyeie0ioxnK7RCLsBm2tmEZz644=,5+rL83Jj4hf3wRdIZy75mwoUjso=
-32,29,Vyeie0ioxnK7RCLsBm2tmEZz644=,5+rL83Jj4hf3wRdIZy75mwoUjso=
-19,28,Vyeie0ioxnK7RCLsBm2tmEZz644=,5+rL83Jj4hf3wRdIZy75mwoUjso=
-20,28,Vyeie0ioxnK7RCLsBm2tmEZz644=,5+rL83Jj4hf3wRdIZy75mwoUjso=
-19,17,Vyeie0ioxnK7RCLsBm2tmEZz644=,5+rL83Jj4hf3wRdIZy75mwoUjso=
-22,28,Vyeie0ioxnK7RCLsBm2tmEZz644=,5+rL83Jj4hf3wRdIZy75mwoUjso=
-23,28,Vyeie0ioxnK7RCLsBm2tmEZz644=,5+rL83Jj4hf3wRdIZy75mwoUjso=
-21,28,Vyeie0ioxnK7RCLsBm2tmEZz644=,5+rL83Jj4hf3wRdIZy75mwoUjso=
-24,28,Vyeie0ioxnK7RCLsBm2tmEZz644=,5+rL83Jj4hf3wRdIZy75mwoUjso=
-25,28,Vyeie0ioxnK7RCLsBm2tmEZz644=,5+rL83Jj4hf3wRdIZy75mwoUjso=
-26,28,Vyeie0ioxnK7RCLsBm2tmEZz644=,5+rL83Jj4hf3wRdIZy75mwoUjso=
-18,17,Vyeie0ioxnK7RCLsBm2tmEZz644=,5+rL83Jj4hf3wRdIZy75mwoUjso=
-28,28,Vyeie0ioxnK7RCLsBm2tmEZz644=,5+rL83Jj4hf3wRdIZy75mwoUjso=
-27,28,Vyeie0ioxnK7RCLsBm2tmEZz644=,5+rL83Jj4hf3wRdIZy75mwoUjso=
-30,28,Vyeie0ioxnK7RCLsBm2tmEZz644=,5+rL83Jj4hf3wRdIZy75mwoUjso=
-29,28,Vyeie0ioxnK7RCLsBm2tmEZz644=,5+rL83Jj4hf3wRdIZy75mwoUjso=
-17,17,Vyeie0ioxnK7RCLsBm2tmEZz644=,5+rL83Jj4hf3wRdIZy75mwoUjso=
-21,16,Vyeie0ioxnK7RCLsBm2tmEZz644=,5+rL83Jj4hf3wRdIZy75mwoUjso=
-32,28,Vyeie0ioxnK7RCLsBm2tmEZz644=,5+rL83Jj4hf3wRdIZy75mwoUjso=
-31,28,Vyeie0ioxnK7RCLsBm2tmEZz644=,5+rL83Jj4hf3wRdIZy75mwoUjso=
-17,27,Vyeie0ioxnK7RCLsBm2tmEZz644=,5+rL83Jj4hf3wRdIZy75mwoUjso=
-18,27,Vyeie0ioxnK7RCLsBm2tmEZz644=,5+rL83Jj4hf3wRdIZy75mwoUjso=
-19,27,Vyeie0ioxnK7RCLsBm2tmEZz644=,5+rL83Jj4hf3wRdIZy75mwoUjso=
-23,27,Vyeie0ioxnK7RCLsBm2tmEZz644=,5+rL83Jj4hf3wRdIZy75mwoUjso=
-22,27,Vyeie0ioxnK7RCLsBm2tmEZz644=,5+rL83Jj4hf3wRdIZy75mwoUjso=
-32,18,Vyeie0ioxnK7RCLsBm2tmEZz644=,5+rL83Jj4hf3wRdIZy75mwoUjso=
-21,27,Vyeie0ioxnK7RCLsBm2tmEZz644=,5+rL83Jj4hf3wRdIZy75mwoUjso=
-20,27,Vyeie0ioxnK7RCLsBm2tmEZz644=,5+rL83Jj4hf3wRdIZy75mwoUjso=
-26,27,Vyeie0ioxnK7RCLsBm2tmEZz644=,5+rL83Jj4hf3wRdIZy75mwoUjso=
-25,27,Vyeie0ioxnK7RCLsBm2tmEZz644=,5+rL83Jj4hf3wRdIZy75mwoUjso=
-27,27,Vyeie0ioxnK7RCLsBm2tmEZz644=,5+rL83Jj4hf3wRdIZy75mwoUjso=
-24,27,Vyeie0ioxnK7RCLsBm2tmEZz644=,5+rL83Jj4hf3wRdIZy75mwoUjso=
-28,27,Vyeie0ioxnK7RCLsBm2tmEZz644=,5+rL83Jj4hf3wRdIZy75mwoUjso=
-31,16,Vyeie0ioxnK7RCLsBm2tmEZz644=,5+rL83Jj4hf3wRdIZy75mwoUjso=
-31,27,Vyeie0ioxnK7RCLsBm2tmEZz644=,5+rL83Jj4hf3wRdIZy75mwoUjso=
-29,27,Vyeie0ioxnK7RCLsBm2tmEZz644=,5+rL83Jj4hf3wRdIZy75mwoUjso=
-30,27,Vyeie0ioxnK7RCLsBm2tmEZz644=,5+rL83Jj4hf3wRdIZy75mwoUjso=
-31,18,Vyeie0ioxnK7RCLsBm2tmEZz644=,5+rL83Jj4hf3wRdIZy75mwoUjso=
-22,16,Vyeie0ioxnK7RCLsBm2tmEZz644=,5+rL83Jj4hf3wRdIZy75mwoUjso=
-32,27,Vyeie0ioxnK7RCLsBm2tmEZz644=,5+rL83Jj4hf3wRdIZy75mwoUjso=
-17,26,Vyeie0ioxnK7RCLsBm2tmEZz644=,5+rL83Jj4hf3wRdIZy75mwoUjso=
-18,26,Vyeie0ioxnK7RCLsBm2tmEZz644=,5+rL83Jj4hf3wRdIZy75mwoUjso=
-19,26,Vyeie0ioxnK7RCLsBm2tmEZz644=,5+rL83Jj4hf3wRdIZy75mwoUjso=
-20,26,Vyeie0ioxnK7RCLsBm2tmEZz644=,5+rL83Jj4hf3wRdIZy75mwoUjso=
-30,18,Vyeie0ioxnK7RCLsBm2tmEZz644=,5+rL83Jj4hf3wRdIZy75mwoUjso=
-22,26,Vyeie0ioxnK7RCLsBm2tmEZz644=,5+rL83Jj4hf3wRdIZy75mwoUjso=
-21,26,Vyeie0ioxnK7RCLsBm2tmEZz644=,5+rL83Jj4hf3wRdIZy75mwoUjso=
-23,26,Vyeie0ioxnK7RCLsBm2tmEZz644=,5+rL83Jj4hf3wRdIZy75mwoUjso=
-26,26,Vyeie0ioxnK7RCLsBm2tmEZz644=,5+rL83Jj4hf3wRdIZy75mwoUjso=
-25,26,Vyeie0ioxnK7RCLsBm2tmEZz644=,5+rL83Jj4hf3wRdIZy75mwoUjso=
-29,18,Vyeie0ioxnK7RCLsBm2tmEZz644=,5+rL83Jj4hf3wRdIZy75mwoUjso=
-24,26,Vyeie0ioxnK7RCLsBm2tmEZz644=,5+rL83Jj4hf3wRdIZy75mwoUjso=
-28,26,Vyeie0ioxnK7RCLsBm2tmEZz644=,5+rL83Jj4hf3wRdIZy75mwoUjso=
-27,26,Vyeie0ioxnK7RCLsBm2tmEZz644=,5+rL83Jj4hf3wRdIZy75mwoUjso=
-29,26,Vyeie0ioxnK7RCLsBm2tmEZz644=,5+rL83Jj4hf3wRdIZy75mwoUjso=
-28,18,Vyeie0ioxnK7RCLsBm2tmEZz644=,5+rL83Jj4hf3wRdIZy75mwoUjso=
-31,26,Vyeie0ioxnK7RCLsBm2tmEZz644=,5+rL83Jj4hf3wRdIZy75mwoUjso=
-23,16,Vyeie0ioxnK7RCLsBm2tmEZz644=,5+rL83Jj4hf3wRdIZy75mwoUjso=
-30,26,Vyeie0ioxnK7RCLsBm2tmEZz644=,5+rL83Jj4hf3wRdIZy75mwoUjso=
-17,25,Vyeie0ioxnK7RCLsBm2tmEZz644=,5+rL83Jj4hf3wRdIZy75mwoUjso=
-32,26,Vyeie0ioxnK7RCLsBm2tmEZz644=,5+rL83Jj4hf3wRdIZy75mwoUjso=
-18,25,Vyeie0ioxnK7RCLsBm2tmEZz644=,5+rL83Jj4hf3wRdIZy75mwoUjso=
-27,18,Vyeie0ioxnK7RCLsBm2tmEZz644=,5+rL83Jj4hf3wRdIZy75mwoUjso=
-19,25,Vyeie0ioxnK7RCLsBm2tmEZz644=,5+rL83Jj4hf3wRdIZy75mwoUjso=
-20,25,Vyeie0ioxnK7RCLsBm2tmEZz644=,5+rL83Jj4hf3wRdIZy75mwoUjso=
-21,25,Vyeie0ioxnK7RCLsBm2tmEZz644=,5+rL83Jj4hf3wRdIZy75mwoUjso=
-22,25,Vyeie0ioxnK7RCLsBm2tmEZz644=,5+rL83Jj4hf3wRdIZy75mwoUjso=
-24,25,Vyeie0ioxnK7RCLsBm2tmEZz644=,5+rL83Jj4hf3wRdIZy75mwoUjso=
-23,25,Vyeie0ioxnK7RCLsBm2tmEZz644=,5+rL83Jj4hf3wRdIZy75mwoUjso=
-26,18,Vyeie0ioxnK7RCLsBm2tmEZz644=,5+rL83Jj4hf3wRdIZy75mwoUjso=
-25,25,Vyeie0ioxnK7RCLsBm2tmEZz644=,5+rL83Jj4hf3wRdIZy75mwoUjso=
-26,25,Vyeie0ioxnK7RCLsBm2tmEZz644=,5+rL83Jj4hf3wRdIZy75mwoUjso=
-27,25,Vyeie0ioxnK7RCLsBm2tmEZz644=,5+rL83Jj4hf3wRdIZy75mwoUjso=
-28,25,Vyeie0ioxnK7RCLsBm2tmEZz644=,5+rL83Jj4hf3wRdIZy75mwoUjso=
-25,18,Vyeie0ioxnK7RCLsBm2tmEZz644=,5+rL83Jj4hf3wRdIZy75mwoUjso=
-29,25,Vyeie0ioxnK7RCLsBm2tmEZz644=,5+rL83Jj4hf3wRdIZy75mwoUjso=
-30,25,Vyeie0ioxnK7RCLsBm2tmEZz644=,5+rL83Jj4hf3wRdIZy75mwoUjso=
-31,25,Vyeie0ioxnK7RCLsBm2tmEZz644=,5+rL83Jj4hf3wRdIZy75mwoUjso=
-24,16,Vyeie0ioxnK7RCLsBm2tmEZz644=,5+rL83Jj4hf3wRdIZy75mwoUjso=
-32,25,Vyeie0ioxnK7RCLsBm2tmEZz644=,5+rL83Jj4hf3wRdIZy75mwoUjso=
-17,24,Vyeie0ioxnK7RCLsBm2tmEZz644=,5+rL83Jj4hf3wRdIZy75mwoUjso=
-18,24,Vyeie0ioxnK7RCLsBm2tmEZz644=,5+rL83Jj4hf3wRdIZy75mwoUjso=
-20,24,Vyeie0ioxnK7RCLsBm2tmEZz644=,5+rL83Jj4hf3wRdIZy75mwoUjso=
-19,24,Vyeie0ioxnK7RCLsBm2tmEZz644=,5+rL83Jj4hf3wRdIZy75mwoUjso=
-24,18,Vyeie0ioxnK7RCLsBm2tmEZz644=,5+rL83Jj4hf3wRdIZy75mwoUjso=
-21,24,Vyeie0ioxnK7RCLsBm2tmEZz644=,5+rL83Jj4hf3wRdIZy75mwoUjso=
-22,24,Vyeie0ioxnK7RCLsBm2tmEZz644=,5+rL83Jj4hf3wRdIZy75mwoUjso=
-23,18,Vyeie0ioxnK7RCLsBm2tmEZz644=,5+rL83Jj4hf3wRdIZy75mwoUjso=
-23,24,Vyeie0ioxnK7RCLsBm2tmEZz644=,5+rL83Jj4hf3wRdIZy75mwoUjso=
-25,24,Vyeie0ioxnK7RCLsBm2tmEZz644=,5+rL83Jj4hf3wRdIZy75mwoUjso=
-24,24,Vyeie0ioxnK7RCLsBm2tmEZz644=,5+rL83Jj4hf3wRdIZy75mwoUjso=
-26,24,Vyeie0ioxnK7RCLsBm2tmEZz644=,5+rL83Jj4hf3wRdIZy75mwoUjso=
-27,24,Vyeie0ioxnK7RCLsBm2tmEZz644=,5+rL83Jj4hf3wRdIZy75mwoUjso=
-29,24,Vyeie0ioxnK7RCLsBm2tmEZz644=,5+rL83Jj4hf3wRdIZy75mwoUjso=
-28,24,Vyeie0ioxnK7RCLsBm2tmEZz644=,5+rL83Jj4hf3wRdIZy75mwoUjso=
-30,24,Vyeie0ioxnK7RCLsBm2tmEZz644=,5+rL83Jj4hf3wRdIZy75mwoUjso=
-25,16,Vyeie0ioxnK7RCLsBm2tmEZz644=,5+rL83Jj4hf3wRdIZy75mwoUjso=
-22,18,Vyeie0ioxnK7RCLsBm2tmEZz644=,5+rL83Jj4hf3wRdIZy75mwoUjso=
-31,24,Vyeie0ioxnK7RCLsBm2tmEZz644=,5+rL83Jj4hf3wRdIZy75mwoUjso=
-32,24,Vyeie0ioxnK7RCLsBm2tmEZz644=,5+rL83Jj4hf3wRdIZy75mwoUjso=
-17,23,Vyeie0ioxnK7RCLsBm2tmEZz644=,5+rL83Jj4hf3wRdIZy75mwoUjso=
-18,23,Vyeie0ioxnK7RCLsBm2tmEZz644=,5+rL83Jj4hf3wRdIZy75mwoUjso=
-19,23,Vyeie0ioxnK7RCLsBm2tmEZz644=,5+rL83Jj4hf3wRdIZy75mwoUjso=
-20,23,Vyeie0ioxnK7RCLsBm2tmEZz644=,5+rL83Jj4hf3wRdIZy75mwoUjso=
-21,18,Vyeie0ioxnK7RCLsBm2tmEZz644=,5+rL83Jj4hf3wRdIZy75mwoUjso=
-21,23,Vyeie0ioxnK7RCLsBm2tmEZz644=,5+rL83Jj4hf3wRdIZy75mwoUjso=
-22,23,Vyeie0ioxnK7RCLsBm2tmEZz644=,5+rL83Jj4hf3wRdIZy75mwoUjso=
-23,23,Vyeie0ioxnK7RCLsBm2tmEZz644=,5+rL83Jj4hf3wRdIZy75mwoUjso=
-24,23,Vyeie0ioxnK7RCLsBm2tmEZz644=,5+rL83Jj4hf3wRdIZy75mwoUjso=
-25,23,Vyeie0ioxnK7RCLsBm2tmEZz644=,5+rL83Jj4hf3wRdIZy75mwoUjso=
-20,18,Vyeie0ioxnK7RCLsBm2tmEZz644=,5+rL83Jj4hf3wRdIZy75mwoUjso=
-26,23,Vyeie0ioxnK7RCLsBm2tmEZz644=,5+rL83Jj4hf3wRdIZy75mwoUjso=
-28,23,Vyeie0ioxnK7RCLsBm2tmEZz644=,5+rL83Jj4hf3wRdIZy75mwoUjso=
-27,23,Vyeie0ioxnK7RCLsBm2tmEZz644=,5+rL83Jj4hf3wRdIZy75mwoUjso=
-29,23,Vyeie0ioxnK7RCLsBm2tmEZz644=,5+rL83Jj4hf3wRdIZy75mwoUjso=
-31,23,Vyeie0ioxnK7RCLsBm2tmEZz644=,5+rL83Jj4hf3wRdIZy75mwoUjso=
-30,23,Vyeie0ioxnK7RCLsBm2tmEZz644=,5+rL83Jj4hf3wRdIZy75mwoUjso=
-19,18,Vyeie0ioxnK7RCLsBm2tmEZz644=,5+rL83Jj4hf3wRdIZy75mwoUjso=
-26,16,Vyeie0ioxnK7RCLsBm2tmEZz644=,5+rL83Jj4hf3wRdIZy75mwoUjso=
-32,23,Vyeie0ioxnK7RCLsBm2tmEZz644=,5+rL83Jj4hf3wRdIZy75mwoUjso=
-17,22,Vyeie0ioxnK7RCLsBm2tmEZz644=,5+rL83Jj4hf3wRdIZy75mwoUjso=
-18,22,Vyeie0ioxnK7RCLsBm2tmEZz644=,5+rL83Jj4hf3wRdIZy75mwoUjso=
-19,22,Vyeie0ioxnK7RCLsBm2tmEZz644=,5+rL83Jj4hf3wRdIZy75mwoUjso=
-18,18,Vyeie0ioxnK7RCLsBm2tmEZz644=,5+rL83Jj4hf3wRdIZy75mwoUjso=
-21,22,Vyeie0ioxnK7RCLsBm2tmEZz644=,5+rL83Jj4hf3wRdIZy75mwoUjso=
-20,22,Vyeie0ioxnK7RCLsBm2tmEZz644=,5+rL83Jj4hf3wRdIZy75mwoUjso=
-22,22,Vyeie0ioxnK7RCLsBm2tmEZz644=,5+rL83Jj4hf3wRdIZy75mwoUjso=
-23,22,Vyeie0ioxnK7RCLsBm2tmEZz644=,5+rL83Jj4hf3wRdIZy75mwoUjso=
-24,22,Vyeie0ioxnK7RCLsBm2tmEZz644=,5+rL83Jj4hf3wRdIZy75mwoUjso=
-25,22,Vyeie0ioxnK7RCLsBm2tmEZz644=,5+rL83Jj4hf3wRdIZy75mwoUjso=
-26,22,Vyeie0ioxnK7RCLsBm2tmEZz644=,5+rL83Jj4hf3wRdIZy75mwoUjso=
-17,18,Vyeie0ioxnK7RCLsBm2tmEZz644=,5+rL83Jj4hf3wRdIZy75mwoUjso=
-27,22,Vyeie0ioxnK7RCLsBm2tmEZz644=,5+rL83Jj4hf3wRdIZy75mwoUjso=
-29,22,Vyeie0ioxnK7RCLsBm2tmEZz644=,5+rL83Jj4hf3wRdIZy75mwoUjso=
-28,22,Vyeie0ioxnK7RCLsBm2tmEZz644=,5+rL83Jj4hf3wRdIZy75mwoUjso=
-31,22,Vyeie0ioxnK7RCLsBm2tmEZz644=,5+rL83Jj4hf3wRdIZy75mwoUjso=
-30,22,Vyeie0ioxnK7RCLsBm2tmEZz644=,5+rL83Jj4hf3wRdIZy75mwoUjso=
-32,19,Vyeie0ioxnK7RCLsBm2tmEZz644=,5+rL83Jj4hf3wRdIZy75mwoUjso=
-27,16,Vyeie0ioxnK7RCLsBm2tmEZz644=,5+rL83Jj4hf3wRdIZy75mwoUjso=
-32,22,Vyeie0ioxnK7RCLsBm2tmEZz644=,5+rL83Jj4hf3wRdIZy75mwoUjso=
-17,21,Vyeie0ioxnK7RCLsBm2tmEZz644=,5+rL83Jj4hf3wRdIZy75mwoUjso=
-18,21,Vyeie0ioxnK7RCLsBm2tmEZz644=,5+rL83Jj4hf3wRdIZy75mwoUjso=
-30,16,Vyeie0ioxnK7RCLsBm2tmEZz644=,5+rL83Jj4hf3wRdIZy75mwoUjso=
-19,21,Vyeie0ioxnK7RCLsBm2tmEZz644=,5+rL83Jj4hf3wRdIZy75mwoUjso=
-20,21,Vyeie0ioxnK7RCLsBm2tmEZz644=,5+rL83Jj4hf3wRdIZy75mwoUjso=
-21,21,Vyeie0ioxnK7RCLsBm2tmEZz644=,5+rL83Jj4hf3wRdIZy75mwoUjso=
-23,21,Vyeie0ioxnK7RCLsBm2tmEZz644=,5+rL83Jj4hf3wRdIZy75mwoUjso=
-22,21,Vyeie0ioxnK7RCLsBm2tmEZz644=,5+rL83Jj4hf3wRdIZy75mwoUjso=
-24,21,Vyeie0ioxnK7RCLsBm2tmEZz644=,5+rL83Jj4hf3wRdIZy75mwoUjso=
-25,21,Vyeie0ioxnK7RCLsBm2tmEZz644=,5+rL83Jj4hf3wRdIZy75mwoUjso=
-27,21,Vyeie0ioxnK7RCLsBm2tmEZz644=,5+rL83Jj4hf3wRdIZy75mwoUjso=
-30,21,Vyeie0ioxnK7RCLsBm2tmEZz644=,5+rL83Jj4hf3wRdIZy75mwoUjso=
-26,21,Vyeie0ioxnK7RCLsBm2tmEZz644=,5+rL83Jj4hf3wRdIZy75mwoUjso=
-31,19,Vyeie0ioxnK7RCLsBm2tmEZz644=,5+rL83Jj4hf3wRdIZy75mwoUjso=
-28,21,Vyeie0ioxnK7RCLsBm2tmEZz644=,5+rL83Jj4hf3wRdIZy75mwoUjso=
-29,21,Vyeie0ioxnK7RCLsBm2tmEZz644=,5+rL83Jj4hf3wRdIZy75mwoUjso=
-31,21,Vyeie0ioxnK7RCLsBm2tmEZz644=,5+rL83Jj4hf3wRdIZy75mwoUjso=
-28,16,Vyeie0ioxnK7RCLsBm2tmEZz644=,5+rL83Jj4hf3wRdIZy75mwoUjso=
-32,21,Vyeie0ioxnK7RCLsBm2tmEZz644=,5+rL83Jj4hf3wRdIZy75mwoUjso=
-30,19,Vyeie0ioxnK7RCLsBm2tmEZz644=,5+rL83Jj4hf3wRdIZy75mwoUjso=
-17,20,Vyeie0ioxnK7RCLsBm2tmEZz644=,5+rL83Jj4hf3wRdIZy75mwoUjso=
-18,20,Vyeie0ioxnK7RCLsBm2tmEZz644=,5+rL83Jj4hf3wRdIZy75mwoUjso=
-19,20,Vyeie0ioxnK7RCLsBm2tmEZz644=,5+rL83Jj4hf3wRdIZy75mwoUjso=
-21,20,Vyeie0ioxnK7RCLsBm2tmEZz644=,5+rL83Jj4hf3wRdIZy75mwoUjso=
-20,20,Vyeie0ioxnK7RCLsBm2tmEZz644=,5+rL83Jj4hf3wRdIZy75mwoUjso=
-29,19,Vyeie0ioxnK7RCLsBm2tmEZz644=,5+rL83Jj4hf3wRdIZy75mwoUjso=
-22,20,Vyeie0ioxnK7RCLsBm2tmEZz644=,5+rL83Jj4hf3wRdIZy75mwoUjso=
-23,20,Vyeie0ioxnK7RCLsBm2tmEZz644=,5+rL83Jj4hf3wRdIZy75mwoUjso=
-24,20,Vyeie0ioxnK7RCLsBm2tmEZz644=,5+rL83Jj4hf3wRdIZy75mwoUjso=
-27,20,Vyeie0ioxnK7RCLsBm2tmEZz644=,5+rL83Jj4hf3wRdIZy75mwoUjso=
-25,20,Vyeie0ioxnK7RCLsBm2tmEZz644=,5+rL83Jj4hf3wRdIZy75mwoUjso=
-28,19,Vyeie0ioxnK7RCLsBm2tmEZz644=,5+rL83Jj4hf3wRdIZy75mwoUjso=
-26,20,Vyeie0ioxnK7RCLsBm2tmEZz644=,5+rL83Jj4hf3wRdIZy75mwoUjso=
-28,20,Vyeie0ioxnK7RCLsBm2tmEZz644=,5+rL83Jj4hf3wRdIZy75mwoUjso=
-29,20,Vyeie0ioxnK7RCLsBm2tmEZz644=,5+rL83Jj4hf3wRdIZy75mwoUjso=
-30,20,Vyeie0ioxnK7RCLsBm2tmEZz644=,5+rL83Jj4hf3wRdIZy75mwoUjso=
-31,20,Vyeie0ioxnK7RCLsBm2tmEZz644=,5+rL83Jj4hf3wRdIZy75mwoUjso=
-29,16,Vyeie0ioxnK7RCLsBm2tmEZz644=,5+rL83Jj4hf3wRdIZy75mwoUjso=
-32,20,Vyeie0ioxnK7RCLsBm2tmEZz644=,5+rL83Jj4hf3wRdIZy75mwoUjso=
-27,19,Vyeie0ioxnK7RCLsBm2tmEZz644=,5+rL83Jj4hf3wRdIZy75mwoUjso=
-17,19,Vyeie0ioxnK7RCLsBm2tmEZz644=,5+rL83Jj4hf3wRdIZy75mwoUjso=
-18,19,Vyeie0ioxnK7RCLsBm2tmEZz644=,5+rL83Jj4hf3wRdIZy75mwoUjso=
-20,19,Vyeie0ioxnK7RCLsBm2tmEZz644=,5+rL83Jj4hf3wRdIZy75mwoUjso=
-19,19,Vyeie0ioxnK7RCLsBm2tmEZz644=,5+rL83Jj4hf3wRdIZy75mwoUjso=
-21,19,Vyeie0ioxnK7RCLsBm2tmEZz644=,5+rL83Jj4hf3wRdIZy75mwoUjso=
-22,19,Vyeie0ioxnK7RCLsBm2tmEZz644=,5+rL83Jj4hf3wRdIZy75mwoUjso=
-26,19,Vyeie0ioxnK7RCLsBm2tmEZz644=,5+rL83Jj4hf3wRdIZy75mwoUjso=
-23,19,Vyeie0ioxnK7RCLsBm2tmEZz644=,5+rL83Jj4hf3wRdIZy75mwoUjso=
-25,19,Vyeie0ioxnK7RCLsBm2tmEZz644=,5+rL83Jj4hf3wRdIZy75mwoUjso=
-24,19,Vyeie0ioxnK7RCLsBm2tmEZz644=,5+rL83Jj4hf3wRdIZy75mwoUjso=
-1,31,Vyeie0ioxnK7RCLsBm2tmEZz644=,5+rL83Jj4hf3wRdIZy75mwoUjso=
-2,31,aakTbYXzWuo3rKmt2pnC+t0arOw=,5+rL83Jj4hf3wRdIZy75mwoUjso=
-15,17,aakTbYXzWuo3rKmt2pnC+t0arOw=,5+rL83Jj4hf3wRdIZy75mwoUjso=
-16,17,aakTbYXzWuo3rKmt2pnC+t0arOw=,5+rL83Jj4hf3wRdIZy75mwoUjso=
-13,17,aakTbYXzWuo3rKmt2pnC+t0arOw=,5+rL83Jj4hf3wRdIZy75mwoUjso=
-12,17,aakTbYXzWuo3rKmt2pnC+t0arOw=,5+rL83Jj4hf3wRdIZy75mwoUjso=
-14,17,aakTbYXzWuo3rKmt2pnC+t0arOw=,5+rL83Jj4hf3wRdIZy75mwoUjso=
-11,17,aakTbYXzWuo3rKmt2pnC+t0arOw=,5+rL83Jj4hf3wRdIZy75mwoUjso=
-10,17,aakTbYXzWuo3rKmt2pnC+t0arOw=,5+rL83Jj4hf3wRdIZy75mwoUjso=
-2,16,aakTbYXzWuo3rKmt2pnC+t0arOw=,5+rL83Jj4hf3wRdIZy75mwoUjso=
-6,16,aakTbYXzWuo3rKmt2pnC+t0arOw=,5+rL83Jj4hf3wRdIZy75mwoUjso=
-3,16,aakTbYXzWuo3rKmt2pnC+t0arOw=,5+rL83Jj4hf3wRdIZy75mwoUjso=
-1,16,aakTbYXzWuo3rKmt2pnC+t0arOw=,5+rL83Jj4hf3wRdIZy75mwoUjso=
-11,16,aakTbYXzWuo3rKmt2pnC+t0arOw=,5+rL83Jj4hf3wRdIZy75mwoUjso=
-7,16,aakTbYXzWuo3rKmt2pnC+t0arOw=,5+rL83Jj4hf3wRdIZy75mwoUjso=
-12,16,aakTbYXzWuo3rKmt2pnC+t0arOw=,5+rL83Jj4hf3wRdIZy75mwoUjso=
-13,16,aakTbYXzWuo3rKmt2pnC+t0arOw=,5+rL83Jj4hf3wRdIZy75mwoUjso=
-3,31,aakTbYXzWuo3rKmt2pnC+t0arOw=,5+rL83Jj4hf3wRdIZy75mwoUjso=
-14,16,aakTbYXzWuo3rKmt2pnC+t0arOw=,5+rL83Jj4hf3wRdIZy75mwoUjso=
-15,16,aakTbYXzWuo3rKmt2pnC+t0arOw=,5+rL83Jj4hf3wRdIZy75mwoUjso=
-5,16,aakTbYXzWuo3rKmt2pnC+t0arOw=,5+rL83Jj4hf3wRdIZy75mwoUjso=
-16,16,aakTbYXzWuo3rKmt2pnC+t0arOw=,5+rL83Jj4hf3wRdIZy75mwoUjso=
-4,31,aakTbYXzWuo3rKmt2pnC+t0arOw=,5+rL83Jj4hf3wRdIZy75mwoUjso=
-5,31,aakTbYXzWuo3rKmt2pnC+t0arOw=,5+rL83Jj4hf3wRdIZy75mwoUjso=
-9,17,Vyeie0ioxnK7RCLsBm2tmEZz644=,5+rL83Jj4hf3wRdIZy75mwoUjso=
-6,31,aakTbYXzWuo3rKmt2pnC+t0arOw=,5+rL83Jj4hf3wRdIZy75mwoUjso=
-7,31,aakTbYXzWuo3rKmt2pnC+t0arOw=,5+rL83Jj4hf3wRdIZy75mwoUjso=
-8,31,aakTbYXzWuo3rKmt2pnC+t0arOw=,5+rL83Jj4hf3wRdIZy75mwoUjso=
-9,31,aakTbYXzWuo3rKmt2pnC+t0arOw=,5+rL83Jj4hf3wRdIZy75mwoUjso=
-10,31,aakTbYXzWuo3rKmt2pnC+t0arOw=,5+rL83Jj4hf3wRdIZy75mwoUjso=
-11,31,aakTbYXzWuo3rKmt2pnC+t0arOw=,5+rL83Jj4hf3wRdIZy75mwoUjso=
-12,31,aakTbYXzWuo3rKmt2pnC+t0arOw=,5+rL83Jj4hf3wRdIZy75mwoUjso=
-4,16,aakTbYXzWuo3rKmt2pnC+t0arOw=,5+rL83Jj4hf3wRdIZy75mwoUjso=
-13,31,aakTbYXzWuo3rKmt2pnC+t0arOw=,5+rL83Jj4hf3wRdIZy75mwoUjso=
-16,31,aakTbYXzWuo3rKmt2pnC+t0arOw=,5+rL83Jj4hf3wRdIZy75mwoUjso=
-14,31,aakTbYXzWuo3rKmt2pnC+t0arOw=,5+rL83Jj4hf3wRdIZy75mwoUjso=
-1,30,aakTbYXzWuo3rKmt2pnC+t0arOw=,5+rL83Jj4hf3wRdIZy75mwoUjso=
-15,31,aakTbYXzWuo3rKmt2pnC+t0arOw=,5+rL83Jj4hf3wRdIZy75mwoUjso=
-2,30,aakTbYXzWuo3rKmt2pnC+t0arOw=,5+rL83Jj4hf3wRdIZy75mwoUjso=
-3,30,aakTbYXzWuo3rKmt2pnC+t0arOw=,5+rL83Jj4hf3wRdIZy75mwoUjso=
-4,30,aakTbYXzWuo3rKmt2pnC+t0arOw=,5+rL83Jj4hf3wRdIZy75mwoUjso=
-5,30,aakTbYXzWuo3rKmt2pnC+t0arOw=,5+rL83Jj4hf3wRdIZy75mwoUjso=
-6,30,aakTbYXzWuo3rKmt2pnC+t0arOw=,5+rL83Jj4hf3wRdIZy75mwoUjso=
-7,30,aakTbYXzWuo3rKmt2pnC+t0arOw=,5+rL83Jj4hf3wRdIZy75mwoUjso=
-9,30,aakTbYXzWuo3rKmt2pnC+t0arOw=,5+rL83Jj4hf3wRdIZy75mwoUjso=
-8,30,aakTbYXzWuo3rKmt2pnC+t0arOw=,5+rL83Jj4hf3wRdIZy75mwoUjso=
-10,30,aakTbYXzWuo3rKmt2pnC+t0arOw=,5+rL83Jj4hf3wRdIZy75mwoUjso=
-11,30,aakTbYXzWuo3rKmt2pnC+t0arOw=,5+rL83Jj4hf3wRdIZy75mwoUjso=
-13,30,aakTbYXzWuo3rKmt2pnC+t0arOw=,5+rL83Jj4hf3wRdIZy75mwoUjso=
-12,30,aakTbYXzWuo3rKmt2pnC+t0arOw=,5+rL83Jj4hf3wRdIZy75mwoUjso=
-14,30,aakTbYXzWuo3rKmt2pnC+t0arOw=,5+rL83Jj4hf3wRdIZy75mwoUjso=
-15,30,aakTbYXzWuo3rKmt2pnC+t0arOw=,5+rL83Jj4hf3wRdIZy75mwoUjso=
-16,30,aakTbYXzWuo3rKmt2pnC+t0arOw=,5+rL83Jj4hf3wRdIZy75mwoUjso=
-1,29,aakTbYXzWuo3rKmt2pnC+t0arOw=,5+rL83Jj4hf3wRdIZy75mwoUjso=
-2,29,aakTbYXzWuo3rKmt2pnC+t0arOw=,5+rL83Jj4hf3wRdIZy75mwoUjso=
-4,29,aakTbYXzWuo3rKmt2pnC+t0arOw=,5+rL83Jj4hf3wRdIZy75mwoUjso=
-3,29,aakTbYXzWuo3rKmt2pnC+t0arOw=,5+rL83Jj4hf3wRdIZy75mwoUjso=
-5,29,aakTbYXzWuo3rKmt2pnC+t0arOw=,5+rL83Jj4hf3wRdIZy75mwoUjso=
-6,29,aakTbYXzWuo3rKmt2pnC+t0arOw=,5+rL83Jj4hf3wRdIZy75mwoUjso=
-8,29,aakTbYXzWuo3rKmt2pnC+t0arOw=,5+rL83Jj4hf3wRdIZy75mwoUjso=
-7,29,aakTbYXzWuo3rKmt2pnC+t0arOw=,5+rL83Jj4hf3wRdIZy75mwoUjso=
-9,29,aakTbYXzWuo3rKmt2pnC+t0arOw=,5+rL83Jj4hf3wRdIZy75mwoUjso=
-10,29,aakTbYXzWuo3rKmt2pnC+t0arOw=,5+rL83Jj4hf3wRdIZy75mwoUjso=
-11,29,aakTbYXzWuo3rKmt2pnC+t0arOw=,5+rL83Jj4hf3wRdIZy75mwoUjso=
-12,29,aakTbYXzWuo3rKmt2pnC+t0arOw=,5+rL83Jj4hf3wRdIZy75mwoUjso=
-14,29,aakTbYXzWuo3rKmt2pnC+t0arOw=,5+rL83Jj4hf3wRdIZy75mwoUjso=
-13,29,aakTbYXzWuo3rKmt2pnC+t0arOw=,5+rL83Jj4hf3wRdIZy75mwoUjso=
-16,29,aakTbYXzWuo3rKmt2pnC+t0arOw=,5+rL83Jj4hf3wRdIZy75mwoUjso=
-15,29,aakTbYXzWuo3rKmt2pnC+t0arOw=,5+rL83Jj4hf3wRdIZy75mwoUjso=
-1,28,aakTbYXzWuo3rKmt2pnC+t0arOw=,5+rL83Jj4hf3wRdIZy75mwoUjso=
-2,28,aakTbYXzWuo3rKmt2pnC+t0arOw=,5+rL83Jj4hf3wRdIZy75mwoUjso=
-3,28,aakTbYXzWuo3rKmt2pnC+t0arOw=,5+rL83Jj4hf3wRdIZy75mwoUjso=
-5,28,aakTbYXzWuo3rKmt2pnC+t0arOw=,5+rL83Jj4hf3wRdIZy75mwoUjso=
-4,28,aakTbYXzWuo3rKmt2pnC+t0arOw=,5+rL83Jj4hf3wRdIZy75mwoUjso=
-6,28,aakTbYXzWuo3rKmt2pnC+t0arOw=,5+rL83Jj4hf3wRdIZy75mwoUjso=
-9,28,aakTbYXzWuo3rKmt2pnC+t0arOw=,5+rL83Jj4hf3wRdIZy75mwoUjso=
-8,28,aakTbYXzWuo3rKmt2pnC+t0arOw=,5+rL83Jj4hf3wRdIZy75mwoUjso=
-7,28,aakTbYXzWuo3rKmt2pnC+t0arOw=,5+rL83Jj4hf3wRdIZy75mwoUjso=
-10,28,aakTbYXzWuo3rKmt2pnC+t0arOw=,5+rL83Jj4hf3wRdIZy75mwoUjso=
-13,28,aakTbYXzWuo3rKmt2pnC+t0arOw=,5+rL83Jj4hf3wRdIZy75mwoUjso=
-11,28,aakTbYXzWuo3rKmt2pnC+t0arOw=,5+rL83Jj4hf3wRdIZy75mwoUjso=
-12,28,aakTbYXzWuo3rKmt2pnC+t0arOw=,5+rL83Jj4hf3wRdIZy75mwoUjso=
-14,28,aakTbYXzWuo3rKmt2pnC+t0arOw=,5+rL83Jj4hf3wRdIZy75mwoUjso=
-15,28,aakTbYXzWuo3rKmt2pnC+t0arOw=,5+rL83Jj4hf3wRdIZy75mwoUjso=
-16,28,aakTbYXzWuo3rKmt2pnC+t0arOw=,5+rL83Jj4hf3wRdIZy75mwoUjso=
-1,27,aakTbYXzWuo3rKmt2pnC+t0arOw=,5+rL83Jj4hf3wRdIZy75mwoUjso=
-3,27,aakTbYXzWuo3rKmt2pnC+t0arOw=,5+rL83Jj4hf3wRdIZy75mwoUjso=
-2,27,aakTbYXzWuo3rKmt2pnC+t0arOw=,5+rL83Jj4hf3wRdIZy75mwoUjso=
-4,27,aakTbYXzWuo3rKmt2pnC+t0arOw=,5+rL83Jj4hf3wRdIZy75mwoUjso=
-5,27,aakTbYXzWuo3rKmt2pnC+t0arOw=,5+rL83Jj4hf3wRdIZy75mwoUjso=
-6,27,aakTbYXzWuo3rKmt2pnC+t0arOw=,5+rL83Jj4hf3wRdIZy75mwoUjso=
-7,27,aakTbYXzWuo3rKmt2pnC+t0arOw=,5+rL83Jj4hf3wRdIZy75mwoUjso=
-8,27,aakTbYXzWuo3rKmt2pnC+t0arOw=,5+rL83Jj4hf3wRdIZy75mwoUjso=
-9,27,aakTbYXzWuo3rKmt2pnC+t0arOw=,5+rL83Jj4hf3wRdIZy75mwoUjso=
-10,27,aakTbYXzWuo3rKmt2pnC+t0arOw=,5+rL83Jj4hf3wRdIZy75mwoUjso=
-11,27,aakTbYXzWuo3rKmt2pnC+t0arOw=,5+rL83Jj4hf3wRdIZy75mwoUjso=
-13,27,aakTbYXzWuo3rKmt2pnC+t0arOw=,5+rL83Jj4hf3wRdIZy75mwoUjso=
-12,27,aakTbYXzWuo3rKmt2pnC+t0arOw=,5+rL83Jj4hf3wRdIZy75mwoUjso=
-14,27,aakTbYXzWuo3rKmt2pnC+t0arOw=,5+rL83Jj4hf3wRdIZy75mwoUjso=
-16,27,aakTbYXzWuo3rKmt2pnC+t0arOw=,5+rL83Jj4hf3wRdIZy75mwoUjso=
-15,27,aakTbYXzWuo3rKmt2pnC+t0arOw=,5+rL83Jj4hf3wRdIZy75mwoUjso=
-1,26,aakTbYXzWuo3rKmt2pnC+t0arOw=,5+rL83Jj4hf3wRdIZy75mwoUjso=
-2,26,aakTbYXzWuo3rKmt2pnC+t0arOw=,5+rL83Jj4hf3wRdIZy75mwoUjso=
-3,26,aakTbYXzWuo3rKmt2pnC+t0arOw=,5+rL83Jj4hf3wRdIZy75mwoUjso=
-4,26,aakTbYXzWuo3rKmt2pnC+t0arOw=,5+rL83Jj4hf3wRdIZy75mwoUjso=
-5,26,aakTbYXzWuo3rKmt2pnC+t0arOw=,5+rL83Jj4hf3wRdIZy75mwoUjso=
-6,26,aakTbYXzWuo3rKmt2pnC+t0arOw=,5+rL83Jj4hf3wRdIZy75mwoUjso=
-10,16,aakTbYXzWuo3rKmt2pnC+t0arOw=,5+rL83Jj4hf3wRdIZy75mwoUjso=
-7,26,aakTbYXzWuo3rKmt2pnC+t0arOw=,5+rL83Jj4hf3wRdIZy75mwoUjso=
-8,26,aakTbYXzWuo3rKmt2pnC+t0arOw=,5+rL83Jj4hf3wRdIZy75mwoUjso=
-9,26,aakTbYXzWuo3rKmt2pnC+t0arOw=,5+rL83Jj4hf3wRdIZy75mwoUjso=
-10,26,aakTbYXzWuo3rKmt2pnC+t0arOw=,5+rL83Jj4hf3wRdIZy75mwoUjso=
-12,26,aakTbYXzWuo3rKmt2pnC+t0arOw=,5+rL83Jj4hf3wRdIZy75mwoUjso=
-13,26,aakTbYXzWuo3rKmt2pnC+t0arOw=,5+rL83Jj4hf3wRdIZy75mwoUjso=
-11,26,aakTbYXzWuo3rKmt2pnC+t0arOw=,5+rL83Jj4hf3wRdIZy75mwoUjso=
-8,16,aakTbYXzWuo3rKmt2pnC+t0arOw=,5+rL83Jj4hf3wRdIZy75mwoUjso=
-16,26,aakTbYXzWuo3rKmt2pnC+t0arOw=,5+rL83Jj4hf3wRdIZy75mwoUjso=
-14,26,aakTbYXzWuo3rKmt2pnC+t0arOw=,5+rL83Jj4hf3wRdIZy75mwoUjso=
-15,26,aakTbYXzWuo3rKmt2pnC+t0arOw=,5+rL83Jj4hf3wRdIZy75mwoUjso=
-1,25,aakTbYXzWuo3rKmt2pnC+t0arOw=,5+rL83Jj4hf3wRdIZy75mwoUjso=
-2,25,aakTbYXzWuo3rKmt2pnC+t0arOw=,5+rL83Jj4hf3wRdIZy75mwoUjso=
-3,25,aakTbYXzWuo3rKmt2pnC+t0arOw=,5+rL83Jj4hf3wRdIZy75mwoUjso=
-4,25,aakTbYXzWuo3rKmt2pnC+t0arOw=,5+rL83Jj4hf3wRdIZy75mwoUjso=
-5,25,aakTbYXzWuo3rKmt2pnC+t0arOw=,5+rL83Jj4hf3wRdIZy75mwoUjso=
-7,25,aakTbYXzWuo3rKmt2pnC+t0arOw=,5+rL83Jj4hf3wRdIZy75mwoUjso=
-6,25,aakTbYXzWuo3rKmt2pnC+t0arOw=,5+rL83Jj4hf3wRdIZy75mwoUjso=
-8,25,aakTbYXzWuo3rKmt2pnC+t0arOw=,5+rL83Jj4hf3wRdIZy75mwoUjso=
-9,25,aakTbYXzWuo3rKmt2pnC+t0arOw=,5+rL83Jj4hf3wRdIZy75mwoUjso=
-11,25,aakTbYXzWuo3rKmt2pnC+t0arOw=,5+rL83Jj4hf3wRdIZy75mwoUjso=
-10,25,aakTbYXzWuo3rKmt2pnC+t0arOw=,5+rL83Jj4hf3wRdIZy75mwoUjso=
-12,25,aakTbYXzWuo3rKmt2pnC+t0arOw=,5+rL83Jj4hf3wRdIZy75mwoUjso=
-13,25,aakTbYXzWuo3rKmt2pnC+t0arOw=,5+rL83Jj4hf3wRdIZy75mwoUjso=
-15,25,aakTbYXzWuo3rKmt2pnC+t0arOw=,5+rL83Jj4hf3wRdIZy75mwoUjso=
-14,25,aakTbYXzWuo3rKmt2pnC+t0arOw=,5+rL83Jj4hf3wRdIZy75mwoUjso=
-16,25,aakTbYXzWuo3rKmt2pnC+t0arOw=,5+rL83Jj4hf3wRdIZy75mwoUjso=
-1,24,aakTbYXzWuo3rKmt2pnC+t0arOw=,5+rL83Jj4hf3wRdIZy75mwoUjso=
-3,24,aakTbYXzWuo3rKmt2pnC+t0arOw=,5+rL83Jj4hf3wRdIZy75mwoUjso=
-2,24,aakTbYXzWuo3rKmt2pnC+t0arOw=,5+rL83Jj4hf3wRdIZy75mwoUjso=
-4,24,aakTbYXzWuo3rKmt2pnC+t0arOw=,5+rL83Jj4hf3wRdIZy75mwoUjso=
-5,24,aakTbYXzWuo3rKmt2pnC+t0arOw=,5+rL83Jj4hf3wRdIZy75mwoUjso=
-6,24,aakTbYXzWuo3rKmt2pnC+t0arOw=,5+rL83Jj4hf3wRdIZy75mwoUjso=
-7,24,aakTbYXzWuo3rKmt2pnC+t0arOw=,5+rL83Jj4hf3wRdIZy75mwoUjso=
-8,24,aakTbYXzWuo3rKmt2pnC+t0arOw=,5+rL83Jj4hf3wRdIZy75mwoUjso=
-9,24,aakTbYXzWuo3rKmt2pnC+t0arOw=,5+rL83Jj4hf3wRdIZy75mwoUjso=
-10,24,aakTbYXzWuo3rKmt2pnC+t0arOw=,5+rL83Jj4hf3wRdIZy75mwoUjso=
-11,24,aakTbYXzWuo3rKmt2pnC+t0arOw=,5+rL83Jj4hf3wRdIZy75mwoUjso=
-12,24,aakTbYXzWuo3rKmt2pnC+t0arOw=,5+rL83Jj4hf3wRdIZy75mwoUjso=
-13,24,aakTbYXzWuo3rKmt2pnC+t0arOw=,5+rL83Jj4hf3wRdIZy75mwoUjso=
-16,24,aakTbYXzWuo3rKmt2pnC+t0arOw=,5+rL83Jj4hf3wRdIZy75mwoUjso=
-15,24,aakTbYXzWuo3rKmt2pnC+t0arOw=,5+rL83Jj4hf3wRdIZy75mwoUjso=
-14,24,aakTbYXzWuo3rKmt2pnC+t0arOw=,5+rL83Jj4hf3wRdIZy75mwoUjso=
-1,23,aakTbYXzWuo3rKmt2pnC+t0arOw=,5+rL83Jj4hf3wRdIZy75mwoUjso=
-2,23,aakTbYXzWuo3rKmt2pnC+t0arOw=,5+rL83Jj4hf3wRdIZy75mwoUjso=
-5,23,aakTbYXzWuo3rKmt2pnC+t0arOw=,5+rL83Jj4hf3wRdIZy75mwoUjso=
-4,23,aakTbYXzWuo3rKmt2pnC+t0arOw=,5+rL83Jj4hf3wRdIZy75mwoUjso=
-6,23,aakTbYXzWuo3rKmt2pnC+t0arOw=,5+rL83Jj4hf3wRdIZy75mwoUjso=
-3,23,aakTbYXzWuo3rKmt2pnC+t0arOw=,5+rL83Jj4hf3wRdIZy75mwoUjso=
-8,23,aakTbYXzWuo3rKmt2pnC+t0arOw=,5+rL83Jj4hf3wRdIZy75mwoUjso=
-7,23,aakTbYXzWuo3rKmt2pnC+t0arOw=,5+rL83Jj4hf3wRdIZy75mwoUjso=
-9,23,aakTbYXzWuo3rKmt2pnC+t0arOw=,5+rL83Jj4hf3wRdIZy75mwoUjso=
-11,23,aakTbYXzWuo3rKmt2pnC+t0arOw=,5+rL83Jj4hf3wRdIZy75mwoUjso=
-10,23,aakTbYXzWuo3rKmt2pnC+t0arOw=,5+rL83Jj4hf3wRdIZy75mwoUjso=
-12,23,aakTbYXzWuo3rKmt2pnC+t0arOw=,5+rL83Jj4hf3wRdIZy75mwoUjso=
-13,23,aakTbYXzWuo3rKmt2pnC+t0arOw=,5+rL83Jj4hf3wRdIZy75mwoUjso=
-14,23,aakTbYXzWuo3rKmt2pnC+t0arOw=,5+rL83Jj4hf3wRdIZy75mwoUjso=
-15,23,aakTbYXzWuo3rKmt2pnC+t0arOw=,5+rL83Jj4hf3wRdIZy75mwoUjso=
-16,23,aakTbYXzWuo3rKmt2pnC+t0arOw=,5+rL83Jj4hf3wRdIZy75mwoUjso=
-1,22,aakTbYXzWuo3rKmt2pnC+t0arOw=,5+rL83Jj4hf3wRdIZy75mwoUjso=
-2,22,aakTbYXzWuo3rKmt2pnC+t0arOw=,5+rL83Jj4hf3wRdIZy75mwoUjso=
-4,22,aakTbYXzWuo3rKmt2pnC+t0arOw=,5+rL83Jj4hf3wRdIZy75mwoUjso=
-3,22,aakTbYXzWuo3rKmt2pnC+t0arOw=,5+rL83Jj4hf3wRdIZy75mwoUjso=
-5,22,aakTbYXzWuo3rKmt2pnC+t0arOw=,5+rL83Jj4hf3wRdIZy75mwoUjso=
-6,22,aakTbYXzWuo3rKmt2pnC+t0arOw=,5+rL83Jj4hf3wRdIZy75mwoUjso=
-7,22,aakTbYXzWuo3rKmt2pnC+t0arOw=,5+rL83Jj4hf3wRdIZy75mwoUjso=
-9,22,aakTbYXzWuo3rKmt2pnC+t0arOw=,5+rL83Jj4hf3wRdIZy75mwoUjso=
-8,22,aakTbYXzWuo3rKmt2pnC+t0arOw=,5+rL83Jj4hf3wRdIZy75mwoUjso=
-10,22,aakTbYXzWuo3rKmt2pnC+t0arOw=,5+rL83Jj4hf3wRdIZy75mwoUjso=
-11,22,aakTbYXzWuo3rKmt2pnC+t0arOw=,5+rL83Jj4hf3wRdIZy75mwoUjso=
-12,22,aakTbYXzWuo3rKmt2pnC+t0arOw=,5+rL83Jj4hf3wRdIZy75mwoUjso=
-13,22,aakTbYXzWuo3rKmt2pnC+t0arOw=,5+rL83Jj4hf3wRdIZy75mwoUjso=
-14,22,aakTbYXzWuo3rKmt2pnC+t0arOw=,5+rL83Jj4hf3wRdIZy75mwoUjso=
-15,22,aakTbYXzWuo3rKmt2pnC+t0arOw=,5+rL83Jj4hf3wRdIZy75mwoUjso=
-16,22,aakTbYXzWuo3rKmt2pnC+t0arOw=,5+rL83Jj4hf3wRdIZy75mwoUjso=
-1,21,aakTbYXzWuo3rKmt2pnC+t0arOw=,5+rL83Jj4hf3wRdIZy75mwoUjso=
-2,21,aakTbYXzWuo3rKmt2pnC+t0arOw=,5+rL83Jj4hf3wRdIZy75mwoUjso=
-3,21,aakTbYXzWuo3rKmt2pnC+t0arOw=,5+rL83Jj4hf3wRdIZy75mwoUjso=
-4,21,aakTbYXzWuo3rKmt2pnC+t0arOw=,5+rL83Jj4hf3wRdIZy75mwoUjso=
-5,21,aakTbYXzWuo3rKmt2pnC+t0arOw=,5+rL83Jj4hf3wRdIZy75mwoUjso=
-7,21,aakTbYXzWuo3rKmt2pnC+t0arOw=,5+rL83Jj4hf3wRdIZy75mwoUjso=
-6,21,aakTbYXzWuo3rKmt2pnC+t0arOw=,5+rL83Jj4hf3wRdIZy75mwoUjso=
-8,21,aakTbYXzWuo3rKmt2pnC+t0arOw=,5+rL83Jj4hf3wRdIZy75mwoUjso=
-10,21,aakTbYXzWuo3rKmt2pnC+t0arOw=,5+rL83Jj4hf3wRdIZy75mwoUjso=
-12,21,aakTbYXzWuo3rKmt2pnC+t0arOw=,5+rL83Jj4hf3wRdIZy75mwoUjso=
-9,21,aakTbYXzWuo3rKmt2pnC+t0arOw=,5+rL83Jj4hf3wRdIZy75mwoUjso=
-11,21,aakTbYXzWuo3rKmt2pnC+t0arOw=,5+rL83Jj4hf3wRdIZy75mwoUjso=
-13,21,aakTbYXzWuo3rKmt2pnC+t0arOw=,5+rL83Jj4hf3wRdIZy75mwoUjso=
-14,21,aakTbYXzWuo3rKmt2pnC+t0arOw=,5+rL83Jj4hf3wRdIZy75mwoUjso=
-15,21,aakTbYXzWuo3rKmt2pnC+t0arOw=,5+rL83Jj4hf3wRdIZy75mwoUjso=
-16,21,aakTbYXzWuo3rKmt2pnC+t0arOw=,5+rL83Jj4hf3wRdIZy75mwoUjso=
-9,16,aakTbYXzWuo3rKmt2pnC+t0arOw=,5+rL83Jj4hf3wRdIZy75mwoUjso=
-8,17,Vyeie0ioxnK7RCLsBm2tmEZz644=,5+rL83Jj4hf3wRdIZy75mwoUjso=
-2,20,aakTbYXzWuo3rKmt2pnC+t0arOw=,5+rL83Jj4hf3wRdIZy75mwoUjso=
-6,20,aakTbYXzWuo3rKmt2pnC+t0arOw=,5+rL83Jj4hf3wRdIZy75mwoUjso=
-3,20,aakTbYXzWuo3rKmt2pnC+t0arOw=,5+rL83Jj4hf3wRdIZy75mwoUjso=
-9,20,aakTbYXzWuo3rKmt2pnC+t0arOw=,5+rL83Jj4hf3wRdIZy75mwoUjso=
-10,20,aakTbYXzWuo3rKmt2pnC+t0arOw=,5+rL83Jj4hf3wRdIZy75mwoUjso=
-11,20,aakTbYXzWuo3rKmt2pnC+t0arOw=,5+rL83Jj4hf3wRdIZy75mwoUjso=
-12,20,aakTbYXzWuo3rKmt2pnC+t0arOw=,5+rL83Jj4hf3wRdIZy75mwoUjso=
-13,20,aakTbYXzWuo3rKmt2pnC+t0arOw=,5+rL83Jj4hf3wRdIZy75mwoUjso=
-14,20,aakTbYXzWuo3rKmt2pnC+t0arOw=,5+rL83Jj4hf3wRdIZy75mwoUjso=
-15,20,aakTbYXzWuo3rKmt2pnC+t0arOw=,5+rL83Jj4hf3wRdIZy75mwoUjso=
-16,20,aakTbYXzWuo3rKmt2pnC+t0arOw=,5+rL83Jj4hf3wRdIZy75mwoUjso=
-1,20,aakTbYXzWuo3rKmt2pnC+t0arOw=,5+rL83Jj4hf3wRdIZy75mwoUjso=
-4,20,aakTbYXzWuo3rKmt2pnC+t0arOw=,5+rL83Jj4hf3wRdIZy75mwoUjso=
-8,20,aakTbYXzWuo3rKmt2pnC+t0arOw=,5+rL83Jj4hf3wRdIZy75mwoUjso=
-7,20,aakTbYXzWuo3rKmt2pnC+t0arOw=,5+rL83Jj4hf3wRdIZy75mwoUjso=
-5,20,aakTbYXzWuo3rKmt2pnC+t0arOw=,5+rL83Jj4hf3wRdIZy75mwoUjso=
-7,17,Vyeie0ioxnK7RCLsBm2tmEZz644=,5+rL83Jj4hf3wRdIZy75mwoUjso=
-5,19,aakTbYXzWuo3rKmt2pnC+t0arOw=,5+rL83Jj4hf3wRdIZy75mwoUjso=
-2,19,aakTbYXzWuo3rKmt2pnC+t0arOw=,5+rL83Jj4hf3wRdIZy75mwoUjso=
-3,19,aakTbYXzWuo3rKmt2pnC+t0arOw=,5+rL83Jj4hf3wRdIZy75mwoUjso=
-1,19,aakTbYXzWuo3rKmt2pnC+t0arOw=,5+rL83Jj4hf3wRdIZy75mwoUjso=
-10,19,aakTbYXzWuo3rKmt2pnC+t0arOw=,5+rL83Jj4hf3wRdIZy75mwoUjso=
-11,19,aakTbYXzWuo3rKmt2pnC+t0arOw=,5+rL83Jj4hf3wRdIZy75mwoUjso=
-12,19,aakTbYXzWuo3rKmt2pnC+t0arOw=,5+rL83Jj4hf3wRdIZy75mwoUjso=
-13,19,aakTbYXzWuo3rKmt2pnC+t0arOw=,5+rL83Jj4hf3wRdIZy75mwoUjso=
-14,19,aakTbYXzWuo3rKmt2pnC+t0arOw=,5+rL83Jj4hf3wRdIZy75mwoUjso=
-15,19,aakTbYXzWuo3rKmt2pnC+t0arOw=,5+rL83Jj4hf3wRdIZy75mwoUjso=
-4,19,aakTbYXzWuo3rKmt2pnC+t0arOw=,5+rL83Jj4hf3wRdIZy75mwoUjso=
-16,19,aakTbYXzWuo3rKmt2pnC+t0arOw=,5+rL83Jj4hf3wRdIZy75mwoUjso=
-6,19,aakTbYXzWuo3rKmt2pnC+t0arOw=,5+rL83Jj4hf3wRdIZy75mwoUjso=
-6,17,Vyeie0ioxnK7RCLsBm2tmEZz644=,5+rL83Jj4hf3wRdIZy75mwoUjso=
-8,19,aakTbYXzWuo3rKmt2pnC+t0arOw=,5+rL83Jj4hf3wRdIZy75mwoUjso=
-9,19,aakTbYXzWuo3rKmt2pnC+t0arOw=,5+rL83Jj4hf3wRdIZy75mwoUjso=
-1,18,aakTbYXzWuo3rKmt2pnC+t0arOw=,5+rL83Jj4hf3wRdIZy75mwoUjso=
-7,19,aakTbYXzWuo3rKmt2pnC+t0arOw=,5+rL83Jj4hf3wRdIZy75mwoUjso=
-5,17,Vyeie0ioxnK7RCLsBm2tmEZz644=,5+rL83Jj4hf3wRdIZy75mwoUjso=
-4,18,aakTbYXzWuo3rKmt2pnC+t0arOw=,5+rL83Jj4hf3wRdIZy75mwoUjso=
-2,18,aakTbYXzWuo3rKmt2pnC+t0arOw=,5+rL83Jj4hf3wRdIZy75mwoUjso=
-3,18,aakTbYXzWuo3rKmt2pnC+t0arOw=,5+rL83Jj4hf3wRdIZy75mwoUjso=
-11,18,aakTbYXzWuo3rKmt2pnC+t0arOw=,5+rL83Jj4hf3wRdIZy75mwoUjso=
-10,18,aakTbYXzWuo3rKmt2pnC+t0arOw=,5+rL83Jj4hf3wRdIZy75mwoUjso=
-12,18,aakTbYXzWuo3rKmt2pnC+t0arOw=,5+rL83Jj4hf3wRdIZy75mwoUjso=
-13,18,aakTbYXzWuo3rKmt2pnC+t0arOw=,5+rL83Jj4hf3wRdIZy75mwoUjso=
-14,18,aakTbYXzWuo3rKmt2pnC+t0arOw=,5+rL83Jj4hf3wRdIZy75mwoUjso=
-15,18,aakTbYXzWuo3rKmt2pnC+t0arOw=,5+rL83Jj4hf3wRdIZy75mwoUjso=
-16,18,aakTbYXzWuo3rKmt2pnC+t0arOw=,5+rL83Jj4hf3wRdIZy75mwoUjso=
-5,18,aakTbYXzWuo3rKmt2pnC+t0arOw=,5+rL83Jj4hf3wRdIZy75mwoUjso=
-4,17,aakTbYXzWuo3rKmt2pnC+t0arOw=,5+rL83Jj4hf3wRdIZy75mwoUjso=
-9,18,aakTbYXzWuo3rKmt2pnC+t0arOw=,5+rL83Jj4hf3wRdIZy75mwoUjso=
-6,18,aakTbYXzWuo3rKmt2pnC+t0arOw=,5+rL83Jj4hf3wRdIZy75mwoUjso=
-7,18,aakTbYXzWuo3rKmt2pnC+t0arOw=,5+rL83Jj4hf3wRdIZy75mwoUjso=
-2,17,Vyeie0ioxnK7RCLsBm2tmEZz644=,5+rL83Jj4hf3wRdIZy75mwoUjso=
-1,17,aakTbYXzWuo3rKmt2pnC+t0arOw=,5+rL83Jj4hf3wRdIZy75mwoUjso=
-8,18,aakTbYXzWuo3rKmt2pnC+t0arOw=,5+rL83Jj4hf3wRdIZy75mwoUjso=
-3,17,Vyeie0ioxnK7RCLsBm2tmEZz644=,5+rL83Jj4hf3wRdIZy75mwoUjso=
