-32,-224,+rgvsJWoj/UZjbYje97TVuOJqZU=,8u+WF/BWJZJndsQslgkRA+VRM8U=
-17,-224,+rgvsJWoj/UZjbYje97TVuOJqZU=,8u+WF/BWJZJndsQslgkRA+VRM8U=
-17,-209,+rgvsJWoj/UZjbYje97TVuOJqZU=,8u+WF/BWJZJndsQslgkRA+VRM8U=
-19,-209,+rgvsJWoj/UZjbYje97TVuOJqZU=,8u+WF/BWJZJndsQslgkRA+VRM8U=
-18,-223,+rgvsJWoj/UZjbYje97TVuOJqZU=,8u+WF/BWJZJndsQslgkRA+VRM8U=
-20,-209,kd/GFVInMP9YoLwLRiHhhQggDv0=,8u+WF/BWJZJndsQslgkRA+VRM8U=
-18,-209,kd/GFVInMP9YoLwLRiHhhQggDv0=,8u+WF/BWJZJndsQslgkRA+VRM8U=
-17,-223,+rgvsJWoj/UZjbYje97TVuOJqZU=,8u+WF/BWJZJndsQslgkRA+VRM8U=
-21,-209,kd/GFVInMP9YoLwLRiHhhQggDv0=,8u+WF/BWJZJndsQslgkRA+VRM8U=
-22,-209,kd/GFVInMP9YoLwLRiHhhQggDv0=,8u+WF/BWJZJndsQslgkRA+VRM8U=
-32,-222,kd/GFVInMP9YoLwLRiHhhQggDv0=,8u+WF/BWJZJndsQslgkRA+VRM8U=
-31,-222,kd/GFVInMP9YoLwLRiHhhQggDv0=,8u+WF/BWJZJndsQslgkRA+VRM8U=
-30,-222,kd/GFVInMP9YoLwLRiHhhQggDv0=,8u+WF/BWJZJndsQslgkRA+VRM8U=
-23,-209,kd/GFVInMP9YoLwLRiHhhQggDv0=,8u+WF/BWJZJndsQslgkRA+VRM8U=
-28,-222,kd/GFVInMP9YoLwLRiHhhQggDv0=,8u+WF/BWJZJndsQslgkRA+VRM8U=
-29,-222,kd/GFVInMP9YoLwLRiHhhQggDv0=,8u+WF/BWJZJndsQslgkRA+VRM8U=
-26,-209,kd/GFVInMP9YoLwLRiHhhQggDv0=,8u+WF/BWJZJndsQslgkRA+VRM8U=
-27,-222,kd/GFVInMP9YoLwLRiHhhQggDv0=,8u+WF/BWJZJndsQslgkRA+VRM8U=
-26,-222,kd/GFVInMP9YoLwLRiHhhQggDv0=,8u+WF/BWJZJndsQslgkRA+VRM8U=
-25,-222,kd/GFVInMP9YoLwLRiHhhQggDv0=,8u+WF/BWJZJndsQslgkRA+VRM8U=
-28,-209,kd/GFVInMP9YoLwLRiHhhQggDv0=,8u+WF/BWJZJndsQslgkRA+VRM8U=
-27,-209,kd/GFVInMP9YoLwLRiHhhQggDv0=,8u+WF/BWJZJndsQslgkRA+VRM8U=
-30,-209,kd/GFVInMP9YoLwLRiHhhQggDv0=,8u+WF/BWJZJndsQslgkRA+VRM8U=
-24,-222,kd/GFVInMP9YoLwLRiHhhQggDv0=,8u+WF/BWJZJndsQslgkRA+VRM8U=
-18,-224,kd/GFVInMP9YoLwLRiHhhQggDv0=,8u+WF/BWJZJndsQslgkRA+VRM8U=
-31,-209,kd/GFVInMP9YoLwLRiHhhQggDv0=,8u+WF/BWJZJndsQslgkRA+VRM8U=
-23,-222,kd/GFVInMP9YoLwLRiHhhQggDv0=,8u+WF/BWJZJndsQslgkRA+VRM8U=
-19,-224,kd/GFVInMP9YoLwLRiHhhQggDv0=,8u+WF/BWJZJndsQslgkRA+VRM8U=
-21,-224,kd/GFVInMP9YoLwLRiHhhQggDv0=,8u+WF/BWJZJndsQslgkRA+VRM8U=
-22,-222,kd/GFVInMP9YoLwLRiHhhQggDv0=,8u+WF/BWJZJndsQslgkRA+VRM8U=
-23,-224,kd/GFVInMP9YoLwLRiHhhQggDv0=,8u+WF/BWJZJndsQslgkRA+VRM8U=
-21,-222,kd/GFVInMP9YoLwLRiHhhQggDv0=,8u+WF/BWJZJndsQslgkRA+VRM8U=
-20,-224,kd/GFVInMP9YoLwLRiHhhQggDv0=,8u+WF/BWJZJndsQslgkRA+VRM8U=
-22,-224,kd/GFVInMP9YoLwLRiHhhQggDv0=,8u+WF/BWJZJndsQslgkRA+VRM8U=
-25,-224,kd/GFVInMP9YoLwLRiHhhQggDv0=,8u+WF/BWJZJndsQslgkRA+VRM8U=
-20,-222,kd/GFVInMP9YoLwLRiHhhQggDv0=,8u+WF/BWJZJndsQslgkRA+VRM8U=
-26,-224,kd/GFVInMP9YoLwLRiHhhQggDv0=,8u+WF/BWJZJndsQslgkRA+VRM8U=
-27,-224,kd/GFVInMP9YoLwLRiHhhQggDv0=,8u+WF/BWJZJndsQslgkRA+VRM8U=
-24,-224,kd/GFVInMP9YoLwLRiHhhQggDv0=,8u+WF/BWJZJndsQslgkRA+VRM8U=
-19,-222,kd/GFVInMP9YoLwLRiHhhQggDv0=,8u+WF/BWJZJndsQslgkRA+VRM8U=
-28,-224,kd/GFVInMP9YoLwLRiHhhQggDv0=,8u+WF/BWJZJndsQslgkRA+VRM8U=
-30,-224,kd/GFVInMP9YoLwLRiHhhQggDv0=,8u+WF/BWJZJndsQslgkRA+VRM8U=
-31,-224,kd/GFVInMP9YoLwLRiHhhQggDv0=,8u+WF/BWJZJndsQslgkRA+VRM8U=
-32,-223,kd/GFVInMP9YoLwLRiHhhQggDv0=,8u+WF/BWJZJndsQslgkRA+VRM8U=
-19,-223,kd/GFVInMP9YoLwLRiHhhQggDv0=,8u+WF/BWJZJndsQslgkRA+VRM8U=
-32,-209,kd/GFVInMP9YoLwLRiHhhQggDv0=,8u+WF/BWJZJndsQslgkRA+VRM8U=
-17,-210,kd/GFVInMP9YoLwLRiHhhQggDv0=,8u+WF/BWJZJndsQslgkRA+VRM8U=
-29,-224,kd/GFVInMP9YoLwLRiHhhQggDv0=,8u+WF/BWJZJndsQslgkRA+VRM8U=
-19,-210,kd/GFVInMP9YoLwLRiHhhQggDv0=,8u+WF/BWJZJndsQslgkRA+VRM8U=
-18,-210,kd/GFVInMP9YoLwLRiHhhQggDv0=,8u+WF/BWJZJndsQslgkRA+VRM8U=
-18,-222,kd/GFVInMP9YoLwLRiHhhQggDv0=,8u+WF/BWJZJndsQslgkRA+VRM8U=
-20,-210,kd/GFVInMP9YoLwLRiHhhQggDv0=,8u+WF/BWJZJndsQslgkRA+VRM8U=
-21,-210,kd/GFVInMP9YoLwLRiHhhQggDv0=,8u+WF/BWJZJndsQslgkRA+VRM8U=
-22,-210,kd/GFVInMP9YoLwLRiHhhQggDv0=,8u+WF/BWJZJndsQslgkRA+VRM8U=
-17,-222,kd/GFVInMP9YoLwLRiHhhQggDv0=,8u+WF/BWJZJndsQslgkRA+VRM8U=
-24,-210,kd/GFVInMP9YoLwLRiHhhQggDv0=,8u+WF/BWJZJndsQslgkRA+VRM8U=
-25,-210,kd/GFVInMP9YoLwLRiHhhQggDv0=,8u+WF/BWJZJndsQslgkRA+VRM8U=
-26,-210,kd/GFVInMP9YoLwLRiHhhQggDv0=,8u+WF/BWJZJndsQslgkRA+VRM8U=
-27,-210,kd/GFVInMP9YoLwLRiHhhQggDv0=,8u+WF/BWJZJndsQslgkRA+VRM8U=
-32,-221,kd/GFVInMP9YoLwLRiHhhQggDv0=,8u+WF/BWJZJndsQslgkRA+VRM8U=
-29,-210,kd/GFVInMP9YoLwLRiHhhQggDv0=,8u+WF/BWJZJndsQslgkRA+VRM8U=
-28,-210,kd/GFVInMP9YoLwLRiHhhQggDv0=,8u+WF/BWJZJndsQslgkRA+VRM8U=
-30,-210,kd/GFVInMP9YoLwLRiHhhQggDv0=,8u+WF/BWJZJndsQslgkRA+VRM8U=
-23,-210,kd/GFVInMP9YoLwLRiHhhQggDv0=,8u+WF/BWJZJndsQslgkRA+VRM8U=
-20,-223,kd/GFVInMP9YoLwLRiHhhQggDv0=,8u+WF/BWJZJndsQslgkRA+VRM8U=
-31,-221,kd/GFVInMP9YoLwLRiHhhQggDv0=,8u+WF/BWJZJndsQslgkRA+VRM8U=
-32,-210,kd/GFVInMP9YoLwLRiHhhQggDv0=,8u+WF/BWJZJndsQslgkRA+VRM8U=
-31,-210,kd/GFVInMP9YoLwLRiHhhQggDv0=,8u+WF/BWJZJndsQslgkRA+VRM8U=
-17,-211,kd/GFVInMP9YoLwLRiHhhQggDv0=,8u+WF/BWJZJndsQslgkRA+VRM8U=
-18,-211,kd/GFVInMP9YoLwLRiHhhQggDv0=,8u+WF/BWJZJndsQslgkRA+VRM8U=
-30,-221,kd/GFVInMP9YoLwLRiHhhQggDv0=,8u+WF/BWJZJndsQslgkRA+VRM8U=
-19,-211,kd/GFVInMP9YoLwLRiHhhQggDv0=,8u+WF/BWJZJndsQslgkRA+VRM8U=
-21,-211,kd/GFVInMP9YoLwLRiHhhQggDv0=,8u+WF/BWJZJndsQslgkRA+VRM8U=
-20,-211,kd/GFVInMP9YoLwLRiHhhQggDv0=,8u+WF/BWJZJndsQslgkRA+VRM8U=
-22,-211,kd/GFVInMP9YoLwLRiHhhQggDv0=,8u+WF/BWJZJndsQslgkRA+VRM8U=
-29,-221,kd/GFVInMP9YoLwLRiHhhQggDv0=,8u+WF/BWJZJndsQslgkRA+VRM8U=
-23,-211,kd/GFVInMP9YoLwLRiHhhQggDv0=,8u+WF/BWJZJndsQslgkRA+VRM8U=
-24,-211,kd/GFVInMP9YoLwLRiHhhQggDv0=,8u+WF/BWJZJndsQslgkRA+VRM8U=
-25,-211,kd/GFVInMP9YoLwLRiHhhQggDv0=,8u+WF/BWJZJndsQslgkRA+VRM8U=
-26,-211,kd/GFVInMP9YoLwLRiHhhQggDv0=,8u+WF/BWJZJndsQslgkRA+VRM8U=
-28,-221,kd/GFVInMP9YoLwLRiHhhQggDv0=,8u+WF/BWJZJndsQslgkRA+VRM8U=
-27,-211,kd/GFVInMP9YoLwLRiHhhQggDv0=,8u+WF/BWJZJndsQslgkRA+VRM8U=
-28,-211,kd/GFVInMP9YoLwLRiHhhQggDv0=,8u+WF/BWJZJndsQslgkRA+VRM8U=
-21,-223,kd/GFVInMP9YoLwLRiHhhQggDv0=,8u+WF/BWJZJndsQslgkRA+VRM8U=
-30,-211,kd/GFVInMP9YoLwLRiHhhQggDv0=,8u+WF/BWJZJndsQslgkRA+VRM8U=
-27,-221,kd/GFVInMP9YoLwLRiHhhQggDv0=,8u+WF/BWJZJndsQslgkRA+VRM8U=
-31,-211,kd/GFVInMP9YoLwLRiHhhQggDv0=,8u+WF/BWJZJndsQslgkRA+VRM8U=
-32,-211,kd/GFVInMP9YoLwLRiHhhQggDv0=,8u+WF/BWJZJndsQslgkRA+VRM8U=
-29,-211,kd/GFVInMP9YoLwLRiHhhQggDv0=,8u+WF/BWJZJndsQslgkRA+VRM8U=
-26,-221,kd/GFVInMP9YoLwLRiHhhQggDv0=,8u+WF/BWJZJndsQslgkRA+VRM8U=
-18,-212,kd/GFVInMP9YoLwLRiHhhQggDv0=,8u+WF/BWJZJndsQslgkRA+VRM8U=
-17,-212,kd/GFVInMP9YoLwLRiHhhQggDv0=,8u+WF/BWJZJndsQslgkRA+VRM8U=
-20,-212,kd/GFVInMP9YoLwLRiHhhQggDv0=,8u+WF/BWJZJndsQslgkRA+VRM8U=
-19,-212,kd/GFVInMP9YoLwLRiHhhQggDv0=,8u+WF/BWJZJndsQslgkRA+VRM8U=
-25,-221,kd/GFVInMP9YoLwLRiHhhQggDv0=,8u+WF/BWJZJndsQslgkRA+VRM8U=
-21,-212,kd/GFVInMP9YoLwLRiHhhQggDv0=,8u+WF/BWJZJndsQslgkRA+VRM8U=
-23,-212,kd/GFVInMP9YoLwLRiHhhQggDv0=,8u+WF/BWJZJndsQslgkRA+VRM8U=
-22,-212,kd/GFVInMP9YoLwLRiHhhQggDv0=,8u+WF/BWJZJndsQslgkRA+VRM8U=
-24,-221,kd/GFVInMP9YoLwLRiHhhQggDv0=,8u+WF/BWJZJndsQslgkRA+VRM8U=
-25,-212,kd/GFVInMP9YoLwLRiHhhQggDv0=,8u+WF/BWJZJndsQslgkRA+VRM8U=
-27,-212,kd/GFVInMP9YoLwLRiHhhQggDv0=,8u+WF/BWJZJndsQslgkRA+VRM8U=
-28,-212,kd/GFVInMP9YoLwLRiHhhQggDv0=,8u+WF/BWJZJndsQslgkRA+VRM8U=
-26,-212,kd/GFVInMP9YoLwLRiHhhQggDv0=,8u+WF/BWJZJndsQslgkRA+VRM8U=
-23,-221,kd/GFVInMP9YoLwLRiHhhQggDv0=,8u+WF/BWJZJndsQslgkRA+VRM8U=
-22,-223,kd/GFVInMP9YoLwLRiHhhQggDv0=,8u+WF/BWJZJndsQslgkRA+VRM8U=
-29,-212,kd/GFVInMP9YoLwLRiHhhQggDv0=,8u+WF/BWJZJndsQslgkRA+VRM8U=
-30,-212,kd/GFVInMP9YoLwLRiHhhQggDv0=,8u+WF/BWJZJndsQslgkRA+VRM8U=
-31,-212,kd/GFVInMP9YoLwLRiHhhQggDv0=,8u+WF/BWJZJndsQslgkRA+VRM8U=
-22,-221,kd/GFVInMP9YoLwLRiHhhQggDv0=,8u+WF/BWJZJndsQslgkRA+VRM8U=
-32,-212,kd/GFVInMP9YoLwLRiHhhQggDv0=,8u+WF/BWJZJndsQslgkRA+VRM8U=
-21,-221,kd/GFVInMP9YoLwLRiHhhQggDv0=,8u+WF/BWJZJndsQslgkRA+VRM8U=
-19,-213,kd/GFVInMP9YoLwLRiHhhQggDv0=,8u+WF/BWJZJndsQslgkRA+VRM8U=
-21,-213,kd/GFVInMP9YoLwLRiHhhQggDv0=,8u+WF/BWJZJndsQslgkRA+VRM8U=
-18,-213,kd/GFVInMP9YoLwLRiHhhQggDv0=,8u+WF/BWJZJndsQslgkRA+VRM8U=
-17,-213,kd/GFVInMP9YoLwLRiHhhQggDv0=,8u+WF/BWJZJndsQslgkRA+VRM8U=
-20,-221,kd/GFVInMP9YoLwLRiHhhQggDv0=,8u+WF/BWJZJndsQslgkRA+VRM8U=
-22,-213,kd/GFVInMP9YoLwLRiHhhQggDv0=,8u+WF/BWJZJndsQslgkRA+VRM8U=
-23,-213,kd/GFVInMP9YoLwLRiHhhQggDv0=,8u+WF/BWJZJndsQslgkRA+VRM8U=
-20,-213,kd/GFVInMP9YoLwLRiHhhQggDv0=,8u+WF/BWJZJndsQslgkRA+VRM8U=
-25,-213,kd/GFVInMP9YoLwLRiHhhQggDv0=,8u+WF/BWJZJndsQslgkRA+VRM8U=
-24,-213,kd/GFVInMP9YoLwLRiHhhQggDv0=,8u+WF/BWJZJndsQslgkRA+VRM8U=
-31,-223,kd/GFVInMP9YoLwLRiHhhQggDv0=,8u+WF/BWJZJndsQslgkRA+VRM8U=
-26,-213,kd/GFVInMP9YoLwLRiHhhQggDv0=,8u+WF/BWJZJndsQslgkRA+VRM8U=
-27,-213,kd/GFVInMP9YoLwLRiHhhQggDv0=,8u+WF/BWJZJndsQslgkRA+VRM8U=
-23,-223,kd/GFVInMP9YoLwLRiHhhQggDv0=,8u+WF/BWJZJndsQslgkRA+VRM8U=
-28,-213,kd/GFVInMP9YoLwLRiHhhQggDv0=,8u+WF/BWJZJndsQslgkRA+VRM8U=
-19,-221,kd/GFVInMP9YoLwLRiHhhQggDv0=,8u+WF/BWJZJndsQslgkRA+VRM8U=
-31,-213,kd/GFVInMP9YoLwLRiHhhQggDv0=,8u+WF/BWJZJndsQslgkRA+VRM8U=
-30,-213,kd/GFVInMP9YoLwLRiHhhQggDv0=,8u+WF/BWJZJndsQslgkRA+VRM8U=
-18,-221,kd/GFVInMP9YoLwLRiHhhQggDv0=,8u+WF/BWJZJndsQslgkRA+VRM8U=
-17,-214,kd/GFVInMP9YoLwLRiHhhQggDv0=,8u+WF/BWJZJndsQslgkRA+VRM8U=
-32,-213,kd/GFVInMP9YoLwLRiHhhQggDv0=,8u+WF/BWJZJndsQslgkRA+VRM8U=
-29,-213,kd/GFVInMP9YoLwLRiHhhQggDv0=,8u+WF/BWJZJndsQslgkRA+VRM8U=
-19,-214,kd/GFVInMP9YoLwLRiHhhQggDv0=,8u+WF/BWJZJndsQslgkRA+VRM8U=
-18,-214,kd/GFVInMP9YoLwLRiHhhQggDv0=,8u+WF/BWJZJndsQslgkRA+VRM8U=
-17,-221,kd/GFVInMP9YoLwLRiHhhQggDv0=,8u+WF/BWJZJndsQslgkRA+VRM8U=
-20,-214,kd/GFVInMP9YoLwLRiHhhQggDv0=,8u+WF/BWJZJndsQslgkRA+VRM8U=
-21,-214,kd/GFVInMP9YoLwLRiHhhQggDv0=,8u+WF/BWJZJndsQslgkRA+VRM8U=
-22,-214,kd/GFVInMP9YoLwLRiHhhQggDv0=,8u+WF/BWJZJndsQslgkRA+VRM8U=
-23,-214,kd/GFVInMP9YoLwLRiHhhQggDv0=,8u+WF/BWJZJndsQslgkRA+VRM8U=
-24,-214,kd/GFVInMP9YoLwLRiHhhQggDv0=,8u+WF/BWJZJndsQslgkRA+VRM8U=
-26,-214,kd/GFVInMP9YoLwLRiHhhQggDv0=,8u+WF/BWJZJndsQslgkRA+VRM8U=
-32,-220,kd/GFVInMP9YoLwLRiHhhQggDv0=,8u+WF/BWJZJndsQslgkRA+VRM8U=
-24,-223,kd/GFVInMP9YoLwLRiHhhQggDv0=,8u+WF/BWJZJndsQslgkRA+VRM8U=
-25,-214,kd/GFVInMP9YoLwLRiHhhQggDv0=,8u+WF/BWJZJndsQslgkRA+VRM8U=
-27,-214,kd/GFVInMP9YoLwLRiHhhQggDv0=,8u+WF/BWJZJndsQslgkRA+VRM8U=
-28,-214,kd/GFVInMP9YoLwLRiHhhQggDv0=,8u+WF/BWJZJndsQslgkRA+VRM8U=
-29,-214,kd/GFVInMP9YoLwLRiHhhQggDv0=,8u+WF/BWJZJndsQslgkRA+VRM8U=
-31,-220,kd/GFVInMP9YoLwLRiHhhQggDv0=,8u+WF/BWJZJndsQslgkRA+VRM8U=
-31,-214,kd/GFVInMP9YoLwLRiHhhQggDv0=,8u+WF/BWJZJndsQslgkRA+VRM8U=
-30,-214,kd/GFVInMP9YoLwLRiHhhQggDv0=,8u+WF/BWJZJndsQslgkRA+VRM8U=
-17,-215,kd/GFVInMP9YoLwLRiHhhQggDv0=,8u+WF/BWJZJndsQslgkRA+VRM8U=
-30,-220,kd/GFVInMP9YoLwLRiHhhQggDv0=,8u+WF/BWJZJndsQslgkRA+VRM8U=
-32,-214,kd/GFVInMP9YoLwLRiHhhQggDv0=,8u+WF/BWJZJndsQslgkRA+VRM8U=
-18,-215,kd/GFVInMP9YoLwLRiHhhQggDv0=,8u+WF/BWJZJndsQslgkRA+VRM8U=
-19,-215,kd/GFVInMP9YoLwLRiHhhQggDv0=,8u+WF/BWJZJndsQslgkRA+VRM8U=
-20,-215,kd/GFVInMP9YoLwLRiHhhQggDv0=,8u+WF/BWJZJndsQslgkRA+VRM8U=
-21,-215,kd/GFVInMP9YoLwLRiHhhQggDv0=,8u+WF/BWJZJndsQslgkRA+VRM8U=
-22,-215,kd/GFVInMP9YoLwLRiHhhQggDv0=,8u+WF/BWJZJndsQslgkRA+VRM8U=
-29,-220,kd/GFVInMP9YoLwLRiHhhQggDv0=,8u+WF/BWJZJndsQslgkRA+VRM8U=
-23,-215,kd/GFVInMP9YoLwLRiHhhQggDv0=,8u+WF/BWJZJndsQslgkRA+VRM8U=
-25,-215,kd/GFVInMP9YoLwLRiHhhQggDv0=,8u+WF/BWJZJndsQslgkRA+VRM8U=
-24,-215,kd/GFVInMP9YoLwLRiHhhQggDv0=,8u+WF/BWJZJndsQslgkRA+VRM8U=
-26,-215,kd/GFVInMP9YoLwLRiHhhQggDv0=,8u+WF/BWJZJndsQslgkRA+VRM8U=
-28,-220,kd/GFVInMP9YoLwLRiHhhQggDv0=,8u+WF/BWJZJndsQslgkRA+VRM8U=
-27,-215,kd/GFVInMP9YoLwLRiHhhQggDv0=,8u+WF/BWJZJndsQslgkRA+VRM8U=
-25,-223,kd/GFVInMP9YoLwLRiHhhQggDv0=,8u+WF/BWJZJndsQslgkRA+VRM8U=
-28,-215,kd/GFVInMP9YoLwLRiHhhQggDv0=,8u+WF/BWJZJndsQslgkRA+VRM8U=
-29,-215,kd/GFVInMP9YoLwLRiHhhQggDv0=,8u+WF/BWJZJndsQslgkRA+VRM8U=
-27,-220,kd/GFVInMP9YoLwLRiHhhQggDv0=,8u+WF/BWJZJndsQslgkRA+VRM8U=
-31,-215,kd/GFVInMP9YoLwLRiHhhQggDv0=,8u+WF/BWJZJndsQslgkRA+VRM8U=
-30,-215,kd/GFVInMP9YoLwLRiHhhQggDv0=,8u+WF/BWJZJndsQslgkRA+VRM8U=
-32,-215,kd/GFVInMP9YoLwLRiHhhQggDv0=,8u+WF/BWJZJndsQslgkRA+VRM8U=
-17,-216,kd/GFVInMP9YoLwLRiHhhQggDv0=,8u+WF/BWJZJndsQslgkRA+VRM8U=
-18,-216,kd/GFVInMP9YoLwLRiHhhQggDv0=,8u+WF/BWJZJndsQslgkRA+VRM8U=
-26,-220,kd/GFVInMP9YoLwLRiHhhQggDv0=,8u+WF/BWJZJndsQslgkRA+VRM8U=
-19,-216,kd/GFVInMP9YoLwLRiHhhQggDv0=,8u+WF/BWJZJndsQslgkRA+VRM8U=
-21,-216,kd/GFVInMP9YoLwLRiHhhQggDv0=,8u+WF/BWJZJndsQslgkRA+VRM8U=
-20,-216,kd/GFVInMP9YoLwLRiHhhQggDv0=,8u+WF/BWJZJndsQslgkRA+VRM8U=
-23,-216,kd/GFVInMP9YoLwLRiHhhQggDv0=,8u+WF/BWJZJndsQslgkRA+VRM8U=
-25,-220,kd/GFVInMP9YoLwLRiHhhQggDv0=,8u+WF/BWJZJndsQslgkRA+VRM8U=
-26,-223,kd/GFVInMP9YoLwLRiHhhQggDv0=,8u+WF/BWJZJndsQslgkRA+VRM8U=
-24,-216,kd/GFVInMP9YoLwLRiHhhQggDv0=,8u+WF/BWJZJndsQslgkRA+VRM8U=
-25,-216,kd/GFVInMP9YoLwLRiHhhQggDv0=,8u+WF/BWJZJndsQslgkRA+VRM8U=
-24,-220,kd/GFVInMP9YoLwLRiHhhQggDv0=,8u+WF/BWJZJndsQslgkRA+VRM8U=
-26,-216,kd/GFVInMP9YoLwLRiHhhQggDv0=,8u+WF/BWJZJndsQslgkRA+VRM8U=
-22,-216,kd/GFVInMP9YoLwLRiHhhQggDv0=,8u+WF/BWJZJndsQslgkRA+VRM8U=
-27,-216,kd/GFVInMP9YoLwLRiHhhQggDv0=,8u+WF/BWJZJndsQslgkRA+VRM8U=
-29,-216,kd/GFVInMP9YoLwLRiHhhQggDv0=,8u+WF/BWJZJndsQslgkRA+VRM8U=
-28,-216,kd/GFVInMP9YoLwLRiHhhQggDv0=,8u+WF/BWJZJndsQslgkRA+VRM8U=
-23,-220,kd/GFVInMP9YoLwLRiHhhQggDv0=,8u+WF/BWJZJndsQslgkRA+VRM8U=
-30,-216,kd/GFVInMP9YoLwLRiHhhQggDv0=,8u+WF/BWJZJndsQslgkRA+VRM8U=
-32,-216,kd/GFVInMP9YoLwLRiHhhQggDv0=,8u+WF/BWJZJndsQslgkRA+VRM8U=
-17,-217,kd/GFVInMP9YoLwLRiHhhQggDv0=,8u+WF/BWJZJndsQslgkRA+VRM8U=
-18,-217,kd/GFVInMP9YoLwLRiHhhQggDv0=,8u+WF/BWJZJndsQslgkRA+VRM8U=
-31,-216,kd/GFVInMP9YoLwLRiHhhQggDv0=,8u+WF/BWJZJndsQslgkRA+VRM8U=
-22,-220,kd/GFVInMP9YoLwLRiHhhQggDv0=,8u+WF/BWJZJndsQslgkRA+VRM8U=
-19,-217,kd/GFVInMP9YoLwLRiHhhQggDv0=,8u+WF/BWJZJndsQslgkRA+VRM8U=
-20,-217,kd/GFVInMP9YoLwLRiHhhQggDv0=,8u+WF/BWJZJndsQslgkRA+VRM8U=
-21,-217,kd/GFVInMP9YoLwLRiHhhQggDv0=,8u+WF/BWJZJndsQslgkRA+VRM8U=
-23,-217,kd/GFVInMP9YoLwLRiHhhQggDv0=,8u+WF/BWJZJndsQslgkRA+VRM8U=
-22,-217,kd/GFVInMP9YoLwLRiHhhQggDv0=,8u+WF/BWJZJndsQslgkRA+VRM8U=
-21,-220,kd/GFVInMP9YoLwLRiHhhQggDv0=,8u+WF/BWJZJndsQslgkRA+VRM8U=
-27,-223,kd/GFVInMP9YoLwLRiHhhQggDv0=,8u+WF/BWJZJndsQslgkRA+VRM8U=
-25,-217,kd/GFVInMP9YoLwLRiHhhQggDv0=,8u+WF/BWJZJndsQslgkRA+VRM8U=
-24,-217,kd/GFVInMP9YoLwLRiHhhQggDv0=,8u+WF/BWJZJndsQslgkRA+VRM8U=
-26,-217,kd/GFVInMP9YoLwLRiHhhQggDv0=,8u+WF/BWJZJndsQslgkRA+VRM8U=
-27,-217,kd/GFVInMP9YoLwLRiHhhQggDv0=,8u+WF/BWJZJndsQslgkRA+VRM8U=
-28,-217,kd/GFVInMP9YoLwLRiHhhQggDv0=,8u+WF/BWJZJndsQslgkRA+VRM8U=
-30,-223,kd/GFVInMP9YoLwLRiHhhQggDv0=,8u+WF/BWJZJndsQslgkRA+VRM8U=
-30,-217,kd/GFVInMP9YoLwLRiHhhQggDv0=,8u+WF/BWJZJndsQslgkRA+VRM8U=
-29,-217,kd/GFVInMP9YoLwLRiHhhQggDv0=,8u+WF/BWJZJndsQslgkRA+VRM8U=
-20,-220,kd/GFVInMP9YoLwLRiHhhQggDv0=,8u+WF/BWJZJndsQslgkRA+VRM8U=
-32,-217,kd/GFVInMP9YoLwLRiHhhQggDv0=,8u+WF/BWJZJndsQslgkRA+VRM8U=
-31,-217,kd/GFVInMP9YoLwLRiHhhQggDv0=,8u+WF/BWJZJndsQslgkRA+VRM8U=
-18,-218,kd/GFVInMP9YoLwLRiHhhQggDv0=,8u+WF/BWJZJndsQslgkRA+VRM8U=
-17,-218,kd/GFVInMP9YoLwLRiHhhQggDv0=,8u+WF/BWJZJndsQslgkRA+VRM8U=
-19,-220,kd/GFVInMP9YoLwLRiHhhQggDv0=,8u+WF/BWJZJndsQslgkRA+VRM8U=
-21,-218,kd/GFVInMP9YoLwLRiHhhQggDv0=,8u+WF/BWJZJndsQslgkRA+VRM8U=
-20,-218,kd/GFVInMP9YoLwLRiHhhQggDv0=,8u+WF/BWJZJndsQslgkRA+VRM8U=
-22,-218,kd/GFVInMP9YoLwLRiHhhQggDv0=,8u+WF/BWJZJndsQslgkRA+VRM8U=
-28,-223,kd/GFVInMP9YoLwLRiHhhQggDv0=,8u+WF/BWJZJndsQslgkRA+VRM8U=
-19,-218,kd/GFVInMP9YoLwLRiHhhQggDv0=,8u+WF/BWJZJndsQslgkRA+VRM8U=
-18,-220,kd/GFVInMP9YoLwLRiHhhQggDv0=,8u+WF/BWJZJndsQslgkRA+VRM8U=
-24,-218,kd/GFVInMP9YoLwLRiHhhQggDv0=,8u+WF/BWJZJndsQslgkRA+VRM8U=
-23,-218,kd/GFVInMP9YoLwLRiHhhQggDv0=,8u+WF/BWJZJndsQslgkRA+VRM8U=
-25,-218,kd/GFVInMP9YoLwLRiHhhQggDv0=,8u+WF/BWJZJndsQslgkRA+VRM8U=
-26,-218,kd/GFVInMP9YoLwLRiHhhQggDv0=,8u+WF/BWJZJndsQslgkRA+VRM8U=
-17,-220,kd/GFVInMP9YoLwLRiHhhQggDv0=,8u+WF/BWJZJndsQslgkRA+VRM8U=
-27,-218,kd/GFVInMP9YoLwLRiHhhQggDv0=,8u+WF/BWJZJndsQslgkRA+VRM8U=
-28,-218,kd/GFVInMP9YoLwLRiHhhQggDv0=,8u+WF/BWJZJndsQslgkRA+VRM8U=
-29,-218,kd/GFVInMP9YoLwLRiHhhQggDv0=,8u+WF/BWJZJndsQslgkRA+VRM8U=
-30,-218,kd/GFVInMP9YoLwLRiHhhQggDv0=,8u+WF/BWJZJndsQslgkRA+VRM8U=
-32,-219,kd/GFVInMP9YoLwLRiHhhQggDv0=,8u+WF/BWJZJndsQslgkRA+VRM8U=
-32,-218,kd/GFVInMP9YoLwLRiHhhQggDv0=,8u+WF/BWJZJndsQslgkRA+VRM8U=
-17,-219,kd/GFVInMP9YoLwLRiHhhQggDv0=,8u+WF/BWJZJndsQslgkRA+VRM8U=
-18,-219,kd/GFVInMP9YoLwLRiHhhQggDv0=,8u+WF/BWJZJndsQslgkRA+VRM8U=
-19,-219,kd/GFVInMP9YoLwLRiHhhQggDv0=,8u+WF/BWJZJndsQslgkRA+VRM8U=
-31,-219,kd/GFVInMP9YoLwLRiHhhQggDv0=,8u+WF/BWJZJndsQslgkRA+VRM8U=
-20,-219,kd/GFVInMP9YoLwLRiHhhQggDv0=,8u+WF/BWJZJndsQslgkRA+VRM8U=
-21,-219,kd/GFVInMP9YoLwLRiHhhQggDv0=,8u+WF/BWJZJndsQslgkRA+VRM8U=
-31,-218,kd/GFVInMP9YoLwLRiHhhQggDv0=,8u+WF/BWJZJndsQslgkRA+VRM8U=
-29,-223,kd/GFVInMP9YoLwLRiHhhQggDv0=,8u+WF/BWJZJndsQslgkRA+VRM8U=
-22,-219,kd/GFVInMP9YoLwLRiHhhQggDv0=,8u+WF/BWJZJndsQslgkRA+VRM8U=
-23,-219,kd/GFVInMP9YoLwLRiHhhQggDv0=,8u+WF/BWJZJndsQslgkRA+VRM8U=
-26,-219,kd/GFVInMP9YoLwLRiHhhQggDv0=,8u+WF/BWJZJndsQslgkRA+VRM8U=
-27,-219,kd/GFVInMP9YoLwLRiHhhQggDv0=,8u+WF/BWJZJndsQslgkRA+VRM8U=
-25,-219,kd/GFVInMP9YoLwLRiHhhQggDv0=,8u+WF/BWJZJndsQslgkRA+VRM8U=
-28,-219,kd/GFVInMP9YoLwLRiHhhQggDv0=,8u+WF/BWJZJndsQslgkRA+VRM8U=
-24,-219,kd/GFVInMP9YoLwLRiHhhQggDv0=,8u+WF/BWJZJndsQslgkRA+VRM8U=
-30,-219,kd/GFVInMP9YoLwLRiHhhQggDv0=,8u+WF/BWJZJndsQslgkRA+VRM8U=
-29,-219,kd/GFVInMP9YoLwLRiHhhQggDv0=,8u+WF/BWJZJndsQslgkRA+VRM8U=
-29,-209,kd/GFVInMP9YoLwLRiHhhQggDv0=,8u+WF/BWJZJndsQslgkRA+VRM8U=
-24,-212,kd/GFVInMP9YoLwLRiHhhQggDv0=,8u+WF/BWJZJndsQslgkRA+VRM8U=
-24,-209,kd/GFVInMP9YoLwLRiHhhQggDv0=,8u+WF/BWJZJndsQslgkRA+VRM8U=
-25,-209,+rgvsJWoj/UZjbYje97TVuOJqZU=,8u+WF/BWJZJndsQslgkRA+VRM8U=
-2,-209,kd/GFVInMP9YoLwLRiHhhQggDv0=,8u+WF/BWJZJndsQslgkRA+VRM8U=
-1,-224,kd/GFVInMP9YoLwLRiHhhQggDv0=,8u+WF/BWJZJndsQslgkRA+VRM8U=
-1,-209,kd/GFVInMP9YoLwLRiHhhQggDv0=,8u+WF/BWJZJndsQslgkRA+VRM8U=
-16,-223,kd/GFVInMP9YoLwLRiHhhQggDv0=,8u+WF/BWJZJndsQslgkRA+VRM8U=
-3,-209,kd/GFVInMP9YoLwLRiHhhQggDv0=,8u+WF/BWJZJndsQslgkRA+VRM8U=
-5,-209,kd/GFVInMP9YoLwLRiHhhQggDv0=,8u+WF/BWJZJndsQslgkRA+VRM8U=
-4,-209,kd/GFVInMP9YoLwLRiHhhQggDv0=,8u+WF/BWJZJndsQslgkRA+VRM8U=
-6,-209,kd/GFVInMP9YoLwLRiHhhQggDv0=,8u+WF/BWJZJndsQslgkRA+VRM8U=
-16,-224,kd/GFVInMP9YoLwLRiHhhQggDv0=,8u+WF/BWJZJndsQslgkRA+VRM8U=
-7,-209,kd/GFVInMP9YoLwLRiHhhQggDv0=,8u+WF/BWJZJndsQslgkRA+VRM8U=
-9,-209,kd/GFVInMP9YoLwLRiHhhQggDv0=,8u+WF/BWJZJndsQslgkRA+VRM8U=
-8,-209,kd/GFVInMP9YoLwLRiHhhQggDv0=,8u+WF/BWJZJndsQslgkRA+VRM8U=
-10,-209,kd/GFVInMP9YoLwLRiHhhQggDv0=,8u+WF/BWJZJndsQslgkRA+VRM8U=
-11,-209,kd/GFVInMP9YoLwLRiHhhQggDv0=,8u+WF/BWJZJndsQslgkRA+VRM8U=
-12,-209,kd/GFVInMP9YoLwLRiHhhQggDv0=,8u+WF/BWJZJndsQslgkRA+VRM8U=
-13,-209,kd/GFVInMP9YoLwLRiHhhQggDv0=,8u+WF/BWJZJndsQslgkRA+VRM8U=
-16,-209,kd/GFVInMP9YoLwLRiHhhQggDv0=,8u+WF/BWJZJndsQslgkRA+VRM8U=
-15,-223,kd/GFVInMP9YoLwLRiHhhQggDv0=,8u+WF/BWJZJndsQslgkRA+VRM8U=
-15,-209,kd/GFVInMP9YoLwLRiHhhQggDv0=,8u+WF/BWJZJndsQslgkRA+VRM8U=
-1,-210,kd/GFVInMP9YoLwLRiHhhQggDv0=,8u+WF/BWJZJndsQslgkRA+VRM8U=
-14,-223,kd/GFVInMP9YoLwLRiHhhQggDv0=,8u+WF/BWJZJndsQslgkRA+VRM8U=
-14,-209,kd/GFVInMP9YoLwLRiHhhQggDv0=,8u+WF/BWJZJndsQslgkRA+VRM8U=
-3,-210,kd/GFVInMP9YoLwLRiHhhQggDv0=,8u+WF/BWJZJndsQslgkRA+VRM8U=
-5,-210,kd/GFVInMP9YoLwLRiHhhQggDv0=,8u+WF/BWJZJndsQslgkRA+VRM8U=
-2,-210,kd/GFVInMP9YoLwLRiHhhQggDv0=,8u+WF/BWJZJndsQslgkRA+VRM8U=
-4,-210,kd/GFVInMP9YoLwLRiHhhQggDv0=,8u+WF/BWJZJndsQslgkRA+VRM8U=
-7,-210,kd/GFVInMP9YoLwLRiHhhQggDv0=,8u+WF/BWJZJndsQslgkRA+VRM8U=
-13,-223,kd/GFVInMP9YoLwLRiHhhQggDv0=,8u+WF/BWJZJndsQslgkRA+VRM8U=
-6,-210,kd/GFVInMP9YoLwLRiHhhQggDv0=,8u+WF/BWJZJndsQslgkRA+VRM8U=
-9,-210,kd/GFVInMP9YoLwLRiHhhQggDv0=,8u+WF/BWJZJndsQslgkRA+VRM8U=
-8,-210,kd/GFVInMP9YoLwLRiHhhQggDv0=,8u+WF/BWJZJndsQslgkRA+VRM8U=
-10,-210,kd/GFVInMP9YoLwLRiHhhQggDv0=,8u+WF/BWJZJndsQslgkRA+VRM8U=
-16,-210,kd/GFVInMP9YoLwLRiHhhQggDv0=,8u+WF/BWJZJndsQslgkRA+VRM8U=
-13,-210,kd/GFVInMP9YoLwLRiHhhQggDv0=,8u+WF/BWJZJndsQslgkRA+VRM8U=
-12,-210,kd/GFVInMP9YoLwLRiHhhQggDv0=,8u+WF/BWJZJndsQslgkRA+VRM8U=
-11,-210,kd/GFVInMP9YoLwLRiHhhQggDv0=,8u+WF/BWJZJndsQslgkRA+VRM8U=
-14,-210,kd/GFVInMP9YoLwLRiHhhQggDv0=,8u+WF/BWJZJndsQslgkRA+VRM8U=
-15,-210,kd/GFVInMP9YoLwLRiHhhQggDv0=,8u+WF/BWJZJndsQslgkRA+VRM8U=
-12,-223,kd/GFVInMP9YoLwLRiHhhQggDv0=,8u+WF/BWJZJndsQslgkRA+VRM8U=
-2,-224,kd/GFVInMP9YoLwLRiHhhQggDv0=,8u+WF/BWJZJndsQslgkRA+VRM8U=
-2,-211,kd/GFVInMP9YoLwLRiHhhQggDv0=,8u+WF/BWJZJndsQslgkRA+VRM8U=
-1,-211,kd/GFVInMP9YoLwLRiHhhQggDv0=,8u+WF/BWJZJndsQslgkRA+VRM8U=
-3,-211,kd/GFVInMP9YoLwLRiHhhQggDv0=,8u+WF/BWJZJndsQslgkRA+VRM8U=
-4,-211,kd/GFVInMP9YoLwLRiHhhQggDv0=,8u+WF/BWJZJndsQslgkRA+VRM8U=
-5,-211,kd/GFVInMP9YoLwLRiHhhQggDv0=,8u+WF/BWJZJndsQslgkRA+VRM8U=
-11,-223,kd/GFVInMP9YoLwLRiHhhQggDv0=,8u+WF/BWJZJndsQslgkRA+VRM8U=
-6,-211,kd/GFVInMP9YoLwLRiHhhQggDv0=,8u+WF/BWJZJndsQslgkRA+VRM8U=
-8,-211,kd/GFVInMP9YoLwLRiHhhQggDv0=,8u+WF/BWJZJndsQslgkRA+VRM8U=
-9,-211,kd/GFVInMP9YoLwLRiHhhQggDv0=,8u+WF/BWJZJndsQslgkRA+VRM8U=
-10,-211,kd/GFVInMP9YoLwLRiHhhQggDv0=,8u+WF/BWJZJndsQslgkRA+VRM8U=
-11,-211,kd/GFVInMP9YoLwLRiHhhQggDv0=,8u+WF/BWJZJndsQslgkRA+VRM8U=
-12,-211,kd/GFVInMP9YoLwLRiHhhQggDv0=,8u+WF/BWJZJndsQslgkRA+VRM8U=
-16,-211,kd/GFVInMP9YoLwLRiHhhQggDv0=,8u+WF/BWJZJndsQslgkRA+VRM8U=
-13,-211,kd/GFVInMP9YoLwLRiHhhQggDv0=,8u+WF/BWJZJndsQslgkRA+VRM8U=
-7,-211,kd/GFVInMP9YoLwLRiHhhQggDv0=,8u+WF/BWJZJndsQslgkRA+VRM8U=
-10,-223,kd/GFVInMP9YoLwLRiHhhQggDv0=,8u+WF/BWJZJndsQslgkRA+VRM8U=
-14,-211,kd/GFVInMP9YoLwLRiHhhQggDv0=,8u+WF/BWJZJndsQslgkRA+VRM8U=
-15,-211,kd/GFVInMP9YoLwLRiHhhQggDv0=,8u+WF/BWJZJndsQslgkRA+VRM8U=
-3,-224,kd/GFVInMP9YoLwLRiHhhQggDv0=,8u+WF/BWJZJndsQslgkRA+VRM8U=
-1,-212,kd/GFVInMP9YoLwLRiHhhQggDv0=,8u+WF/BWJZJndsQslgkRA+VRM8U=
-3,-212,kd/GFVInMP9YoLwLRiHhhQggDv0=,8u+WF/BWJZJndsQslgkRA+VRM8U=
-2,-212,kd/GFVInMP9YoLwLRiHhhQggDv0=,8u+WF/BWJZJndsQslgkRA+VRM8U=
-5,-212,kd/GFVInMP9YoLwLRiHhhQggDv0=,8u+WF/BWJZJndsQslgkRA+VRM8U=
-4,-212,kd/GFVInMP9YoLwLRiHhhQggDv0=,8u+WF/BWJZJndsQslgkRA+VRM8U=
-6,-212,kd/GFVInMP9YoLwLRiHhhQggDv0=,8u+WF/BWJZJndsQslgkRA+VRM8U=
-9,-223,kd/GFVInMP9YoLwLRiHhhQggDv0=,8u+WF/BWJZJndsQslgkRA+VRM8U=
-7,-212,kd/GFVInMP9YoLwLRiHhhQggDv0=,8u+WF/BWJZJndsQslgkRA+VRM8U=
-9,-212,kd/GFVInMP9YoLwLRiHhhQggDv0=,8u+WF/BWJZJndsQslgkRA+VRM8U=
-8,-212,kd/GFVInMP9YoLwLRiHhhQggDv0=,8u+WF/BWJZJndsQslgkRA+VRM8U=
-12,-212,kd/GFVInMP9YoLwLRiHhhQggDv0=,8u+WF/BWJZJndsQslgkRA+VRM8U=
-10,-212,kd/GFVInMP9YoLwLRiHhhQggDv0=,8u+WF/BWJZJndsQslgkRA+VRM8U=
-11,-212,kd/GFVInMP9YoLwLRiHhhQggDv0=,8u+WF/BWJZJndsQslgkRA+VRM8U=
-13,-212,kd/GFVInMP9YoLwLRiHhhQggDv0=,8u+WF/BWJZJndsQslgkRA+VRM8U=
-14,-212,kd/GFVInMP9YoLwLRiHhhQggDv0=,8u+WF/BWJZJndsQslgkRA+VRM8U=
-8,-223,kd/GFVInMP9YoLwLRiHhhQggDv0=,8u+WF/BWJZJndsQslgkRA+VRM8U=
-16,-212,kd/GFVInMP9YoLwLRiHhhQggDv0=,8u+WF/BWJZJndsQslgkRA+VRM8U=
-15,-212,kd/GFVInMP9YoLwLRiHhhQggDv0=,8u+WF/BWJZJndsQslgkRA+VRM8U=
-1,-213,kd/GFVInMP9YoLwLRiHhhQggDv0=,8u+WF/BWJZJndsQslgkRA+VRM8U=
-4,-224,kd/GFVInMP9YoLwLRiHhhQggDv0=,8u+WF/BWJZJndsQslgkRA+VRM8U=
-2,-213,kd/GFVInMP9YoLwLRiHhhQggDv0=,8u+WF/BWJZJndsQslgkRA+VRM8U=
-5,-213,kd/GFVInMP9YoLwLRiHhhQggDv0=,8u+WF/BWJZJndsQslgkRA+VRM8U=
-3,-213,kd/GFVInMP9YoLwLRiHhhQggDv0=,8u+WF/BWJZJndsQslgkRA+VRM8U=
-4,-213,kd/GFVInMP9YoLwLRiHhhQggDv0=,8u+WF/BWJZJndsQslgkRA+VRM8U=
-7,-223,kd/GFVInMP9YoLwLRiHhhQggDv0=,8u+WF/BWJZJndsQslgkRA+VRM8U=
-6,-213,kd/GFVInMP9YoLwLRiHhhQggDv0=,8u+WF/BWJZJndsQslgkRA+VRM8U=
-7,-213,kd/GFVInMP9YoLwLRiHhhQggDv0=,8u+WF/BWJZJndsQslgkRA+VRM8U=
-9,-213,kd/GFVInMP9YoLwLRiHhhQggDv0=,8u+WF/BWJZJndsQslgkRA+VRM8U=
-8,-213,kd/GFVInMP9YoLwLRiHhhQggDv0=,8u+WF/BWJZJndsQslgkRA+VRM8U=
-10,-213,kd/GFVInMP9YoLwLRiHhhQggDv0=,8u+WF/BWJZJndsQslgkRA+VRM8U=
-11,-213,kd/GFVInMP9YoLwLRiHhhQggDv0=,8u+WF/BWJZJndsQslgkRA+VRM8U=
-12,-213,kd/GFVInMP9YoLwLRiHhhQggDv0=,8u+WF/BWJZJndsQslgkRA+VRM8U=
-13,-213,kd/GFVInMP9YoLwLRiHhhQggDv0=,8u+WF/BWJZJndsQslgkRA+VRM8U=
-6,-223,kd/GFVInMP9YoLwLRiHhhQggDv0=,8u+WF/BWJZJndsQslgkRA+VRM8U=
-16,-213,kd/GFVInMP9YoLwLRiHhhQggDv0=,8u+WF/BWJZJndsQslgkRA+VRM8U=
-15,-213,kd/GFVInMP9YoLwLRiHhhQggDv0=,8u+WF/BWJZJndsQslgkRA+VRM8U=
-14,-213,kd/GFVInMP9YoLwLRiHhhQggDv0=,8u+WF/BWJZJndsQslgkRA+VRM8U=
-5,-224,kd/GFVInMP9YoLwLRiHhhQggDv0=,8u+WF/BWJZJndsQslgkRA+VRM8U=
-2,-214,kd/GFVInMP9YoLwLRiHhhQggDv0=,8u+WF/BWJZJndsQslgkRA+VRM8U=
-1,-214,kd/GFVInMP9YoLwLRiHhhQggDv0=,8u+WF/BWJZJndsQslgkRA+VRM8U=
-5,-223,kd/GFVInMP9YoLwLRiHhhQggDv0=,8u+WF/BWJZJndsQslgkRA+VRM8U=
-4,-214,kd/GFVInMP9YoLwLRiHhhQggDv0=,8u+WF/BWJZJndsQslgkRA+VRM8U=
-5,-214,kd/GFVInMP9YoLwLRiHhhQggDv0=,8u+WF/BWJZJndsQslgkRA+VRM8U=
-7,-214,kd/GFVInMP9YoLwLRiHhhQggDv0=,8u+WF/BWJZJndsQslgkRA+VRM8U=
-8,-214,kd/GFVInMP9YoLwLRiHhhQggDv0=,8u+WF/BWJZJndsQslgkRA+VRM8U=
-6,-214,kd/GFVInMP9YoLwLRiHhhQggDv0=,8u+WF/BWJZJndsQslgkRA+VRM8U=
-9,-214,kd/GFVInMP9YoLwLRiHhhQggDv0=,8u+WF/BWJZJndsQslgkRA+VRM8U=
-10,-214,kd/GFVInMP9YoLwLRiHhhQggDv0=,8u+WF/BWJZJndsQslgkRA+VRM8U=
-11,-214,kd/GFVInMP9YoLwLRiHhhQggDv0=,8u+WF/BWJZJndsQslgkRA+VRM8U=
-13,-214,kd/GFVInMP9YoLwLRiHhhQggDv0=,8u+WF/BWJZJndsQslgkRA+VRM8U=
-4,-223,kd/GFVInMP9YoLwLRiHhhQggDv0=,8u+WF/BWJZJndsQslgkRA+VRM8U=
-12,-214,kd/GFVInMP9YoLwLRiHhhQggDv0=,8u+WF/BWJZJndsQslgkRA+VRM8U=
-14,-214,kd/GFVInMP9YoLwLRiHhhQggDv0=,8u+WF/BWJZJndsQslgkRA+VRM8U=
-15,-214,kd/GFVInMP9YoLwLRiHhhQggDv0=,8u+WF/BWJZJndsQslgkRA+VRM8U=
-3,-223,kd/GFVInMP9YoLwLRiHhhQggDv0=,8u+WF/BWJZJndsQslgkRA+VRM8U=
-16,-214,kd/GFVInMP9YoLwLRiHhhQggDv0=,8u+WF/BWJZJndsQslgkRA+VRM8U=
-2,-215,kd/GFVInMP9YoLwLRiHhhQggDv0=,8u+WF/BWJZJndsQslgkRA+VRM8U=
-1,-215,kd/GFVInMP9YoLwLRiHhhQggDv0=,8u+WF/BWJZJndsQslgkRA+VRM8U=
-6,-224,kd/GFVInMP9YoLwLRiHhhQggDv0=,8u+WF/BWJZJndsQslgkRA+VRM8U=
-3,-215,kd/GFVInMP9YoLwLRiHhhQggDv0=,8u+WF/BWJZJndsQslgkRA+VRM8U=
-4,-215,kd/GFVInMP9YoLwLRiHhhQggDv0=,8u+WF/BWJZJndsQslgkRA+VRM8U=
-15,-224,kd/GFVInMP9YoLwLRiHhhQggDv0=,8u+WF/BWJZJndsQslgkRA+VRM8U=
-5,-215,kd/GFVInMP9YoLwLRiHhhQggDv0=,8u+WF/BWJZJndsQslgkRA+VRM8U=
-6,-215,kd/GFVInMP9YoLwLRiHhhQggDv0=,8u+WF/BWJZJndsQslgkRA+VRM8U=
-7,-215,kd/GFVInMP9YoLwLRiHhhQggDv0=,8u+WF/BWJZJndsQslgkRA+VRM8U=
-8,-215,kd/GFVInMP9YoLwLRiHhhQggDv0=,8u+WF/BWJZJndsQslgkRA+VRM8U=
-9,-215,kd/GFVInMP9YoLwLRiHhhQggDv0=,8u+WF/BWJZJndsQslgkRA+VRM8U=
-10,-215,kd/GFVInMP9YoLwLRiHhhQggDv0=,8u+WF/BWJZJndsQslgkRA+VRM8U=
-12,-215,kd/GFVInMP9YoLwLRiHhhQggDv0=,8u+WF/BWJZJndsQslgkRA+VRM8U=
-11,-215,kd/GFVInMP9YoLwLRiHhhQggDv0=,8u+WF/BWJZJndsQslgkRA+VRM8U=
-13,-215,kd/GFVInMP9YoLwLRiHhhQggDv0=,8u+WF/BWJZJndsQslgkRA+VRM8U=
-2,-223,kd/GFVInMP9YoLwLRiHhhQggDv0=,8u+WF/BWJZJndsQslgkRA+VRM8U=
-16,-215,kd/GFVInMP9YoLwLRiHhhQggDv0=,8u+WF/BWJZJndsQslgkRA+VRM8U=
-14,-215,kd/GFVInMP9YoLwLRiHhhQggDv0=,8u+WF/BWJZJndsQslgkRA+VRM8U=
-15,-215,kd/GFVInMP9YoLwLRiHhhQggDv0=,8u+WF/BWJZJndsQslgkRA+VRM8U=
-1,-216,kd/GFVInMP9YoLwLRiHhhQggDv0=,8u+WF/BWJZJndsQslgkRA+VRM8U=
-7,-224,kd/GFVInMP9YoLwLRiHhhQggDv0=,8u+WF/BWJZJndsQslgkRA+VRM8U=
-2,-216,kd/GFVInMP9YoLwLRiHhhQggDv0=,8u+WF/BWJZJndsQslgkRA+VRM8U=
-3,-216,kd/GFVInMP9YoLwLRiHhhQggDv0=,8u+WF/BWJZJndsQslgkRA+VRM8U=
-4,-216,kd/GFVInMP9YoLwLRiHhhQggDv0=,8u+WF/BWJZJndsQslgkRA+VRM8U=
-1,-223,kd/GFVInMP9YoLwLRiHhhQggDv0=,8u+WF/BWJZJndsQslgkRA+VRM8U=
-5,-216,kd/GFVInMP9YoLwLRiHhhQggDv0=,8u+WF/BWJZJndsQslgkRA+VRM8U=
-6,-216,kd/GFVInMP9YoLwLRiHhhQggDv0=,8u+WF/BWJZJndsQslgkRA+VRM8U=
-7,-216,kd/GFVInMP9YoLwLRiHhhQggDv0=,8u+WF/BWJZJndsQslgkRA+VRM8U=
-9,-216,kd/GFVInMP9YoLwLRiHhhQggDv0=,8u+WF/BWJZJndsQslgkRA+VRM8U=
-8,-216,kd/GFVInMP9YoLwLRiHhhQggDv0=,8u+WF/BWJZJndsQslgkRA+VRM8U=
-10,-216,kd/GFVInMP9YoLwLRiHhhQggDv0=,8u+WF/BWJZJndsQslgkRA+VRM8U=
-11,-216,kd/GFVInMP9YoLwLRiHhhQggDv0=,8u+WF/BWJZJndsQslgkRA+VRM8U=
-14,-224,kd/GFVInMP9YoLwLRiHhhQggDv0=,8u+WF/BWJZJndsQslgkRA+VRM8U=
-12,-216,kd/GFVInMP9YoLwLRiHhhQggDv0=,8u+WF/BWJZJndsQslgkRA+VRM8U=
-16,-216,kd/GFVInMP9YoLwLRiHhhQggDv0=,8u+WF/BWJZJndsQslgkRA+VRM8U=
-13,-216,kd/GFVInMP9YoLwLRiHhhQggDv0=,8u+WF/BWJZJndsQslgkRA+VRM8U=
-15,-216,kd/GFVInMP9YoLwLRiHhhQggDv0=,8u+WF/BWJZJndsQslgkRA+VRM8U=
-16,-222,kd/GFVInMP9YoLwLRiHhhQggDv0=,8u+WF/BWJZJndsQslgkRA+VRM8U=
-14,-216,kd/GFVInMP9YoLwLRiHhhQggDv0=,8u+WF/BWJZJndsQslgkRA+VRM8U=
-1,-217,kd/GFVInMP9YoLwLRiHhhQggDv0=,8u+WF/BWJZJndsQslgkRA+VRM8U=
-2,-217,kd/GFVInMP9YoLwLRiHhhQggDv0=,8u+WF/BWJZJndsQslgkRA+VRM8U=
-8,-224,kd/GFVInMP9YoLwLRiHhhQggDv0=,8u+WF/BWJZJndsQslgkRA+VRM8U=
-4,-217,kd/GFVInMP9YoLwLRiHhhQggDv0=,8u+WF/BWJZJndsQslgkRA+VRM8U=
-3,-217,kd/GFVInMP9YoLwLRiHhhQggDv0=,8u+WF/BWJZJndsQslgkRA+VRM8U=
-5,-217,kd/GFVInMP9YoLwLRiHhhQggDv0=,8u+WF/BWJZJndsQslgkRA+VRM8U=
-6,-217,kd/GFVInMP9YoLwLRiHhhQggDv0=,8u+WF/BWJZJndsQslgkRA+VRM8U=
-7,-217,kd/GFVInMP9YoLwLRiHhhQggDv0=,8u+WF/BWJZJndsQslgkRA+VRM8U=
-15,-222,kd/GFVInMP9YoLwLRiHhhQggDv0=,8u+WF/BWJZJndsQslgkRA+VRM8U=
-9,-217,kd/GFVInMP9YoLwLRiHhhQggDv0=,8u+WF/BWJZJndsQslgkRA+VRM8U=
-8,-217,kd/GFVInMP9YoLwLRiHhhQggDv0=,8u+WF/BWJZJndsQslgkRA+VRM8U=
-11,-217,kd/GFVInMP9YoLwLRiHhhQggDv0=,8u+WF/BWJZJndsQslgkRA+VRM8U=
-14,-222,kd/GFVInMP9YoLwLRiHhhQggDv0=,8u+WF/BWJZJndsQslgkRA+VRM8U=
-12,-217,kd/GFVInMP9YoLwLRiHhhQggDv0=,8u+WF/BWJZJndsQslgkRA+VRM8U=
-16,-217,kd/GFVInMP9YoLwLRiHhhQggDv0=,8u+WF/BWJZJndsQslgkRA+VRM8U=
-10,-217,kd/GFVInMP9YoLwLRiHhhQggDv0=,8u+WF/BWJZJndsQslgkRA+VRM8U=
-13,-217,kd/GFVInMP9YoLwLRiHhhQggDv0=,8u+WF/BWJZJndsQslgkRA+VRM8U=
-15,-217,kd/GFVInMP9YoLwLRiHhhQggDv0=,8u+WF/BWJZJndsQslgkRA+VRM8U=
-14,-217,kd/GFVInMP9YoLwLRiHhhQggDv0=,8u+WF/BWJZJndsQslgkRA+VRM8U=
-9,-224,kd/GFVInMP9YoLwLRiHhhQggDv0=,8u+WF/BWJZJndsQslgkRA+VRM8U=
-13,-222,kd/GFVInMP9YoLwLRiHhhQggDv0=,8u+WF/BWJZJndsQslgkRA+VRM8U=
-1,-218,kd/GFVInMP9YoLwLRiHhhQggDv0=,8u+WF/BWJZJndsQslgkRA+VRM8U=
-3,-218,kd/GFVInMP9YoLwLRiHhhQggDv0=,8u+WF/BWJZJndsQslgkRA+VRM8U=
-4,-218,kd/GFVInMP9YoLwLRiHhhQggDv0=,8u+WF/BWJZJndsQslgkRA+VRM8U=
-2,-218,kd/GFVInMP9YoLwLRiHhhQggDv0=,8u+WF/BWJZJndsQslgkRA+VRM8U=
-5,-218,kd/GFVInMP9YoLwLRiHhhQggDv0=,8u+WF/BWJZJndsQslgkRA+VRM8U=
-6,-218,kd/GFVInMP9YoLwLRiHhhQggDv0=,8u+WF/BWJZJndsQslgkRA+VRM8U=
-12,-222,kd/GFVInMP9YoLwLRiHhhQggDv0=,8u+WF/BWJZJndsQslgkRA+VRM8U=
-7,-218,kd/GFVInMP9YoLwLRiHhhQggDv0=,8u+WF/BWJZJndsQslgkRA+VRM8U=
-12,-218,kd/GFVInMP9YoLwLRiHhhQggDv0=,8u+WF/BWJZJndsQslgkRA+VRM8U=
-10,-218,kd/GFVInMP9YoLwLRiHhhQggDv0=,8u+WF/BWJZJndsQslgkRA+VRM8U=
-9,-218,kd/GFVInMP9YoLwLRiHhhQggDv0=,8u+WF/BWJZJndsQslgkRA+VRM8U=
-13,-218,kd/GFVInMP9YoLwLRiHhhQggDv0=,8u+WF/BWJZJndsQslgkRA+VRM8U=
-14,-218,kd/GFVInMP9YoLwLRiHhhQggDv0=,8u+WF/BWJZJndsQslgkRA+VRM8U=
-15,-218,kd/GFVInMP9YoLwLRiHhhQggDv0=,8u+WF/BWJZJndsQslgkRA+VRM8U=
-16,-218,kd/GFVInMP9YoLwLRiHhhQggDv0=,8u+WF/BWJZJndsQslgkRA+VRM8U=
-11,-222,kd/GFVInMP9YoLwLRiHhhQggDv0=,8u+WF/BWJZJndsQslgkRA+VRM8U=
-2,-219,kd/GFVInMP9YoLwLRiHhhQggDv0=,8u+WF/BWJZJndsQslgkRA+VRM8U=
-1,-219,kd/GFVInMP9YoLwLRiHhhQggDv0=,8u+WF/BWJZJndsQslgkRA+VRM8U=
-11,-218,kd/GFVInMP9YoLwLRiHhhQggDv0=,8u+WF/BWJZJndsQslgkRA+VRM8U=
-10,-224,kd/GFVInMP9YoLwLRiHhhQggDv0=,8u+WF/BWJZJndsQslgkRA+VRM8U=
-3,-219,kd/GFVInMP9YoLwLRiHhhQggDv0=,8u+WF/BWJZJndsQslgkRA+VRM8U=
-3,-214,kd/GFVInMP9YoLwLRiHhhQggDv0=,8u+WF/BWJZJndsQslgkRA+VRM8U=
-6,-219,kd/GFVInMP9YoLwLRiHhhQggDv0=,8u+WF/BWJZJndsQslgkRA+VRM8U=
-7,-219,kd/GFVInMP9YoLwLRiHhhQggDv0=,8u+WF/BWJZJndsQslgkRA+VRM8U=
-10,-219,kd/GFVInMP9YoLwLRiHhhQggDv0=,8u+WF/BWJZJndsQslgkRA+VRM8U=
-8,-219,kd/GFVInMP9YoLwLRiHhhQggDv0=,8u+WF/BWJZJndsQslgkRA+VRM8U=
-10,-222,kd/GFVInMP9YoLwLRiHhhQggDv0=,8u+WF/BWJZJndsQslgkRA+VRM8U=
-9,-219,kd/GFVInMP9YoLwLRiHhhQggDv0=,8u+WF/BWJZJndsQslgkRA+VRM8U=
-11,-219,kd/GFVInMP9YoLwLRiHhhQggDv0=,8u+WF/BWJZJndsQslgkRA+VRM8U=
-12,-219,kd/GFVInMP9YoLwLRiHhhQggDv0=,8u+WF/BWJZJndsQslgkRA+VRM8U=
-9,-222,kd/GFVInMP9YoLwLRiHhhQggDv0=,8u+WF/BWJZJndsQslgkRA+VRM8U=
-13,-219,kd/GFVInMP9YoLwLRiHhhQggDv0=,8u+WF/BWJZJndsQslgkRA+VRM8U=
-14,-219,kd/GFVInMP9YoLwLRiHhhQggDv0=,8u+WF/BWJZJndsQslgkRA+VRM8U=
-15,-219,kd/GFVInMP9YoLwLRiHhhQggDv0=,8u+WF/BWJZJndsQslgkRA+VRM8U=
-16,-219,kd/GFVInMP9YoLwLRiHhhQggDv0=,8u+WF/BWJZJndsQslgkRA+VRM8U=
-11,-224,kd/GFVInMP9YoLwLRiHhhQggDv0=,8u+WF/BWJZJndsQslgkRA+VRM8U=
-2,-220,kd/GFVInMP9YoLwLRiHhhQggDv0=,8u+WF/BWJZJndsQslgkRA+VRM8U=
-1,-220,kd/GFVInMP9YoLwLRiHhhQggDv0=,8u+WF/BWJZJndsQslgkRA+VRM8U=
-8,-222,kd/GFVInMP9YoLwLRiHhhQggDv0=,8u+WF/BWJZJndsQslgkRA+VRM8U=
-6,-220,kd/GFVInMP9YoLwLRiHhhQggDv0=,8u+WF/BWJZJndsQslgkRA+VRM8U=
-7,-220,kd/GFVInMP9YoLwLRiHhhQggDv0=,8u+WF/BWJZJndsQslgkRA+VRM8U=
-4,-220,kd/GFVInMP9YoLwLRiHhhQggDv0=,8u+WF/BWJZJndsQslgkRA+VRM8U=
-3,-220,kd/GFVInMP9YoLwLRiHhhQggDv0=,8u+WF/BWJZJndsQslgkRA+VRM8U=
-5,-220,kd/GFVInMP9YoLwLRiHhhQggDv0=,8u+WF/BWJZJndsQslgkRA+VRM8U=
-8,-220,kd/GFVInMP9YoLwLRiHhhQggDv0=,8u+WF/BWJZJndsQslgkRA+VRM8U=
-9,-220,kd/GFVInMP9YoLwLRiHhhQggDv0=,8u+WF/BWJZJndsQslgkRA+VRM8U=
-10,-220,kd/GFVInMP9YoLwLRiHhhQggDv0=,8u+WF/BWJZJndsQslgkRA+VRM8U=
-12,-220,kd/GFVInMP9YoLwLRiHhhQggDv0=,8u+WF/BWJZJndsQslgkRA+VRM8U=
-11,-220,kd/GFVInMP9YoLwLRiHhhQggDv0=,8u+WF/BWJZJndsQslgkRA+VRM8U=
-14,-220,kd/GFVInMP9YoLwLRiHhhQggDv0=,8u+WF/BWJZJndsQslgkRA+VRM8U=
-13,-220,kd/GFVInMP9YoLwLRiHhhQggDv0=,8u+WF/BWJZJndsQslgkRA+VRM8U=
-16,-220,kd/GFVInMP9YoLwLRiHhhQggDv0=,8u+WF/BWJZJndsQslgkRA+VRM8U=
-15,-220,kd/GFVInMP9YoLwLRiHhhQggDv0=,8u+WF/BWJZJndsQslgkRA+VRM8U=
-7,-222,kd/GFVInMP9YoLwLRiHhhQggDv0=,8u+WF/BWJZJndsQslgkRA+VRM8U=
-4,-221,kd/GFVInMP9YoLwLRiHhhQggDv0=,8u+WF/BWJZJndsQslgkRA+VRM8U=
-3,-221,kd/GFVInMP9YoLwLRiHhhQggDv0=,8u+WF/BWJZJndsQslgkRA+VRM8U=
-1,-221,kd/GFVInMP9YoLwLRiHhhQggDv0=,8u+WF/BWJZJndsQslgkRA+VRM8U=
-2,-221,kd/GFVInMP9YoLwLRiHhhQggDv0=,8u+WF/BWJZJndsQslgkRA+VRM8U=
-12,-224,kd/GFVInMP9YoLwLRiHhhQggDv0=,8u+WF/BWJZJndsQslgkRA+VRM8U=
-5,-221,kd/GFVInMP9YoLwLRiHhhQggDv0=,8u+WF/BWJZJndsQslgkRA+VRM8U=
-6,-222,kd/GFVInMP9YoLwLRiHhhQggDv0=,8u+WF/BWJZJndsQslgkRA+VRM8U=
-8,-221,kd/GFVInMP9YoLwLRiHhhQggDv0=,8u+WF/BWJZJndsQslgkRA+VRM8U=
-9,-221,kd/GFVInMP9YoLwLRiHhhQggDv0=,8u+WF/BWJZJndsQslgkRA+VRM8U=
-7,-221,kd/GFVInMP9YoLwLRiHhhQggDv0=,8u+WF/BWJZJndsQslgkRA+VRM8U=
-6,-221,kd/GFVInMP9YoLwLRiHhhQggDv0=,8u+WF/BWJZJndsQslgkRA+VRM8U=
-10,-221,kd/GFVInMP9YoLwLRiHhhQggDv0=,8u+WF/BWJZJndsQslgkRA+VRM8U=
-11,-221,kd/GFVInMP9YoLwLRiHhhQggDv0=,8u+WF/BWJZJndsQslgkRA+VRM8U=
-5,-222,kd/GFVInMP9YoLwLRiHhhQggDv0=,8u+WF/BWJZJndsQslgkRA+VRM8U=
-12,-221,kd/GFVInMP9YoLwLRiHhhQggDv0=,8u+WF/BWJZJndsQslgkRA+VRM8U=
-13,-221,kd/GFVInMP9YoLwLRiHhhQggDv0=,8u+WF/BWJZJndsQslgkRA+VRM8U=
-16,-221,kd/GFVInMP9YoLwLRiHhhQggDv0=,8u+WF/BWJZJndsQslgkRA+VRM8U=
-14,-221,kd/GFVInMP9YoLwLRiHhhQggDv0=,8u+WF/BWJZJndsQslgkRA+VRM8U=
-13,-224,kd/GFVInMP9YoLwLRiHhhQggDv0=,8u+WF/BWJZJndsQslgkRA+VRM8U=
-15,-221,kd/GFVInMP9YoLwLRiHhhQggDv0=,8u+WF/BWJZJndsQslgkRA+VRM8U=
-1,-222,kd/GFVInMP9YoLwLRiHhhQggDv0=,8u+WF/BWJZJndsQslgkRA+VRM8U=
-4,-222,kd/GFVInMP9YoLwLRiHhhQggDv0=,8u+WF/BWJZJndsQslgkRA+VRM8U=
-2,-222,kd/GFVInMP9YoLwLRiHhhQggDv0=,8u+WF/BWJZJndsQslgkRA+VRM8U=
-8,-218,kd/GFVInMP9YoLwLRiHhhQggDv0=,8u+WF/BWJZJndsQslgkRA+VRM8U=
-3,-222,kd/GFVInMP9YoLwLRiHhhQggDv0=,8u+WF/BWJZJndsQslgkRA+VRM8U=
-4,-219,kd/GFVInMP9YoLwLRiHhhQggDv0=,8u+WF/BWJZJndsQslgkRA+VRM8U=
-5,-219,kd/GFVInMP9YoLwLRiHhhQggDv0=,8u+WF/BWJZJndsQslgkRA+VRM8U=
-32,-208,GGxqHuabyg2RqoNbm9ki/pXGiFg=,8u+WF/BWJZJndsQslgkRA+VRM8U=
-18,-193,GGxqHuabyg2RqoNbm9ki/pXGiFg=,8u+WF/BWJZJndsQslgkRA+VRM8U=
-17,-193,GGxqHuabyg2RqoNbm9ki/pXGiFg=,8u+WF/BWJZJndsQslgkRA+VRM8U=
-17,-208,GGxqHuabyg2RqoNbm9ki/pXGiFg=,8u+WF/BWJZJndsQslgkRA+VRM8U=
-19,-193,GGxqHuabyg2RqoNbm9ki/pXGiFg=,8u+WF/BWJZJndsQslgkRA+VRM8U=
-20,-193,GGxqHuabyg2RqoNbm9ki/pXGiFg=,8u+WF/BWJZJndsQslgkRA+VRM8U=
-21,-193,GGxqHuabyg2RqoNbm9ki/pXGiFg=,8u+WF/BWJZJndsQslgkRA+VRM8U=
-22,-193,GGxqHuabyg2RqoNbm9ki/pXGiFg=,8u+WF/BWJZJndsQslgkRA+VRM8U=
-24,-193,GGxqHuabyg2RqoNbm9ki/pXGiFg=,8u+WF/BWJZJndsQslgkRA+VRM8U=
-23,-193,GGxqHuabyg2RqoNbm9ki/pXGiFg=,8u+WF/BWJZJndsQslgkRA+VRM8U=
-26,-193,GGxqHuabyg2RqoNbm9ki/pXGiFg=,8u+WF/BWJZJndsQslgkRA+VRM8U=
-27,-193,GGxqHuabyg2RqoNbm9ki/pXGiFg=,8u+WF/BWJZJndsQslgkRA+VRM8U=
-25,-193,GGxqHuabyg2RqoNbm9ki/pXGiFg=,8u+WF/BWJZJndsQslgkRA+VRM8U=
-28,-193,GGxqHuabyg2RqoNbm9ki/pXGiFg=,8u+WF/BWJZJndsQslgkRA+VRM8U=
-30,-193,GGxqHuabyg2RqoNbm9ki/pXGiFg=,8u+WF/BWJZJndsQslgkRA+VRM8U=
-31,-193,GGxqHuabyg2RqoNbm9ki/pXGiFg=,8u+WF/BWJZJndsQslgkRA+VRM8U=
-29,-193,GGxqHuabyg2RqoNbm9ki/pXGiFg=,8u+WF/BWJZJndsQslgkRA+VRM8U=
-18,-208,GGxqHuabyg2RqoNbm9ki/pXGiFg=,8u+WF/BWJZJndsQslgkRA+VRM8U=
-32,-193,GGxqHuabyg2RqoNbm9ki/pXGiFg=,8u+WF/BWJZJndsQslgkRA+VRM8U=
-17,-194,GGxqHuabyg2RqoNbm9ki/pXGiFg=,8u+WF/BWJZJndsQslgkRA+VRM8U=
-19,-194,GGxqHuabyg2RqoNbm9ki/pXGiFg=,8u+WF/BWJZJndsQslgkRA+VRM8U=
-18,-194,GGxqHuabyg2RqoNbm9ki/pXGiFg=,8u+WF/BWJZJndsQslgkRA+VRM8U=
-20,-194,GGxqHuabyg2RqoNbm9ki/pXGiFg=,8u+WF/BWJZJndsQslgkRA+VRM8U=
-21,-194,GGxqHuabyg2RqoNbm9ki/pXGiFg=,8u+WF/BWJZJndsQslgkRA+VRM8U=
-22,-194,GGxqHuabyg2RqoNbm9ki/pXGiFg=,8u+WF/BWJZJndsQslgkRA+VRM8U=
-23,-194,GGxqHuabyg2RqoNbm9ki/pXGiFg=,8u+WF/BWJZJndsQslgkRA+VRM8U=
-24,-194,GGxqHuabyg2RqoNbm9ki/pXGiFg=,8u+WF/BWJZJndsQslgkRA+VRM8U=
-25,-194,GGxqHuabyg2RqoNbm9ki/pXGiFg=,8u+WF/BWJZJndsQslgkRA+VRM8U=
-26,-194,GGxqHuabyg2RqoNbm9ki/pXGiFg=,8u+WF/BWJZJndsQslgkRA+VRM8U=
-28,-194,GGxqHuabyg2RqoNbm9ki/pXGiFg=,8u+WF/BWJZJndsQslgkRA+VRM8U=
-27,-194,GGxqHuabyg2RqoNbm9ki/pXGiFg=,8u+WF/BWJZJndsQslgkRA+VRM8U=
-29,-194,GGxqHuabyg2RqoNbm9ki/pXGiFg=,8u+WF/BWJZJndsQslgkRA+VRM8U=
-32,-207,GGxqHuabyg2RqoNbm9ki/pXGiFg=,8u+WF/BWJZJndsQslgkRA+VRM8U=
-31,-194,GGxqHuabyg2RqoNbm9ki/pXGiFg=,8u+WF/BWJZJndsQslgkRA+VRM8U=
-30,-194,GGxqHuabyg2RqoNbm9ki/pXGiFg=,8u+WF/BWJZJndsQslgkRA+VRM8U=
-19,-208,GGxqHuabyg2RqoNbm9ki/pXGiFg=,8u+WF/BWJZJndsQslgkRA+VRM8U=
-31,-207,GGxqHuabyg2RqoNbm9ki/pXGiFg=,8u+WF/BWJZJndsQslgkRA+VRM8U=
-17,-195,GGxqHuabyg2RqoNbm9ki/pXGiFg=,8u+WF/BWJZJndsQslgkRA+VRM8U=
-32,-194,GGxqHuabyg2RqoNbm9ki/pXGiFg=,8u+WF/BWJZJndsQslgkRA+VRM8U=
-18,-195,GGxqHuabyg2RqoNbm9ki/pXGiFg=,8u+WF/BWJZJndsQslgkRA+VRM8U=
-30,-207,GGxqHuabyg2RqoNbm9ki/pXGiFg=,8u+WF/BWJZJndsQslgkRA+VRM8U=
-20,-195,GGxqHuabyg2RqoNbm9ki/pXGiFg=,8u+WF/BWJZJndsQslgkRA+VRM8U=
-29,-207,GGxqHuabyg2RqoNbm9ki/pXGiFg=,8u+WF/BWJZJndsQslgkRA+VRM8U=
-19,-195,GGxqHuabyg2RqoNbm9ki/pXGiFg=,8u+WF/BWJZJndsQslgkRA+VRM8U=
-21,-195,GGxqHuabyg2RqoNbm9ki/pXGiFg=,8u+WF/BWJZJndsQslgkRA+VRM8U=
-22,-195,GGxqHuabyg2RqoNbm9ki/pXGiFg=,8u+WF/BWJZJndsQslgkRA+VRM8U=
-23,-195,GGxqHuabyg2RqoNbm9ki/pXGiFg=,8u+WF/BWJZJndsQslgkRA+VRM8U=
-28,-207,GGxqHuabyg2RqoNbm9ki/pXGiFg=,8u+WF/BWJZJndsQslgkRA+VRM8U=
-24,-195,GGxqHuabyg2RqoNbm9ki/pXGiFg=,8u+WF/BWJZJndsQslgkRA+VRM8U=
-25,-195,GGxqHuabyg2RqoNbm9ki/pXGiFg=,8u+WF/BWJZJndsQslgkRA+VRM8U=
-26,-195,GGxqHuabyg2RqoNbm9ki/pXGiFg=,8u+WF/BWJZJndsQslgkRA+VRM8U=
-27,-207,GGxqHuabyg2RqoNbm9ki/pXGiFg=,8u+WF/BWJZJndsQslgkRA+VRM8U=
-27,-195,GGxqHuabyg2RqoNbm9ki/pXGiFg=,8u+WF/BWJZJndsQslgkRA+VRM8U=
-29,-195,GGxqHuabyg2RqoNbm9ki/pXGiFg=,8u+WF/BWJZJndsQslgkRA+VRM8U=
-26,-207,GGxqHuabyg2RqoNbm9ki/pXGiFg=,8u+WF/BWJZJndsQslgkRA+VRM8U=
-28,-195,GGxqHuabyg2RqoNbm9ki/pXGiFg=,8u+WF/BWJZJndsQslgkRA+VRM8U=
-30,-195,GGxqHuabyg2RqoNbm9ki/pXGiFg=,8u+WF/BWJZJndsQslgkRA+VRM8U=
-25,-207,GGxqHuabyg2RqoNbm9ki/pXGiFg=,8u+WF/BWJZJndsQslgkRA+VRM8U=
-20,-208,GGxqHuabyg2RqoNbm9ki/pXGiFg=,8u+WF/BWJZJndsQslgkRA+VRM8U=
-31,-195,GGxqHuabyg2RqoNbm9ki/pXGiFg=,8u+WF/BWJZJndsQslgkRA+VRM8U=
-32,-195,GGxqHuabyg2RqoNbm9ki/pXGiFg=,8u+WF/BWJZJndsQslgkRA+VRM8U=
-24,-207,GGxqHuabyg2RqoNbm9ki/pXGiFg=,8u+WF/BWJZJndsQslgkRA+VRM8U=
-18,-196,GGxqHuabyg2RqoNbm9ki/pXGiFg=,8u+WF/BWJZJndsQslgkRA+VRM8U=
-17,-196,GGxqHuabyg2RqoNbm9ki/pXGiFg=,8u+WF/BWJZJndsQslgkRA+VRM8U=
-19,-196,GGxqHuabyg2RqoNbm9ki/pXGiFg=,8u+WF/BWJZJndsQslgkRA+VRM8U=
-23,-207,GGxqHuabyg2RqoNbm9ki/pXGiFg=,8u+WF/BWJZJndsQslgkRA+VRM8U=
-22,-207,GGxqHuabyg2RqoNbm9ki/pXGiFg=,8u+WF/BWJZJndsQslgkRA+VRM8U=
-20,-196,GGxqHuabyg2RqoNbm9ki/pXGiFg=,8u+WF/BWJZJndsQslgkRA+VRM8U=
-22,-196,GGxqHuabyg2RqoNbm9ki/pXGiFg=,8u+WF/BWJZJndsQslgkRA+VRM8U=
-21,-196,GGxqHuabyg2RqoNbm9ki/pXGiFg=,8u+WF/BWJZJndsQslgkRA+VRM8U=
-23,-196,GGxqHuabyg2RqoNbm9ki/pXGiFg=,8u+WF/BWJZJndsQslgkRA+VRM8U=
-21,-207,GGxqHuabyg2RqoNbm9ki/pXGiFg=,8u+WF/BWJZJndsQslgkRA+VRM8U=
-24,-196,GGxqHuabyg2RqoNbm9ki/pXGiFg=,8u+WF/BWJZJndsQslgkRA+VRM8U=
-25,-196,GGxqHuabyg2RqoNbm9ki/pXGiFg=,8u+WF/BWJZJndsQslgkRA+VRM8U=
-26,-196,GGxqHuabyg2RqoNbm9ki/pXGiFg=,8u+WF/BWJZJndsQslgkRA+VRM8U=
-20,-207,GGxqHuabyg2RqoNbm9ki/pXGiFg=,8u+WF/BWJZJndsQslgkRA+VRM8U=
-27,-196,GGxqHuabyg2RqoNbm9ki/pXGiFg=,8u+WF/BWJZJndsQslgkRA+VRM8U=
-28,-196,GGxqHuabyg2RqoNbm9ki/pXGiFg=,8u+WF/BWJZJndsQslgkRA+VRM8U=
-29,-196,GGxqHuabyg2RqoNbm9ki/pXGiFg=,8u+WF/BWJZJndsQslgkRA+VRM8U=
-19,-207,GGxqHuabyg2RqoNbm9ki/pXGiFg=,8u+WF/BWJZJndsQslgkRA+VRM8U=
-30,-196,GGxqHuabyg2RqoNbm9ki/pXGiFg=,8u+WF/BWJZJndsQslgkRA+VRM8U=
-31,-196,GGxqHuabyg2RqoNbm9ki/pXGiFg=,8u+WF/BWJZJndsQslgkRA+VRM8U=
-18,-207,GGxqHuabyg2RqoNbm9ki/pXGiFg=,8u+WF/BWJZJndsQslgkRA+VRM8U=
-21,-208,GGxqHuabyg2RqoNbm9ki/pXGiFg=,8u+WF/BWJZJndsQslgkRA+VRM8U=
-32,-196,GGxqHuabyg2RqoNbm9ki/pXGiFg=,8u+WF/BWJZJndsQslgkRA+VRM8U=
-17,-197,GGxqHuabyg2RqoNbm9ki/pXGiFg=,8u+WF/BWJZJndsQslgkRA+VRM8U=
-17,-207,GGxqHuabyg2RqoNbm9ki/pXGiFg=,8u+WF/BWJZJndsQslgkRA+VRM8U=
-19,-197,GGxqHuabyg2RqoNbm9ki/pXGiFg=,8u+WF/BWJZJndsQslgkRA+VRM8U=
-18,-197,GGxqHuabyg2RqoNbm9ki/pXGiFg=,8u+WF/BWJZJndsQslgkRA+VRM8U=
-20,-197,GGxqHuabyg2RqoNbm9ki/pXGiFg=,8u+WF/BWJZJndsQslgkRA+VRM8U=
-32,-206,GGxqHuabyg2RqoNbm9ki/pXGiFg=,8u+WF/BWJZJndsQslgkRA+VRM8U=
-21,-197,GGxqHuabyg2RqoNbm9ki/pXGiFg=,8u+WF/BWJZJndsQslgkRA+VRM8U=
-22,-197,GGxqHuabyg2RqoNbm9ki/pXGiFg=,8u+WF/BWJZJndsQslgkRA+VRM8U=
-31,-208,GGxqHuabyg2RqoNbm9ki/pXGiFg=,8u+WF/BWJZJndsQslgkRA+VRM8U=
-23,-197,GGxqHuabyg2RqoNbm9ki/pXGiFg=,8u+WF/BWJZJndsQslgkRA+VRM8U=
-25,-197,GGxqHuabyg2RqoNbm9ki/pXGiFg=,8u+WF/BWJZJndsQslgkRA+VRM8U=
-24,-197,GGxqHuabyg2RqoNbm9ki/pXGiFg=,8u+WF/BWJZJndsQslgkRA+VRM8U=
-31,-206,GGxqHuabyg2RqoNbm9ki/pXGiFg=,8u+WF/BWJZJndsQslgkRA+VRM8U=
-26,-197,GGxqHuabyg2RqoNbm9ki/pXGiFg=,8u+WF/BWJZJndsQslgkRA+VRM8U=
-27,-197,GGxqHuabyg2RqoNbm9ki/pXGiFg=,8u+WF/BWJZJndsQslgkRA+VRM8U=
-28,-197,GGxqHuabyg2RqoNbm9ki/pXGiFg=,8u+WF/BWJZJndsQslgkRA+VRM8U=
-29,-206,GGxqHuabyg2RqoNbm9ki/pXGiFg=,8u+WF/BWJZJndsQslgkRA+VRM8U=
-30,-206,GGxqHuabyg2RqoNbm9ki/pXGiFg=,8u+WF/BWJZJndsQslgkRA+VRM8U=
-31,-197,GGxqHuabyg2RqoNbm9ki/pXGiFg=,8u+WF/BWJZJndsQslgkRA+VRM8U=
-30,-197,GGxqHuabyg2RqoNbm9ki/pXGiFg=,8u+WF/BWJZJndsQslgkRA+VRM8U=
-28,-206,GGxqHuabyg2RqoNbm9ki/pXGiFg=,8u+WF/BWJZJndsQslgkRA+VRM8U=
-29,-197,GGxqHuabyg2RqoNbm9ki/pXGiFg=,8u+WF/BWJZJndsQslgkRA+VRM8U=
-22,-208,GGxqHuabyg2RqoNbm9ki/pXGiFg=,8u+WF/BWJZJndsQslgkRA+VRM8U=
-32,-197,GGxqHuabyg2RqoNbm9ki/pXGiFg=,8u+WF/BWJZJndsQslgkRA+VRM8U=
-27,-206,GGxqHuabyg2RqoNbm9ki/pXGiFg=,8u+WF/BWJZJndsQslgkRA+VRM8U=
-18,-198,GGxqHuabyg2RqoNbm9ki/pXGiFg=,8u+WF/BWJZJndsQslgkRA+VRM8U=
-19,-198,GGxqHuabyg2RqoNbm9ki/pXGiFg=,8u+WF/BWJZJndsQslgkRA+VRM8U=
-20,-198,GGxqHuabyg2RqoNbm9ki/pXGiFg=,8u+WF/BWJZJndsQslgkRA+VRM8U=
-17,-198,GGxqHuabyg2RqoNbm9ki/pXGiFg=,8u+WF/BWJZJndsQslgkRA+VRM8U=
-26,-206,GGxqHuabyg2RqoNbm9ki/pXGiFg=,8u+WF/BWJZJndsQslgkRA+VRM8U=
-21,-198,GGxqHuabyg2RqoNbm9ki/pXGiFg=,8u+WF/BWJZJndsQslgkRA+VRM8U=
-24,-198,GGxqHuabyg2RqoNbm9ki/pXGiFg=,8u+WF/BWJZJndsQslgkRA+VRM8U=
-25,-206,GGxqHuabyg2RqoNbm9ki/pXGiFg=,8u+WF/BWJZJndsQslgkRA+VRM8U=
-22,-198,GGxqHuabyg2RqoNbm9ki/pXGiFg=,8u+WF/BWJZJndsQslgkRA+VRM8U=
-26,-198,GGxqHuabyg2RqoNbm9ki/pXGiFg=,8u+WF/BWJZJndsQslgkRA+VRM8U=
-25,-198,GGxqHuabyg2RqoNbm9ki/pXGiFg=,8u+WF/BWJZJndsQslgkRA+VRM8U=
-24,-206,GGxqHuabyg2RqoNbm9ki/pXGiFg=,8u+WF/BWJZJndsQslgkRA+VRM8U=
-23,-198,GGxqHuabyg2RqoNbm9ki/pXGiFg=,8u+WF/BWJZJndsQslgkRA+VRM8U=
-27,-198,GGxqHuabyg2RqoNbm9ki/pXGiFg=,8u+WF/BWJZJndsQslgkRA+VRM8U=
-28,-198,GGxqHuabyg2RqoNbm9ki/pXGiFg=,8u+WF/BWJZJndsQslgkRA+VRM8U=
-29,-198,GGxqHuabyg2RqoNbm9ki/pXGiFg=,8u+WF/BWJZJndsQslgkRA+VRM8U=
-30,-198,GGxqHuabyg2RqoNbm9ki/pXGiFg=,8u+WF/BWJZJndsQslgkRA+VRM8U=
-23,-206,GGxqHuabyg2RqoNbm9ki/pXGiFg=,8u+WF/BWJZJndsQslgkRA+VRM8U=
-31,-198,GGxqHuabyg2RqoNbm9ki/pXGiFg=,8u+WF/BWJZJndsQslgkRA+VRM8U=
-23,-208,GGxqHuabyg2RqoNbm9ki/pXGiFg=,8u+WF/BWJZJndsQslgkRA+VRM8U=
-17,-199,GGxqHuabyg2RqoNbm9ki/pXGiFg=,8u+WF/BWJZJndsQslgkRA+VRM8U=
-22,-206,GGxqHuabyg2RqoNbm9ki/pXGiFg=,8u+WF/BWJZJndsQslgkRA+VRM8U=
-19,-199,GGxqHuabyg2RqoNbm9ki/pXGiFg=,8u+WF/BWJZJndsQslgkRA+VRM8U=
-20,-199,GGxqHuabyg2RqoNbm9ki/pXGiFg=,8u+WF/BWJZJndsQslgkRA+VRM8U=
-32,-198,GGxqHuabyg2RqoNbm9ki/pXGiFg=,8u+WF/BWJZJndsQslgkRA+VRM8U=
-21,-206,GGxqHuabyg2RqoNbm9ki/pXGiFg=,8u+WF/BWJZJndsQslgkRA+VRM8U=
-18,-199,GGxqHuabyg2RqoNbm9ki/pXGiFg=,8u+WF/BWJZJndsQslgkRA+VRM8U=
-22,-199,GGxqHuabyg2RqoNbm9ki/pXGiFg=,8u+WF/BWJZJndsQslgkRA+VRM8U=
-23,-199,GGxqHuabyg2RqoNbm9ki/pXGiFg=,8u+WF/BWJZJndsQslgkRA+VRM8U=
-20,-206,GGxqHuabyg2RqoNbm9ki/pXGiFg=,8u+WF/BWJZJndsQslgkRA+VRM8U=
-24,-199,GGxqHuabyg2RqoNbm9ki/pXGiFg=,8u+WF/BWJZJndsQslgkRA+VRM8U=
-25,-199,GGxqHuabyg2RqoNbm9ki/pXGiFg=,8u+WF/BWJZJndsQslgkRA+VRM8U=
-21,-199,GGxqHuabyg2RqoNbm9ki/pXGiFg=,8u+WF/BWJZJndsQslgkRA+VRM8U=
-26,-199,GGxqHuabyg2RqoNbm9ki/pXGiFg=,8u+WF/BWJZJndsQslgkRA+VRM8U=
-27,-199,GGxqHuabyg2RqoNbm9ki/pXGiFg=,8u+WF/BWJZJndsQslgkRA+VRM8U=
-28,-199,GGxqHuabyg2RqoNbm9ki/pXGiFg=,8u+WF/BWJZJndsQslgkRA+VRM8U=
-30,-199,GGxqHuabyg2RqoNbm9ki/pXGiFg=,8u+WF/BWJZJndsQslgkRA+VRM8U=
-29,-199,GGxqHuabyg2RqoNbm9ki/pXGiFg=,8u+WF/BWJZJndsQslgkRA+VRM8U=
-19,-206,GGxqHuabyg2RqoNbm9ki/pXGiFg=,8u+WF/BWJZJndsQslgkRA+VRM8U=
-31,-199,GGxqHuabyg2RqoNbm9ki/pXGiFg=,8u+WF/BWJZJndsQslgkRA+VRM8U=
-24,-208,GGxqHuabyg2RqoNbm9ki/pXGiFg=,8u+WF/BWJZJndsQslgkRA+VRM8U=
-32,-199,GGxqHuabyg2RqoNbm9ki/pXGiFg=,8u+WF/BWJZJndsQslgkRA+VRM8U=
-18,-206,GGxqHuabyg2RqoNbm9ki/pXGiFg=,8u+WF/BWJZJndsQslgkRA+VRM8U=
-18,-200,GGxqHuabyg2RqoNbm9ki/pXGiFg=,8u+WF/BWJZJndsQslgkRA+VRM8U=
-17,-200,GGxqHuabyg2RqoNbm9ki/pXGiFg=,8u+WF/BWJZJndsQslgkRA+VRM8U=
-19,-200,GGxqHuabyg2RqoNbm9ki/pXGiFg=,8u+WF/BWJZJndsQslgkRA+VRM8U=
-20,-200,GGxqHuabyg2RqoNbm9ki/pXGiFg=,8u+WF/BWJZJndsQslgkRA+VRM8U=
-21,-200,GGxqHuabyg2RqoNbm9ki/pXGiFg=,8u+WF/BWJZJndsQslgkRA+VRM8U=
-22,-200,GGxqHuabyg2RqoNbm9ki/pXGiFg=,8u+WF/BWJZJndsQslgkRA+VRM8U=
-24,-200,GGxqHuabyg2RqoNbm9ki/pXGiFg=,8u+WF/BWJZJndsQslgkRA+VRM8U=
-17,-206,GGxqHuabyg2RqoNbm9ki/pXGiFg=,8u+WF/BWJZJndsQslgkRA+VRM8U=
-25,-200,GGxqHuabyg2RqoNbm9ki/pXGiFg=,8u+WF/BWJZJndsQslgkRA+VRM8U=
-23,-200,GGxqHuabyg2RqoNbm9ki/pXGiFg=,8u+WF/BWJZJndsQslgkRA+VRM8U=
-26,-200,GGxqHuabyg2RqoNbm9ki/pXGiFg=,8u+WF/BWJZJndsQslgkRA+VRM8U=
-28,-200,GGxqHuabyg2RqoNbm9ki/pXGiFg=,8u+WF/BWJZJndsQslgkRA+VRM8U=
-29,-200,GGxqHuabyg2RqoNbm9ki/pXGiFg=,8u+WF/BWJZJndsQslgkRA+VRM8U=
-32,-205,GGxqHuabyg2RqoNbm9ki/pXGiFg=,8u+WF/BWJZJndsQslgkRA+VRM8U=
-27,-200,GGxqHuabyg2RqoNbm9ki/pXGiFg=,8u+WF/BWJZJndsQslgkRA+VRM8U=
-30,-200,GGxqHuabyg2RqoNbm9ki/pXGiFg=,8u+WF/BWJZJndsQslgkRA+VRM8U=
-25,-208,GGxqHuabyg2RqoNbm9ki/pXGiFg=,8u+WF/BWJZJndsQslgkRA+VRM8U=
-31,-200,GGxqHuabyg2RqoNbm9ki/pXGiFg=,8u+WF/BWJZJndsQslgkRA+VRM8U=
-32,-200,GGxqHuabyg2RqoNbm9ki/pXGiFg=,8u+WF/BWJZJndsQslgkRA+VRM8U=
-17,-201,GGxqHuabyg2RqoNbm9ki/pXGiFg=,8u+WF/BWJZJndsQslgkRA+VRM8U=
-30,-208,GGxqHuabyg2RqoNbm9ki/pXGiFg=,8u+WF/BWJZJndsQslgkRA+VRM8U=
-18,-201,GGxqHuabyg2RqoNbm9ki/pXGiFg=,8u+WF/BWJZJndsQslgkRA+VRM8U=
-21,-201,GGxqHuabyg2RqoNbm9ki/pXGiFg=,8u+WF/BWJZJndsQslgkRA+VRM8U=
-19,-201,GGxqHuabyg2RqoNbm9ki/pXGiFg=,8u+WF/BWJZJndsQslgkRA+VRM8U=
-20,-201,GGxqHuabyg2RqoNbm9ki/pXGiFg=,8u+WF/BWJZJndsQslgkRA+VRM8U=
-31,-205,GGxqHuabyg2RqoNbm9ki/pXGiFg=,8u+WF/BWJZJndsQslgkRA+VRM8U=
-23,-201,GGxqHuabyg2RqoNbm9ki/pXGiFg=,8u+WF/BWJZJndsQslgkRA+VRM8U=
-25,-201,GGxqHuabyg2RqoNbm9ki/pXGiFg=,8u+WF/BWJZJndsQslgkRA+VRM8U=
-24,-201,GGxqHuabyg2RqoNbm9ki/pXGiFg=,8u+WF/BWJZJndsQslgkRA+VRM8U=
-30,-205,GGxqHuabyg2RqoNbm9ki/pXGiFg=,8u+WF/BWJZJndsQslgkRA+VRM8U=
-22,-201,GGxqHuabyg2RqoNbm9ki/pXGiFg=,8u+WF/BWJZJndsQslgkRA+VRM8U=
-26,-201,GGxqHuabyg2RqoNbm9ki/pXGiFg=,8u+WF/BWJZJndsQslgkRA+VRM8U=
-28,-201,GGxqHuabyg2RqoNbm9ki/pXGiFg=,8u+WF/BWJZJndsQslgkRA+VRM8U=
-29,-201,GGxqHuabyg2RqoNbm9ki/pXGiFg=,8u+WF/BWJZJndsQslgkRA+VRM8U=
-30,-201,GGxqHuabyg2RqoNbm9ki/pXGiFg=,8u+WF/BWJZJndsQslgkRA+VRM8U=
-27,-201,GGxqHuabyg2RqoNbm9ki/pXGiFg=,8u+WF/BWJZJndsQslgkRA+VRM8U=
-31,-201,GGxqHuabyg2RqoNbm9ki/pXGiFg=,8u+WF/BWJZJndsQslgkRA+VRM8U=
-29,-205,GGxqHuabyg2RqoNbm9ki/pXGiFg=,8u+WF/BWJZJndsQslgkRA+VRM8U=
-26,-208,GGxqHuabyg2RqoNbm9ki/pXGiFg=,8u+WF/BWJZJndsQslgkRA+VRM8U=
-17,-202,GGxqHuabyg2RqoNbm9ki/pXGiFg=,8u+WF/BWJZJndsQslgkRA+VRM8U=
-32,-201,GGxqHuabyg2RqoNbm9ki/pXGiFg=,8u+WF/BWJZJndsQslgkRA+VRM8U=
-19,-202,GGxqHuabyg2RqoNbm9ki/pXGiFg=,8u+WF/BWJZJndsQslgkRA+VRM8U=
-18,-202,GGxqHuabyg2RqoNbm9ki/pXGiFg=,8u+WF/BWJZJndsQslgkRA+VRM8U=
-28,-205,GGxqHuabyg2RqoNbm9ki/pXGiFg=,8u+WF/BWJZJndsQslgkRA+VRM8U=
-20,-202,GGxqHuabyg2RqoNbm9ki/pXGiFg=,8u+WF/BWJZJndsQslgkRA+VRM8U=
-21,-202,GGxqHuabyg2RqoNbm9ki/pXGiFg=,8u+WF/BWJZJndsQslgkRA+VRM8U=
-22,-202,GGxqHuabyg2RqoNbm9ki/pXGiFg=,8u+WF/BWJZJndsQslgkRA+VRM8U=
-23,-202,GGxqHuabyg2RqoNbm9ki/pXGiFg=,8u+WF/BWJZJndsQslgkRA+VRM8U=
-27,-205,GGxqHuabyg2RqoNbm9ki/pXGiFg=,8u+WF/BWJZJndsQslgkRA+VRM8U=
-24,-202,GGxqHuabyg2RqoNbm9ki/pXGiFg=,8u+WF/BWJZJndsQslgkRA+VRM8U=
-25,-202,GGxqHuabyg2RqoNbm9ki/pXGiFg=,8u+WF/BWJZJndsQslgkRA+VRM8U=
-26,-202,GGxqHuabyg2RqoNbm9ki/pXGiFg=,8u+WF/BWJZJndsQslgkRA+VRM8U=
-27,-202,GGxqHuabyg2RqoNbm9ki/pXGiFg=,8u+WF/BWJZJndsQslgkRA+VRM8U=
-28,-202,GGxqHuabyg2RqoNbm9ki/pXGiFg=,8u+WF/BWJZJndsQslgkRA+VRM8U=
-29,-202,GGxqHuabyg2RqoNbm9ki/pXGiFg=,8u+WF/BWJZJndsQslgkRA+VRM8U=
-26,-205,GGxqHuabyg2RqoNbm9ki/pXGiFg=,8u+WF/BWJZJndsQslgkRA+VRM8U=
-30,-202,GGxqHuabyg2RqoNbm9ki/pXGiFg=,8u+WF/BWJZJndsQslgkRA+VRM8U=
-27,-208,GGxqHuabyg2RqoNbm9ki/pXGiFg=,8u+WF/BWJZJndsQslgkRA+VRM8U=
-31,-202,GGxqHuabyg2RqoNbm9ki/pXGiFg=,8u+WF/BWJZJndsQslgkRA+VRM8U=
-32,-202,GGxqHuabyg2RqoNbm9ki/pXGiFg=,8u+WF/BWJZJndsQslgkRA+VRM8U=
-18,-203,GGxqHuabyg2RqoNbm9ki/pXGiFg=,8u+WF/BWJZJndsQslgkRA+VRM8U=
-17,-203,GGxqHuabyg2RqoNbm9ki/pXGiFg=,8u+WF/BWJZJndsQslgkRA+VRM8U=
-19,-203,GGxqHuabyg2RqoNbm9ki/pXGiFg=,8u+WF/BWJZJndsQslgkRA+VRM8U=
-20,-203,GGxqHuabyg2RqoNbm9ki/pXGiFg=,8u+WF/BWJZJndsQslgkRA+VRM8U=
-25,-205,GGxqHuabyg2RqoNbm9ki/pXGiFg=,8u+WF/BWJZJndsQslgkRA+VRM8U=
-21,-203,GGxqHuabyg2RqoNbm9ki/pXGiFg=,8u+WF/BWJZJndsQslgkRA+VRM8U=
-22,-203,GGxqHuabyg2RqoNbm9ki/pXGiFg=,8u+WF/BWJZJndsQslgkRA+VRM8U=
-23,-203,GGxqHuabyg2RqoNbm9ki/pXGiFg=,8u+WF/BWJZJndsQslgkRA+VRM8U=
-24,-203,GGxqHuabyg2RqoNbm9ki/pXGiFg=,8u+WF/BWJZJndsQslgkRA+VRM8U=
-24,-205,GGxqHuabyg2RqoNbm9ki/pXGiFg=,8u+WF/BWJZJndsQslgkRA+VRM8U=
-25,-203,GGxqHuabyg2RqoNbm9ki/pXGiFg=,8u+WF/BWJZJndsQslgkRA+VRM8U=
-26,-203,GGxqHuabyg2RqoNbm9ki/pXGiFg=,8u+WF/BWJZJndsQslgkRA+VRM8U=
-28,-203,GGxqHuabyg2RqoNbm9ki/pXGiFg=,8u+WF/BWJZJndsQslgkRA+VRM8U=
-29,-203,GGxqHuabyg2RqoNbm9ki/pXGiFg=,8u+WF/BWJZJndsQslgkRA+VRM8U=
-30,-203,GGxqHuabyg2RqoNbm9ki/pXGiFg=,8u+WF/BWJZJndsQslgkRA+VRM8U=
-23,-205,GGxqHuabyg2RqoNbm9ki/pXGiFg=,8u+WF/BWJZJndsQslgkRA+VRM8U=
-27,-203,GGxqHuabyg2RqoNbm9ki/pXGiFg=,8u+WF/BWJZJndsQslgkRA+VRM8U=
-31,-203,GGxqHuabyg2RqoNbm9ki/pXGiFg=,8u+WF/BWJZJndsQslgkRA+VRM8U=
-28,-208,GGxqHuabyg2RqoNbm9ki/pXGiFg=,8u+WF/BWJZJndsQslgkRA+VRM8U=
-17,-204,GGxqHuabyg2RqoNbm9ki/pXGiFg=,8u+WF/BWJZJndsQslgkRA+VRM8U=
-22,-205,GGxqHuabyg2RqoNbm9ki/pXGiFg=,8u+WF/BWJZJndsQslgkRA+VRM8U=
-32,-203,GGxqHuabyg2RqoNbm9ki/pXGiFg=,8u+WF/BWJZJndsQslgkRA+VRM8U=
-18,-204,GGxqHuabyg2RqoNbm9ki/pXGiFg=,8u+WF/BWJZJndsQslgkRA+VRM8U=
-19,-204,GGxqHuabyg2RqoNbm9ki/pXGiFg=,8u+WF/BWJZJndsQslgkRA+VRM8U=
-20,-204,GGxqHuabyg2RqoNbm9ki/pXGiFg=,8u+WF/BWJZJndsQslgkRA+VRM8U=
-21,-204,GGxqHuabyg2RqoNbm9ki/pXGiFg=,8u+WF/BWJZJndsQslgkRA+VRM8U=
-23,-204,GGxqHuabyg2RqoNbm9ki/pXGiFg=,8u+WF/BWJZJndsQslgkRA+VRM8U=
-24,-204,GGxqHuabyg2RqoNbm9ki/pXGiFg=,8u+WF/BWJZJndsQslgkRA+VRM8U=
-25,-204,GGxqHuabyg2RqoNbm9ki/pXGiFg=,8u+WF/BWJZJndsQslgkRA+VRM8U=
-26,-204,GGxqHuabyg2RqoNbm9ki/pXGiFg=,8u+WF/BWJZJndsQslgkRA+VRM8U=
-22,-204,GGxqHuabyg2RqoNbm9ki/pXGiFg=,8u+WF/BWJZJndsQslgkRA+VRM8U=
-21,-205,GGxqHuabyg2RqoNbm9ki/pXGiFg=,8u+WF/BWJZJndsQslgkRA+VRM8U=
-27,-204,GGxqHuabyg2RqoNbm9ki/pXGiFg=,8u+WF/BWJZJndsQslgkRA+VRM8U=
-29,-204,GGxqHuabyg2RqoNbm9ki/pXGiFg=,8u+WF/BWJZJndsQslgkRA+VRM8U=
-31,-204,GGxqHuabyg2RqoNbm9ki/pXGiFg=,8u+WF/BWJZJndsQslgkRA+VRM8U=
-28,-204,GGxqHuabyg2RqoNbm9ki/pXGiFg=,8u+WF/BWJZJndsQslgkRA+VRM8U=
-30,-204,GGxqHuabyg2RqoNbm9ki/pXGiFg=,8u+WF/BWJZJndsQslgkRA+VRM8U=
-20,-205,GGxqHuabyg2RqoNbm9ki/pXGiFg=,8u+WF/BWJZJndsQslgkRA+VRM8U=
-29,-208,GGxqHuabyg2RqoNbm9ki/pXGiFg=,8u+WF/BWJZJndsQslgkRA+VRM8U=
-32,-204,GGxqHuabyg2RqoNbm9ki/pXGiFg=,8u+WF/BWJZJndsQslgkRA+VRM8U=
-17,-205,GGxqHuabyg2RqoNbm9ki/pXGiFg=,8u+WF/BWJZJndsQslgkRA+VRM8U=
-19,-205,GGxqHuabyg2RqoNbm9ki/pXGiFg=,8u+WF/BWJZJndsQslgkRA+VRM8U=
-18,-205,GGxqHuabyg2RqoNbm9ki/pXGiFg=,8u+WF/BWJZJndsQslgkRA+VRM8U=
-16,-207,GGxqHuabyg2RqoNbm9ki/pXGiFg=,8u+WF/BWJZJndsQslgkRA+VRM8U=
-1,-193,GGxqHuabyg2RqoNbm9ki/pXGiFg=,8u+WF/BWJZJndsQslgkRA+VRM8U=
-1,-208,GGxqHuabyg2RqoNbm9ki/pXGiFg=,8u+WF/BWJZJndsQslgkRA+VRM8U=
-4,-208,GGxqHuabyg2RqoNbm9ki/pXGiFg=,8u+WF/BWJZJndsQslgkRA+VRM8U=
-9,-208,Tlc8H5KsypUFprixP+qtSz6bieU=,8u+WF/BWJZJndsQslgkRA+VRM8U=
-11,-208,Tlc8H5KsypUFprixP+qtSz6bieU=,8u+WF/BWJZJndsQslgkRA+VRM8U=
-6,-208,Tlc8H5KsypUFprixP+qtSz6bieU=,8u+WF/BWJZJndsQslgkRA+VRM8U=
-7,-208,Tlc8H5KsypUFprixP+qtSz6bieU=,8u+WF/BWJZJndsQslgkRA+VRM8U=
-12,-208,Tlc8H5KsypUFprixP+qtSz6bieU=,8u+WF/BWJZJndsQslgkRA+VRM8U=
-10,-208,Tlc8H5KsypUFprixP+qtSz6bieU=,8u+WF/BWJZJndsQslgkRA+VRM8U=
-16,-208,Tlc8H5KsypUFprixP+qtSz6bieU=,8u+WF/BWJZJndsQslgkRA+VRM8U=
-14,-208,Tlc8H5KsypUFprixP+qtSz6bieU=,8u+WF/BWJZJndsQslgkRA+VRM8U=
-3,-193,Tlc8H5KsypUFprixP+qtSz6bieU=,8u+WF/BWJZJndsQslgkRA+VRM8U=
-4,-193,Tlc8H5KsypUFprixP+qtSz6bieU=,8u+WF/BWJZJndsQslgkRA+VRM8U=
-13,-208,Tlc8H5KsypUFprixP+qtSz6bieU=,8u+WF/BWJZJndsQslgkRA+VRM8U=
-5,-193,Tlc8H5KsypUFprixP+qtSz6bieU=,8u+WF/BWJZJndsQslgkRA+VRM8U=
-15,-208,Tlc8H5KsypUFprixP+qtSz6bieU=,8u+WF/BWJZJndsQslgkRA+VRM8U=
-10,-193,Tlc8H5KsypUFprixP+qtSz6bieU=,8u+WF/BWJZJndsQslgkRA+VRM8U=
-6,-193,Tlc8H5KsypUFprixP+qtSz6bieU=,8u+WF/BWJZJndsQslgkRA+VRM8U=
-8,-193,Tlc8H5KsypUFprixP+qtSz6bieU=,8u+WF/BWJZJndsQslgkRA+VRM8U=
-16,-193,Tlc8H5KsypUFprixP+qtSz6bieU=,8u+WF/BWJZJndsQslgkRA+VRM8U=
-7,-193,Tlc8H5KsypUFprixP+qtSz6bieU=,8u+WF/BWJZJndsQslgkRA+VRM8U=
-11,-193,Tlc8H5KsypUFprixP+qtSz6bieU=,8u+WF/BWJZJndsQslgkRA+VRM8U=
-12,-193,Tlc8H5KsypUFprixP+qtSz6bieU=,8u+WF/BWJZJndsQslgkRA+VRM8U=
-15,-193,Tlc8H5KsypUFprixP+qtSz6bieU=,8u+WF/BWJZJndsQslgkRA+VRM8U=
-9,-193,Tlc8H5KsypUFprixP+qtSz6bieU=,8u+WF/BWJZJndsQslgkRA+VRM8U=
-13,-193,Tlc8H5KsypUFprixP+qtSz6bieU=,8u+WF/BWJZJndsQslgkRA+VRM8U=
-14,-193,Tlc8H5KsypUFprixP+qtSz6bieU=,8u+WF/BWJZJndsQslgkRA+VRM8U=
-2,-194,Tlc8H5KsypUFprixP+qtSz6bieU=,8u+WF/BWJZJndsQslgkRA+VRM8U=
-1,-194,Tlc8H5KsypUFprixP+qtSz6bieU=,8u+WF/BWJZJndsQslgkRA+VRM8U=
-3,-194,Tlc8H5KsypUFprixP+qtSz6bieU=,8u+WF/BWJZJndsQslgkRA+VRM8U=
-5,-194,Tlc8H5KsypUFprixP+qtSz6bieU=,8u+WF/BWJZJndsQslgkRA+VRM8U=
-6,-194,Tlc8H5KsypUFprixP+qtSz6bieU=,8u+WF/BWJZJndsQslgkRA+VRM8U=
-7,-194,Tlc8H5KsypUFprixP+qtSz6bieU=,8u+WF/BWJZJndsQslgkRA+VRM8U=
-16,-194,Tlc8H5KsypUFprixP+qtSz6bieU=,8u+WF/BWJZJndsQslgkRA+VRM8U=
-8,-194,Tlc8H5KsypUFprixP+qtSz6bieU=,8u+WF/BWJZJndsQslgkRA+VRM8U=
-15,-194,Tlc8H5KsypUFprixP+qtSz6bieU=,8u+WF/BWJZJndsQslgkRA+VRM8U=
-4,-194,Tlc8H5KsypUFprixP+qtSz6bieU=,8u+WF/BWJZJndsQslgkRA+VRM8U=
-10,-194,Tlc8H5KsypUFprixP+qtSz6bieU=,8u+WF/BWJZJndsQslgkRA+VRM8U=
-11,-194,Tlc8H5KsypUFprixP+qtSz6bieU=,8u+WF/BWJZJndsQslgkRA+VRM8U=
-12,-194,Tlc8H5KsypUFprixP+qtSz6bieU=,8u+WF/BWJZJndsQslgkRA+VRM8U=
-14,-194,Tlc8H5KsypUFprixP+qtSz6bieU=,8u+WF/BWJZJndsQslgkRA+VRM8U=
-13,-194,Tlc8H5KsypUFprixP+qtSz6bieU=,8u+WF/BWJZJndsQslgkRA+VRM8U=
-1,-195,Tlc8H5KsypUFprixP+qtSz6bieU=,8u+WF/BWJZJndsQslgkRA+VRM8U=
-2,-195,Tlc8H5KsypUFprixP+qtSz6bieU=,8u+WF/BWJZJndsQslgkRA+VRM8U=
-3,-195,Tlc8H5KsypUFprixP+qtSz6bieU=,8u+WF/BWJZJndsQslgkRA+VRM8U=
-6,-195,Tlc8H5KsypUFprixP+qtSz6bieU=,8u+WF/BWJZJndsQslgkRA+VRM8U=
-5,-195,Tlc8H5KsypUFprixP+qtSz6bieU=,8u+WF/BWJZJndsQslgkRA+VRM8U=
-4,-195,Tlc8H5KsypUFprixP+qtSz6bieU=,8u+WF/BWJZJndsQslgkRA+VRM8U=
-8,-195,Tlc8H5KsypUFprixP+qtSz6bieU=,8u+WF/BWJZJndsQslgkRA+VRM8U=
-7,-195,Tlc8H5KsypUFprixP+qtSz6bieU=,8u+WF/BWJZJndsQslgkRA+VRM8U=
-16,-195,Tlc8H5KsypUFprixP+qtSz6bieU=,8u+WF/BWJZJndsQslgkRA+VRM8U=
-10,-195,Tlc8H5KsypUFprixP+qtSz6bieU=,8u+WF/BWJZJndsQslgkRA+VRM8U=
-9,-195,Tlc8H5KsypUFprixP+qtSz6bieU=,8u+WF/BWJZJndsQslgkRA+VRM8U=
-15,-195,Tlc8H5KsypUFprixP+qtSz6bieU=,8u+WF/BWJZJndsQslgkRA+VRM8U=
-11,-195,Tlc8H5KsypUFprixP+qtSz6bieU=,8u+WF/BWJZJndsQslgkRA+VRM8U=
-13,-195,Tlc8H5KsypUFprixP+qtSz6bieU=,8u+WF/BWJZJndsQslgkRA+VRM8U=
-12,-195,Tlc8H5KsypUFprixP+qtSz6bieU=,8u+WF/BWJZJndsQslgkRA+VRM8U=
-14,-195,Tlc8H5KsypUFprixP+qtSz6bieU=,8u+WF/BWJZJndsQslgkRA+VRM8U=
-2,-196,Tlc8H5KsypUFprixP+qtSz6bieU=,8u+WF/BWJZJndsQslgkRA+VRM8U=
-1,-196,Tlc8H5KsypUFprixP+qtSz6bieU=,8u+WF/BWJZJndsQslgkRA+VRM8U=
-3,-196,Tlc8H5KsypUFprixP+qtSz6bieU=,8u+WF/BWJZJndsQslgkRA+VRM8U=
-5,-196,Tlc8H5KsypUFprixP+qtSz6bieU=,8u+WF/BWJZJndsQslgkRA+VRM8U=
-7,-196,Tlc8H5KsypUFprixP+qtSz6bieU=,8u+WF/BWJZJndsQslgkRA+VRM8U=
-6,-196,Tlc8H5KsypUFprixP+qtSz6bieU=,8u+WF/BWJZJndsQslgkRA+VRM8U=
-4,-196,Tlc8H5KsypUFprixP+qtSz6bieU=,8u+WF/BWJZJndsQslgkRA+VRM8U=
-8,-196,Tlc8H5KsypUFprixP+qtSz6bieU=,8u+WF/BWJZJndsQslgkRA+VRM8U=
-16,-196,Tlc8H5KsypUFprixP+qtSz6bieU=,8u+WF/BWJZJndsQslgkRA+VRM8U=
-9,-196,Tlc8H5KsypUFprixP+qtSz6bieU=,8u+WF/BWJZJndsQslgkRA+VRM8U=
-15,-196,Tlc8H5KsypUFprixP+qtSz6bieU=,8u+WF/BWJZJndsQslgkRA+VRM8U=
-13,-196,Tlc8H5KsypUFprixP+qtSz6bieU=,8u+WF/BWJZJndsQslgkRA+VRM8U=
-10,-196,Tlc8H5KsypUFprixP+qtSz6bieU=,8u+WF/BWJZJndsQslgkRA+VRM8U=
-12,-196,Tlc8H5KsypUFprixP+qtSz6bieU=,8u+WF/BWJZJndsQslgkRA+VRM8U=
-14,-196,Tlc8H5KsypUFprixP+qtSz6bieU=,8u+WF/BWJZJndsQslgkRA+VRM8U=
-11,-196,Tlc8H5KsypUFprixP+qtSz6bieU=,8u+WF/BWJZJndsQslgkRA+VRM8U=
-1,-197,Tlc8H5KsypUFprixP+qtSz6bieU=,8u+WF/BWJZJndsQslgkRA+VRM8U=
-3,-197,Tlc8H5KsypUFprixP+qtSz6bieU=,8u+WF/BWJZJndsQslgkRA+VRM8U=
-4,-197,Tlc8H5KsypUFprixP+qtSz6bieU=,8u+WF/BWJZJndsQslgkRA+VRM8U=
-2,-197,Tlc8H5KsypUFprixP+qtSz6bieU=,8u+WF/BWJZJndsQslgkRA+VRM8U=
-5,-197,Tlc8H5KsypUFprixP+qtSz6bieU=,8u+WF/BWJZJndsQslgkRA+VRM8U=
-6,-197,Tlc8H5KsypUFprixP+qtSz6bieU=,8u+WF/BWJZJndsQslgkRA+VRM8U=
-7,-197,Tlc8H5KsypUFprixP+qtSz6bieU=,8u+WF/BWJZJndsQslgkRA+VRM8U=
-8,-197,Tlc8H5KsypUFprixP+qtSz6bieU=,8u+WF/BWJZJndsQslgkRA+VRM8U=
-16,-197,Tlc8H5KsypUFprixP+qtSz6bieU=,8u+WF/BWJZJndsQslgkRA+VRM8U=
-9,-197,Tlc8H5KsypUFprixP+qtSz6bieU=,8u+WF/BWJZJndsQslgkRA+VRM8U=
-11,-197,Tlc8H5KsypUFprixP+qtSz6bieU=,8u+WF/BWJZJndsQslgkRA+VRM8U=
-10,-197,Tlc8H5KsypUFprixP+qtSz6bieU=,8u+WF/BWJZJndsQslgkRA+VRM8U=
-12,-197,Tlc8H5KsypUFprixP+qtSz6bieU=,8u+WF/BWJZJndsQslgkRA+VRM8U=
-14,-197,Tlc8H5KsypUFprixP+qtSz6bieU=,8u+WF/BWJZJndsQslgkRA+VRM8U=
-15,-197,Tlc8H5KsypUFprixP+qtSz6bieU=,8u+WF/BWJZJndsQslgkRA+VRM8U=
-1,-198,Tlc8H5KsypUFprixP+qtSz6bieU=,8u+WF/BWJZJndsQslgkRA+VRM8U=
-2,-198,Tlc8H5KsypUFprixP+qtSz6bieU=,8u+WF/BWJZJndsQslgkRA+VRM8U=
-3,-198,Tlc8H5KsypUFprixP+qtSz6bieU=,8u+WF/BWJZJndsQslgkRA+VRM8U=
-5,-198,Tlc8H5KsypUFprixP+qtSz6bieU=,8u+WF/BWJZJndsQslgkRA+VRM8U=
-4,-198,Tlc8H5KsypUFprixP+qtSz6bieU=,8u+WF/BWJZJndsQslgkRA+VRM8U=
-7,-198,Tlc8H5KsypUFprixP+qtSz6bieU=,8u+WF/BWJZJndsQslgkRA+VRM8U=
-6,-198,Tlc8H5KsypUFprixP+qtSz6bieU=,8u+WF/BWJZJndsQslgkRA+VRM8U=
-8,-198,Tlc8H5KsypUFprixP+qtSz6bieU=,8u+WF/BWJZJndsQslgkRA+VRM8U=
-9,-198,Tlc8H5KsypUFprixP+qtSz6bieU=,8u+WF/BWJZJndsQslgkRA+VRM8U=
-16,-198,Tlc8H5KsypUFprixP+qtSz6bieU=,8u+WF/BWJZJndsQslgkRA+VRM8U=
-11,-198,Tlc8H5KsypUFprixP+qtSz6bieU=,8u+WF/BWJZJndsQslgkRA+VRM8U=
-10,-198,Tlc8H5KsypUFprixP+qtSz6bieU=,8u+WF/BWJZJndsQslgkRA+VRM8U=
-12,-198,Tlc8H5KsypUFprixP+qtSz6bieU=,8u+WF/BWJZJndsQslgkRA+VRM8U=
-15,-198,Tlc8H5KsypUFprixP+qtSz6bieU=,8u+WF/BWJZJndsQslgkRA+VRM8U=
-1,-199,Tlc8H5KsypUFprixP+qtSz6bieU=,8u+WF/BWJZJndsQslgkRA+VRM8U=
-2,-199,Tlc8H5KsypUFprixP+qtSz6bieU=,8u+WF/BWJZJndsQslgkRA+VRM8U=
-14,-198,Tlc8H5KsypUFprixP+qtSz6bieU=,8u+WF/BWJZJndsQslgkRA+VRM8U=
-3,-199,Tlc8H5KsypUFprixP+qtSz6bieU=,8u+WF/BWJZJndsQslgkRA+VRM8U=
-4,-199,Tlc8H5KsypUFprixP+qtSz6bieU=,8u+WF/BWJZJndsQslgkRA+VRM8U=
-6,-199,Tlc8H5KsypUFprixP+qtSz6bieU=,8u+WF/BWJZJndsQslgkRA+VRM8U=
-7,-199,Tlc8H5KsypUFprixP+qtSz6bieU=,8u+WF/BWJZJndsQslgkRA+VRM8U=
-13,-197,Tlc8H5KsypUFprixP+qtSz6bieU=,8u+WF/BWJZJndsQslgkRA+VRM8U=
-5,-199,Tlc8H5KsypUFprixP+qtSz6bieU=,8u+WF/BWJZJndsQslgkRA+VRM8U=
-8,-199,Tlc8H5KsypUFprixP+qtSz6bieU=,8u+WF/BWJZJndsQslgkRA+VRM8U=
-16,-199,Tlc8H5KsypUFprixP+qtSz6bieU=,8u+WF/BWJZJndsQslgkRA+VRM8U=
-9,-199,Tlc8H5KsypUFprixP+qtSz6bieU=,8u+WF/BWJZJndsQslgkRA+VRM8U=
-15,-199,Tlc8H5KsypUFprixP+qtSz6bieU=,8u+WF/BWJZJndsQslgkRA+VRM8U=
-10,-199,Tlc8H5KsypUFprixP+qtSz6bieU=,8u+WF/BWJZJndsQslgkRA+VRM8U=
-11,-199,Tlc8H5KsypUFprixP+qtSz6bieU=,8u+WF/BWJZJndsQslgkRA+VRM8U=
-14,-199,Tlc8H5KsypUFprixP+qtSz6bieU=,8u+WF/BWJZJndsQslgkRA+VRM8U=
-13,-199,Tlc8H5KsypUFprixP+qtSz6bieU=,8u+WF/BWJZJndsQslgkRA+VRM8U=
-12,-199,Tlc8H5KsypUFprixP+qtSz6bieU=,8u+WF/BWJZJndsQslgkRA+VRM8U=
-1,-200,Tlc8H5KsypUFprixP+qtSz6bieU=,8u+WF/BWJZJndsQslgkRA+VRM8U=
-3,-200,Tlc8H5KsypUFprixP+qtSz6bieU=,8u+WF/BWJZJndsQslgkRA+VRM8U=
-2,-200,Tlc8H5KsypUFprixP+qtSz6bieU=,8u+WF/BWJZJndsQslgkRA+VRM8U=
-4,-200,Tlc8H5KsypUFprixP+qtSz6bieU=,8u+WF/BWJZJndsQslgkRA+VRM8U=
-5,-200,Tlc8H5KsypUFprixP+qtSz6bieU=,8u+WF/BWJZJndsQslgkRA+VRM8U=
-6,-200,Tlc8H5KsypUFprixP+qtSz6bieU=,8u+WF/BWJZJndsQslgkRA+VRM8U=
-7,-200,Tlc8H5KsypUFprixP+qtSz6bieU=,8u+WF/BWJZJndsQslgkRA+VRM8U=
-9,-200,Tlc8H5KsypUFprixP+qtSz6bieU=,8u+WF/BWJZJndsQslgkRA+VRM8U=
-8,-200,Tlc8H5KsypUFprixP+qtSz6bieU=,8u+WF/BWJZJndsQslgkRA+VRM8U=
-16,-200,Tlc8H5KsypUFprixP+qtSz6bieU=,8u+WF/BWJZJndsQslgkRA+VRM8U=
-15,-200,Tlc8H5KsypUFprixP+qtSz6bieU=,8u+WF/BWJZJndsQslgkRA+VRM8U=
-11,-200,Tlc8H5KsypUFprixP+qtSz6bieU=,8u+WF/BWJZJndsQslgkRA+VRM8U=
-10,-200,Tlc8H5KsypUFprixP+qtSz6bieU=,8u+WF/BWJZJndsQslgkRA+VRM8U=
-12,-200,Tlc8H5KsypUFprixP+qtSz6bieU=,8u+WF/BWJZJndsQslgkRA+VRM8U=
-13,-200,Tlc8H5KsypUFprixP+qtSz6bieU=,8u+WF/BWJZJndsQslgkRA+VRM8U=
-14,-200,Tlc8H5KsypUFprixP+qtSz6bieU=,8u+WF/BWJZJndsQslgkRA+VRM8U=
-1,-201,Tlc8H5KsypUFprixP+qtSz6bieU=,8u+WF/BWJZJndsQslgkRA+VRM8U=
-2,-201,Tlc8H5KsypUFprixP+qtSz6bieU=,8u+WF/BWJZJndsQslgkRA+VRM8U=
-5,-201,Tlc8H5KsypUFprixP+qtSz6bieU=,8u+WF/BWJZJndsQslgkRA+VRM8U=
-3,-201,Tlc8H5KsypUFprixP+qtSz6bieU=,8u+WF/BWJZJndsQslgkRA+VRM8U=
-4,-201,Tlc8H5KsypUFprixP+qtSz6bieU=,8u+WF/BWJZJndsQslgkRA+VRM8U=
-6,-201,Tlc8H5KsypUFprixP+qtSz6bieU=,8u+WF/BWJZJndsQslgkRA+VRM8U=
-16,-201,Tlc8H5KsypUFprixP+qtSz6bieU=,8u+WF/BWJZJndsQslgkRA+VRM8U=
-7,-201,Tlc8H5KsypUFprixP+qtSz6bieU=,8u+WF/BWJZJndsQslgkRA+VRM8U=
-8,-201,Tlc8H5KsypUFprixP+qtSz6bieU=,8u+WF/BWJZJndsQslgkRA+VRM8U=
-9,-201,Tlc8H5KsypUFprixP+qtSz6bieU=,8u+WF/BWJZJndsQslgkRA+VRM8U=
-15,-201,Tlc8H5KsypUFprixP+qtSz6bieU=,8u+WF/BWJZJndsQslgkRA+VRM8U=
-11,-201,Tlc8H5KsypUFprixP+qtSz6bieU=,8u+WF/BWJZJndsQslgkRA+VRM8U=
-1,-202,Tlc8H5KsypUFprixP+qtSz6bieU=,8u+WF/BWJZJndsQslgkRA+VRM8U=
-8,-208,Tlc8H5KsypUFprixP+qtSz6bieU=,8u+WF/BWJZJndsQslgkRA+VRM8U=
-2,-202,Tlc8H5KsypUFprixP+qtSz6bieU=,8u+WF/BWJZJndsQslgkRA+VRM8U=
-3,-202,Tlc8H5KsypUFprixP+qtSz6bieU=,8u+WF/BWJZJndsQslgkRA+VRM8U=
-14,-201,Tlc8H5KsypUFprixP+qtSz6bieU=,8u+WF/BWJZJndsQslgkRA+VRM8U=
-4,-202,Tlc8H5KsypUFprixP+qtSz6bieU=,8u+WF/BWJZJndsQslgkRA+VRM8U=
-5,-202,Tlc8H5KsypUFprixP+qtSz6bieU=,8u+WF/BWJZJndsQslgkRA+VRM8U=
-8,-202,Tlc8H5KsypUFprixP+qtSz6bieU=,8u+WF/BWJZJndsQslgkRA+VRM8U=
-6,-202,Tlc8H5KsypUFprixP+qtSz6bieU=,8u+WF/BWJZJndsQslgkRA+VRM8U=
-7,-202,Tlc8H5KsypUFprixP+qtSz6bieU=,8u+WF/BWJZJndsQslgkRA+VRM8U=
-16,-202,Tlc8H5KsypUFprixP+qtSz6bieU=,8u+WF/BWJZJndsQslgkRA+VRM8U=
-9,-202,Tlc8H5KsypUFprixP+qtSz6bieU=,8u+WF/BWJZJndsQslgkRA+VRM8U=
-11,-202,Tlc8H5KsypUFprixP+qtSz6bieU=,8u+WF/BWJZJndsQslgkRA+VRM8U=
-10,-202,Tlc8H5KsypUFprixP+qtSz6bieU=,8u+WF/BWJZJndsQslgkRA+VRM8U=
-12,-202,Tlc8H5KsypUFprixP+qtSz6bieU=,8u+WF/BWJZJndsQslgkRA+VRM8U=
-14,-202,Tlc8H5KsypUFprixP+qtSz6bieU=,8u+WF/BWJZJndsQslgkRA+VRM8U=
-13,-202,Tlc8H5KsypUFprixP+qtSz6bieU=,8u+WF/BWJZJndsQslgkRA+VRM8U=
-1,-203,Tlc8H5KsypUFprixP+qtSz6bieU=,8u+WF/BWJZJndsQslgkRA+VRM8U=
-2,-203,Tlc8H5KsypUFprixP+qtSz6bieU=,8u+WF/BWJZJndsQslgkRA+VRM8U=
-3,-203,Tlc8H5KsypUFprixP+qtSz6bieU=,8u+WF/BWJZJndsQslgkRA+VRM8U=
-15,-202,Tlc8H5KsypUFprixP+qtSz6bieU=,8u+WF/BWJZJndsQslgkRA+VRM8U=
-4,-203,Tlc8H5KsypUFprixP+qtSz6bieU=,8u+WF/BWJZJndsQslgkRA+VRM8U=
-5,-203,Tlc8H5KsypUFprixP+qtSz6bieU=,8u+WF/BWJZJndsQslgkRA+VRM8U=
-6,-203,Tlc8H5KsypUFprixP+qtSz6bieU=,8u+WF/BWJZJndsQslgkRA+VRM8U=
-7,-203,Tlc8H5KsypUFprixP+qtSz6bieU=,8u+WF/BWJZJndsQslgkRA+VRM8U=
-8,-203,Tlc8H5KsypUFprixP+qtSz6bieU=,8u+WF/BWJZJndsQslgkRA+VRM8U=
-16,-203,Tlc8H5KsypUFprixP+qtSz6bieU=,8u+WF/BWJZJndsQslgkRA+VRM8U=
-9,-203,Tlc8H5KsypUFprixP+qtSz6bieU=,8u+WF/BWJZJndsQslgkRA+VRM8U=
-10,-203,Tlc8H5KsypUFprixP+qtSz6bieU=,8u+WF/BWJZJndsQslgkRA+VRM8U=
-12,-203,Tlc8H5KsypUFprixP+qtSz6bieU=,8u+WF/BWJZJndsQslgkRA+VRM8U=
-11,-203,Tlc8H5KsypUFprixP+qtSz6bieU=,8u+WF/BWJZJndsQslgkRA+VRM8U=
-13,-203,Tlc8H5KsypUFprixP+qtSz6bieU=,8u+WF/BWJZJndsQslgkRA+VRM8U=
-14,-203,Tlc8H5KsypUFprixP+qtSz6bieU=,8u+WF/BWJZJndsQslgkRA+VRM8U=
-3,-204,Tlc8H5KsypUFprixP+qtSz6bieU=,8u+WF/BWJZJndsQslgkRA+VRM8U=
-2,-208,GGxqHuabyg2RqoNbm9ki/pXGiFg=,8u+WF/BWJZJndsQslgkRA+VRM8U=
-2,-204,Tlc8H5KsypUFprixP+qtSz6bieU=,8u+WF/BWJZJndsQslgkRA+VRM8U=
-4,-204,Tlc8H5KsypUFprixP+qtSz6bieU=,8u+WF/BWJZJndsQslgkRA+VRM8U=
-15,-203,Tlc8H5KsypUFprixP+qtSz6bieU=,8u+WF/BWJZJndsQslgkRA+VRM8U=
-6,-204,Tlc8H5KsypUFprixP+qtSz6bieU=,8u+WF/BWJZJndsQslgkRA+VRM8U=
-5,-204,Tlc8H5KsypUFprixP+qtSz6bieU=,8u+WF/BWJZJndsQslgkRA+VRM8U=
-7,-204,Tlc8H5KsypUFprixP+qtSz6bieU=,8u+WF/BWJZJndsQslgkRA+VRM8U=
-9,-204,Tlc8H5KsypUFprixP+qtSz6bieU=,8u+WF/BWJZJndsQslgkRA+VRM8U=
-16,-204,Tlc8H5KsypUFprixP+qtSz6bieU=,8u+WF/BWJZJndsQslgkRA+VRM8U=
-8,-204,Tlc8H5KsypUFprixP+qtSz6bieU=,8u+WF/BWJZJndsQslgkRA+VRM8U=
-11,-204,Tlc8H5KsypUFprixP+qtSz6bieU=,8u+WF/BWJZJndsQslgkRA+VRM8U=
-10,-204,Tlc8H5KsypUFprixP+qtSz6bieU=,8u+WF/BWJZJndsQslgkRA+VRM8U=
-12,-204,Tlc8H5KsypUFprixP+qtSz6bieU=,8u+WF/BWJZJndsQslgkRA+VRM8U=
-13,-204,Tlc8H5KsypUFprixP+qtSz6bieU=,8u+WF/BWJZJndsQslgkRA+VRM8U=
-14,-204,Tlc8H5KsypUFprixP+qtSz6bieU=,8u+WF/BWJZJndsQslgkRA+VRM8U=
-2,-205,Tlc8H5KsypUFprixP+qtSz6bieU=,8u+WF/BWJZJndsQslgkRA+VRM8U=
-1,-205,Tlc8H5KsypUFprixP+qtSz6bieU=,8u+WF/BWJZJndsQslgkRA+VRM8U=
-3,-205,Tlc8H5KsypUFprixP+qtSz6bieU=,8u+WF/BWJZJndsQslgkRA+VRM8U=
-4,-205,Tlc8H5KsypUFprixP+qtSz6bieU=,8u+WF/BWJZJndsQslgkRA+VRM8U=
-5,-205,Tlc8H5KsypUFprixP+qtSz6bieU=,8u+WF/BWJZJndsQslgkRA+VRM8U=
-6,-205,Tlc8H5KsypUFprixP+qtSz6bieU=,8u+WF/BWJZJndsQslgkRA+VRM8U=
-7,-205,Tlc8H5KsypUFprixP+qtSz6bieU=,8u+WF/BWJZJndsQslgkRA+VRM8U=
-9,-205,Tlc8H5KsypUFprixP+qtSz6bieU=,8u+WF/BWJZJndsQslgkRA+VRM8U=
-8,-205,Tlc8H5KsypUFprixP+qtSz6bieU=,8u+WF/BWJZJndsQslgkRA+VRM8U=
-16,-205,Tlc8H5KsypUFprixP+qtSz6bieU=,8u+WF/BWJZJndsQslgkRA+VRM8U=
-11,-205,Tlc8H5KsypUFprixP+qtSz6bieU=,8u+WF/BWJZJndsQslgkRA+VRM8U=
-12,-205,Tlc8H5KsypUFprixP+qtSz6bieU=,8u+WF/BWJZJndsQslgkRA+VRM8U=
-10,-205,Tlc8H5KsypUFprixP+qtSz6bieU=,8u+WF/BWJZJndsQslgkRA+VRM8U=
-13,-205,Tlc8H5KsypUFprixP+qtSz6bieU=,8u+WF/BWJZJndsQslgkRA+VRM8U=
-14,-205,Tlc8H5KsypUFprixP+qtSz6bieU=,8u+WF/BWJZJndsQslgkRA+VRM8U=
-1,-206,Tlc8H5KsypUFprixP+qtSz6bieU=,8u+WF/BWJZJndsQslgkRA+VRM8U=
-2,-206,Tlc8H5KsypUFprixP+qtSz6bieU=,8u+WF/BWJZJndsQslgkRA+VRM8U=
-15,-205,Tlc8H5KsypUFprixP+qtSz6bieU=,8u+WF/BWJZJndsQslgkRA+VRM8U=
-3,-206,Tlc8H5KsypUFprixP+qtSz6bieU=,8u+WF/BWJZJndsQslgkRA+VRM8U=
-5,-206,Tlc8H5KsypUFprixP+qtSz6bieU=,8u+WF/BWJZJndsQslgkRA+VRM8U=
-4,-206,Tlc8H5KsypUFprixP+qtSz6bieU=,8u+WF/BWJZJndsQslgkRA+VRM8U=
-7,-206,Tlc8H5KsypUFprixP+qtSz6bieU=,8u+WF/BWJZJndsQslgkRA+VRM8U=
-6,-206,Tlc8H5KsypUFprixP+qtSz6bieU=,8u+WF/BWJZJndsQslgkRA+VRM8U=
-14,-206,Tlc8H5KsypUFprixP+qtSz6bieU=,8u+WF/BWJZJndsQslgkRA+VRM8U=
-15,-206,Tlc8H5KsypUFprixP+qtSz6bieU=,8u+WF/BWJZJndsQslgkRA+VRM8U=
-16,-206,Tlc8H5KsypUFprixP+qtSz6bieU=,8u+WF/BWJZJndsQslgkRA+VRM8U=
-8,-206,Tlc8H5KsypUFprixP+qtSz6bieU=,8u+WF/BWJZJndsQslgkRA+VRM8U=
-13,-206,Tlc8H5KsypUFprixP+qtSz6bieU=,8u+WF/BWJZJndsQslgkRA+VRM8U=
-12,-206,Tlc8H5KsypUFprixP+qtSz6bieU=,8u+WF/BWJZJndsQslgkRA+VRM8U=
-10,-206,Tlc8H5KsypUFprixP+qtSz6bieU=,8u+WF/BWJZJndsQslgkRA+VRM8U=
-9,-206,Tlc8H5KsypUFprixP+qtSz6bieU=,8u+WF/BWJZJndsQslgkRA+VRM8U=
-11,-206,Tlc8H5KsypUFprixP+qtSz6bieU=,8u+WF/BWJZJndsQslgkRA+VRM8U=
-1,-207,Tlc8H5KsypUFprixP+qtSz6bieU=,8u+WF/BWJZJndsQslgkRA+VRM8U=
-2,-207,Tlc8H5KsypUFprixP+qtSz6bieU=,8u+WF/BWJZJndsQslgkRA+VRM8U=
-5,-207,Tlc8H5KsypUFprixP+qtSz6bieU=,8u+WF/BWJZJndsQslgkRA+VRM8U=
-4,-207,Tlc8H5KsypUFprixP+qtSz6bieU=,8u+WF/BWJZJndsQslgkRA+VRM8U=
-3,-207,Tlc8H5KsypUFprixP+qtSz6bieU=,8u+WF/BWJZJndsQslgkRA+VRM8U=
-6,-207,Tlc8H5KsypUFprixP+qtSz6bieU=,8u+WF/BWJZJndsQslgkRA+VRM8U=
-14,-207,Tlc8H5KsypUFprixP+qtSz6bieU=,8u+WF/BWJZJndsQslgkRA+VRM8U=
-7,-207,Tlc8H5KsypUFprixP+qtSz6bieU=,8u+WF/BWJZJndsQslgkRA+VRM8U=
-15,-207,Tlc8H5KsypUFprixP+qtSz6bieU=,8u+WF/BWJZJndsQslgkRA+VRM8U=
-9,-207,Tlc8H5KsypUFprixP+qtSz6bieU=,8u+WF/BWJZJndsQslgkRA+VRM8U=
-8,-207,Tlc8H5KsypUFprixP+qtSz6bieU=,8u+WF/BWJZJndsQslgkRA+VRM8U=
-13,-207,Tlc8H5KsypUFprixP+qtSz6bieU=,8u+WF/BWJZJndsQslgkRA+VRM8U=
-10,-207,Tlc8H5KsypUFprixP+qtSz6bieU=,8u+WF/BWJZJndsQslgkRA+VRM8U=
-11,-207,Tlc8H5KsypUFprixP+qtSz6bieU=,8u+WF/BWJZJndsQslgkRA+VRM8U=
-12,-207,Tlc8H5KsypUFprixP+qtSz6bieU=,8u+WF/BWJZJndsQslgkRA+VRM8U=
-3,-208,Tlc8H5KsypUFprixP+qtSz6bieU=,8u+WF/BWJZJndsQslgkRA+VRM8U=
-10,-201,Tlc8H5KsypUFprixP+qtSz6bieU=,8u+WF/BWJZJndsQslgkRA+VRM8U=
-2,-193,GGxqHuabyg2RqoNbm9ki/pXGiFg=,8u+WF/BWJZJndsQslgkRA+VRM8U=
-15,-204,Tlc8H5KsypUFprixP+qtSz6bieU=,8u+WF/BWJZJndsQslgkRA+VRM8U=
-1,-204,Tlc8H5KsypUFprixP+qtSz6bieU=,8u+WF/BWJZJndsQslgkRA+VRM8U=
-12,-201,Tlc8H5KsypUFprixP+qtSz6bieU=,8u+WF/BWJZJndsQslgkRA+VRM8U=
-5,-208,Tlc8H5KsypUFprixP+qtSz6bieU=,8u+WF/BWJZJndsQslgkRA+VRM8U=
-13,-201,Tlc8H5KsypUFprixP+qtSz6bieU=,8u+WF/BWJZJndsQslgkRA+VRM8U=
-13,-198,Tlc8H5KsypUFprixP+qtSz6bieU=,8u+WF/BWJZJndsQslgkRA+VRM8U=
-9,-194,Tlc8H5KsypUFprixP+qtSz6bieU=,8u+WF/BWJZJndsQslgkRA+VRM8U=
