15,-63,/Rcy9GnRFFgcvb8QReG4A4Ev4B8=,MIl/ZUp4V4/7bb4nzNPguRtOzeM=
14,-63,/Rcy9GnRFFgcvb8QReG4A4Ev4B8=,MIl/ZUp4V4/7bb4nzNPguRtOzeM=
0,-64,/Rcy9GnRFFgcvb8QReG4A4Ev4B8=,MIl/ZUp4V4/7bb4nzNPguRtOzeM=
15,-64,/Rcy9GnRFFgcvb8QReG4A4Ev4B8=,MIl/ZUp4V4/7bb4nzNPguRtOzeM=
15,-49,/Rcy9GnRFFgcvb8QReG4A4Ev4B8=,MIl/ZUp4V4/7bb4nzNPguRtOzeM=
14,-49,/Rcy9GnRFFgcvb8QReG4A4Ev4B8=,MIl/ZUp4V4/7bb4nzNPguRtOzeM=
12,-49,/Rcy9GnRFFgcvb8QReG4A4Ev4B8=,MIl/ZUp4V4/7bb4nzNPguRtOzeM=
13,-49,LJ43oMUai/trlmRZlbJC9s5XiOE=,MIl/ZUp4V4/7bb4nzNPguRtOzeM=
10,-49,LJ43oMUai/trlmRZlbJC9s5XiOE=,MIl/ZUp4V4/7bb4nzNPguRtOzeM=
11,-49,LJ43oMUai/trlmRZlbJC9s5XiOE=,MIl/ZUp4V4/7bb4nzNPguRtOzeM=
8,-49,LJ43oMUai/trlmRZlbJC9s5XiOE=,MIl/ZUp4V4/7bb4nzNPguRtOzeM=
9,-49,LJ43oMUai/trlmRZlbJC9s5XiOE=,MIl/ZUp4V4/7bb4nzNPguRtOzeM=
6,-49,LJ43oMUai/trlmRZlbJC9s5XiOE=,MIl/ZUp4V4/7bb4nzNPguRtOzeM=
7,-49,LJ43oMUai/trlmRZlbJC9s5XiOE=,MIl/ZUp4V4/7bb4nzNPguRtOzeM=
5,-49,LJ43oMUai/trlmRZlbJC9s5XiOE=,MIl/ZUp4V4/7bb4nzNPguRtOzeM=
4,-49,LJ43oMUai/trlmRZlbJC9s5XiOE=,MIl/ZUp4V4/7bb4nzNPguRtOzeM=
13,-64,LJ43oMUai/trlmRZlbJC9s5XiOE=,MIl/ZUp4V4/7bb4nzNPguRtOzeM=
14,-64,LJ43oMUai/trlmRZlbJC9s5XiOE=,MIl/ZUp4V4/7bb4nzNPguRtOzeM=
1,-49,LJ43oMUai/trlmRZlbJC9s5XiOE=,MIl/ZUp4V4/7bb4nzNPguRtOzeM=
12,-64,LJ43oMUai/trlmRZlbJC9s5XiOE=,MIl/ZUp4V4/7bb4nzNPguRtOzeM=
2,-49,LJ43oMUai/trlmRZlbJC9s5XiOE=,MIl/ZUp4V4/7bb4nzNPguRtOzeM=
3,-49,LJ43oMUai/trlmRZlbJC9s5XiOE=,MIl/ZUp4V4/7bb4nzNPguRtOzeM=
5,-64,LJ43oMUai/trlmRZlbJC9s5XiOE=,MIl/ZUp4V4/7bb4nzNPguRtOzeM=
6,-64,LJ43oMUai/trlmRZlbJC9s5XiOE=,MIl/ZUp4V4/7bb4nzNPguRtOzeM=
11,-64,LJ43oMUai/trlmRZlbJC9s5XiOE=,MIl/ZUp4V4/7bb4nzNPguRtOzeM=
7,-64,LJ43oMUai/trlmRZlbJC9s5XiOE=,MIl/ZUp4V4/7bb4nzNPguRtOzeM=
10,-64,LJ43oMUai/trlmRZlbJC9s5XiOE=,MIl/ZUp4V4/7bb4nzNPguRtOzeM=
8,-64,LJ43oMUai/trlmRZlbJC9s5XiOE=,MIl/ZUp4V4/7bb4nzNPguRtOzeM=
9,-64,LJ43oMUai/trlmRZlbJC9s5XiOE=,MIl/ZUp4V4/7bb4nzNPguRtOzeM=
3,-64,LJ43oMUai/trlmRZlbJC9s5XiOE=,MIl/ZUp4V4/7bb4nzNPguRtOzeM=
4,-64,LJ43oMUai/trlmRZlbJC9s5XiOE=,MIl/ZUp4V4/7bb4nzNPguRtOzeM=
1,-64,LJ43oMUai/trlmRZlbJC9s5XiOE=,MIl/ZUp4V4/7bb4nzNPguRtOzeM=
2,-64,LJ43oMUai/trlmRZlbJC9s5XiOE=,MIl/ZUp4V4/7bb4nzNPguRtOzeM=
0,-49,LJ43oMUai/trlmRZlbJC9s5XiOE=,MIl/ZUp4V4/7bb4nzNPguRtOzeM=
13,-63,LJ43oMUai/trlmRZlbJC9s5XiOE=,MIl/ZUp4V4/7bb4nzNPguRtOzeM=
13,-50,LJ43oMUai/trlmRZlbJC9s5XiOE=,MIl/ZUp4V4/7bb4nzNPguRtOzeM=
15,-50,LJ43oMUai/trlmRZlbJC9s5XiOE=,MIl/ZUp4V4/7bb4nzNPguRtOzeM=
12,-50,LJ43oMUai/trlmRZlbJC9s5XiOE=,MIl/ZUp4V4/7bb4nzNPguRtOzeM=
14,-50,LJ43oMUai/trlmRZlbJC9s5XiOE=,MIl/ZUp4V4/7bb4nzNPguRtOzeM=
9,-50,LJ43oMUai/trlmRZlbJC9s5XiOE=,MIl/ZUp4V4/7bb4nzNPguRtOzeM=
11,-50,LJ43oMUai/trlmRZlbJC9s5XiOE=,MIl/ZUp4V4/7bb4nzNPguRtOzeM=
10,-50,LJ43oMUai/trlmRZlbJC9s5XiOE=,MIl/ZUp4V4/7bb4nzNPguRtOzeM=
6,-50,LJ43oMUai/trlmRZlbJC9s5XiOE=,MIl/ZUp4V4/7bb4nzNPguRtOzeM=
7,-50,LJ43oMUai/trlmRZlbJC9s5XiOE=,MIl/ZUp4V4/7bb4nzNPguRtOzeM=
8,-50,LJ43oMUai/trlmRZlbJC9s5XiOE=,MIl/ZUp4V4/7bb4nzNPguRtOzeM=
5,-50,LJ43oMUai/trlmRZlbJC9s5XiOE=,MIl/ZUp4V4/7bb4nzNPguRtOzeM=
4,-50,LJ43oMUai/trlmRZlbJC9s5XiOE=,MIl/ZUp4V4/7bb4nzNPguRtOzeM=
1,-50,LJ43oMUai/trlmRZlbJC9s5XiOE=,MIl/ZUp4V4/7bb4nzNPguRtOzeM=
2,-50,LJ43oMUai/trlmRZlbJC9s5XiOE=,MIl/ZUp4V4/7bb4nzNPguRtOzeM=
3,-50,LJ43oMUai/trlmRZlbJC9s5XiOE=,MIl/ZUp4V4/7bb4nzNPguRtOzeM=
12,-63,LJ43oMUai/trlmRZlbJC9s5XiOE=,MIl/ZUp4V4/7bb4nzNPguRtOzeM=
0,-50,LJ43oMUai/trlmRZlbJC9s5XiOE=,MIl/ZUp4V4/7bb4nzNPguRtOzeM=
15,-51,LJ43oMUai/trlmRZlbJC9s5XiOE=,MIl/ZUp4V4/7bb4nzNPguRtOzeM=
14,-51,LJ43oMUai/trlmRZlbJC9s5XiOE=,MIl/ZUp4V4/7bb4nzNPguRtOzeM=
13,-51,LJ43oMUai/trlmRZlbJC9s5XiOE=,MIl/ZUp4V4/7bb4nzNPguRtOzeM=
11,-51,LJ43oMUai/trlmRZlbJC9s5XiOE=,MIl/ZUp4V4/7bb4nzNPguRtOzeM=
10,-51,LJ43oMUai/trlmRZlbJC9s5XiOE=,MIl/ZUp4V4/7bb4nzNPguRtOzeM=
12,-51,LJ43oMUai/trlmRZlbJC9s5XiOE=,MIl/ZUp4V4/7bb4nzNPguRtOzeM=
9,-51,LJ43oMUai/trlmRZlbJC9s5XiOE=,MIl/ZUp4V4/7bb4nzNPguRtOzeM=
7,-51,LJ43oMUai/trlmRZlbJC9s5XiOE=,MIl/ZUp4V4/7bb4nzNPguRtOzeM=
6,-51,LJ43oMUai/trlmRZlbJC9s5XiOE=,MIl/ZUp4V4/7bb4nzNPguRtOzeM=
8,-51,LJ43oMUai/trlmRZlbJC9s5XiOE=,MIl/ZUp4V4/7bb4nzNPguRtOzeM=
5,-51,LJ43oMUai/trlmRZlbJC9s5XiOE=,MIl/ZUp4V4/7bb4nzNPguRtOzeM=
4,-51,LJ43oMUai/trlmRZlbJC9s5XiOE=,MIl/ZUp4V4/7bb4nzNPguRtOzeM=
3,-51,LJ43oMUai/trlmRZlbJC9s5XiOE=,MIl/ZUp4V4/7bb4nzNPguRtOzeM=
11,-63,LJ43oMUai/trlmRZlbJC9s5XiOE=,MIl/ZUp4V4/7bb4nzNPguRtOzeM=
2,-51,LJ43oMUai/trlmRZlbJC9s5XiOE=,MIl/ZUp4V4/7bb4nzNPguRtOzeM=
1,-51,LJ43oMUai/trlmRZlbJC9s5XiOE=,MIl/ZUp4V4/7bb4nzNPguRtOzeM=
0,-51,LJ43oMUai/trlmRZlbJC9s5XiOE=,MIl/ZUp4V4/7bb4nzNPguRtOzeM=
13,-52,LJ43oMUai/trlmRZlbJC9s5XiOE=,MIl/ZUp4V4/7bb4nzNPguRtOzeM=
14,-52,LJ43oMUai/trlmRZlbJC9s5XiOE=,MIl/ZUp4V4/7bb4nzNPguRtOzeM=
15,-52,LJ43oMUai/trlmRZlbJC9s5XiOE=,MIl/ZUp4V4/7bb4nzNPguRtOzeM=
12,-52,LJ43oMUai/trlmRZlbJC9s5XiOE=,MIl/ZUp4V4/7bb4nzNPguRtOzeM=
11,-52,LJ43oMUai/trlmRZlbJC9s5XiOE=,MIl/ZUp4V4/7bb4nzNPguRtOzeM=
10,-52,LJ43oMUai/trlmRZlbJC9s5XiOE=,MIl/ZUp4V4/7bb4nzNPguRtOzeM=
9,-52,LJ43oMUai/trlmRZlbJC9s5XiOE=,MIl/ZUp4V4/7bb4nzNPguRtOzeM=
8,-52,LJ43oMUai/trlmRZlbJC9s5XiOE=,MIl/ZUp4V4/7bb4nzNPguRtOzeM=
7,-52,LJ43oMUai/trlmRZlbJC9s5XiOE=,MIl/ZUp4V4/7bb4nzNPguRtOzeM=
4,-52,LJ43oMUai/trlmRZlbJC9s5XiOE=,MIl/ZUp4V4/7bb4nzNPguRtOzeM=
5,-52,LJ43oMUai/trlmRZlbJC9s5XiOE=,MIl/ZUp4V4/7bb4nzNPguRtOzeM=
6,-52,LJ43oMUai/trlmRZlbJC9s5XiOE=,MIl/ZUp4V4/7bb4nzNPguRtOzeM=
10,-63,LJ43oMUai/trlmRZlbJC9s5XiOE=,MIl/ZUp4V4/7bb4nzNPguRtOzeM=
3,-52,LJ43oMUai/trlmRZlbJC9s5XiOE=,MIl/ZUp4V4/7bb4nzNPguRtOzeM=
1,-52,LJ43oMUai/trlmRZlbJC9s5XiOE=,MIl/ZUp4V4/7bb4nzNPguRtOzeM=
0,-52,LJ43oMUai/trlmRZlbJC9s5XiOE=,MIl/ZUp4V4/7bb4nzNPguRtOzeM=
2,-52,LJ43oMUai/trlmRZlbJC9s5XiOE=,MIl/ZUp4V4/7bb4nzNPguRtOzeM=
12,-53,LJ43oMUai/trlmRZlbJC9s5XiOE=,MIl/ZUp4V4/7bb4nzNPguRtOzeM=
15,-53,LJ43oMUai/trlmRZlbJC9s5XiOE=,MIl/ZUp4V4/7bb4nzNPguRtOzeM=
14,-53,LJ43oMUai/trlmRZlbJC9s5XiOE=,MIl/ZUp4V4/7bb4nzNPguRtOzeM=
13,-53,LJ43oMUai/trlmRZlbJC9s5XiOE=,MIl/ZUp4V4/7bb4nzNPguRtOzeM=
10,-53,LJ43oMUai/trlmRZlbJC9s5XiOE=,MIl/ZUp4V4/7bb4nzNPguRtOzeM=
11,-53,LJ43oMUai/trlmRZlbJC9s5XiOE=,MIl/ZUp4V4/7bb4nzNPguRtOzeM=
9,-53,LJ43oMUai/trlmRZlbJC9s5XiOE=,MIl/ZUp4V4/7bb4nzNPguRtOzeM=
7,-53,LJ43oMUai/trlmRZlbJC9s5XiOE=,MIl/ZUp4V4/7bb4nzNPguRtOzeM=
5,-53,LJ43oMUai/trlmRZlbJC9s5XiOE=,MIl/ZUp4V4/7bb4nzNPguRtOzeM=
8,-53,LJ43oMUai/trlmRZlbJC9s5XiOE=,MIl/ZUp4V4/7bb4nzNPguRtOzeM=
6,-53,LJ43oMUai/trlmRZlbJC9s5XiOE=,MIl/ZUp4V4/7bb4nzNPguRtOzeM=
9,-63,LJ43oMUai/trlmRZlbJC9s5XiOE=,MIl/ZUp4V4/7bb4nzNPguRtOzeM=
4,-53,LJ43oMUai/trlmRZlbJC9s5XiOE=,MIl/ZUp4V4/7bb4nzNPguRtOzeM=
2,-53,LJ43oMUai/trlmRZlbJC9s5XiOE=,MIl/ZUp4V4/7bb4nzNPguRtOzeM=
3,-53,LJ43oMUai/trlmRZlbJC9s5XiOE=,MIl/ZUp4V4/7bb4nzNPguRtOzeM=
0,-53,LJ43oMUai/trlmRZlbJC9s5XiOE=,MIl/ZUp4V4/7bb4nzNPguRtOzeM=
1,-53,LJ43oMUai/trlmRZlbJC9s5XiOE=,MIl/ZUp4V4/7bb4nzNPguRtOzeM=
15,-54,LJ43oMUai/trlmRZlbJC9s5XiOE=,MIl/ZUp4V4/7bb4nzNPguRtOzeM=
14,-54,LJ43oMUai/trlmRZlbJC9s5XiOE=,MIl/ZUp4V4/7bb4nzNPguRtOzeM=
13,-54,LJ43oMUai/trlmRZlbJC9s5XiOE=,MIl/ZUp4V4/7bb4nzNPguRtOzeM=
11,-54,LJ43oMUai/trlmRZlbJC9s5XiOE=,MIl/ZUp4V4/7bb4nzNPguRtOzeM=
12,-54,LJ43oMUai/trlmRZlbJC9s5XiOE=,MIl/ZUp4V4/7bb4nzNPguRtOzeM=
10,-54,LJ43oMUai/trlmRZlbJC9s5XiOE=,MIl/ZUp4V4/7bb4nzNPguRtOzeM=
9,-54,LJ43oMUai/trlmRZlbJC9s5XiOE=,MIl/ZUp4V4/7bb4nzNPguRtOzeM=
8,-54,LJ43oMUai/trlmRZlbJC9s5XiOE=,MIl/ZUp4V4/7bb4nzNPguRtOzeM=
7,-54,LJ43oMUai/trlmRZlbJC9s5XiOE=,MIl/ZUp4V4/7bb4nzNPguRtOzeM=
8,-63,LJ43oMUai/trlmRZlbJC9s5XiOE=,MIl/ZUp4V4/7bb4nzNPguRtOzeM=
5,-54,LJ43oMUai/trlmRZlbJC9s5XiOE=,MIl/ZUp4V4/7bb4nzNPguRtOzeM=
6,-54,LJ43oMUai/trlmRZlbJC9s5XiOE=,MIl/ZUp4V4/7bb4nzNPguRtOzeM=
3,-54,LJ43oMUai/trlmRZlbJC9s5XiOE=,MIl/ZUp4V4/7bb4nzNPguRtOzeM=
4,-54,LJ43oMUai/trlmRZlbJC9s5XiOE=,MIl/ZUp4V4/7bb4nzNPguRtOzeM=
2,-54,LJ43oMUai/trlmRZlbJC9s5XiOE=,MIl/ZUp4V4/7bb4nzNPguRtOzeM=
1,-54,LJ43oMUai/trlmRZlbJC9s5XiOE=,MIl/ZUp4V4/7bb4nzNPguRtOzeM=
0,-54,LJ43oMUai/trlmRZlbJC9s5XiOE=,MIl/ZUp4V4/7bb4nzNPguRtOzeM=
15,-55,LJ43oMUai/trlmRZlbJC9s5XiOE=,MIl/ZUp4V4/7bb4nzNPguRtOzeM=
13,-55,LJ43oMUai/trlmRZlbJC9s5XiOE=,MIl/ZUp4V4/7bb4nzNPguRtOzeM=
14,-55,LJ43oMUai/trlmRZlbJC9s5XiOE=,MIl/ZUp4V4/7bb4nzNPguRtOzeM=
12,-55,LJ43oMUai/trlmRZlbJC9s5XiOE=,MIl/ZUp4V4/7bb4nzNPguRtOzeM=
11,-55,LJ43oMUai/trlmRZlbJC9s5XiOE=,MIl/ZUp4V4/7bb4nzNPguRtOzeM=
10,-55,LJ43oMUai/trlmRZlbJC9s5XiOE=,MIl/ZUp4V4/7bb4nzNPguRtOzeM=
9,-55,LJ43oMUai/trlmRZlbJC9s5XiOE=,MIl/ZUp4V4/7bb4nzNPguRtOzeM=
8,-55,LJ43oMUai/trlmRZlbJC9s5XiOE=,MIl/ZUp4V4/7bb4nzNPguRtOzeM=
7,-63,LJ43oMUai/trlmRZlbJC9s5XiOE=,MIl/ZUp4V4/7bb4nzNPguRtOzeM=
7,-55,LJ43oMUai/trlmRZlbJC9s5XiOE=,MIl/ZUp4V4/7bb4nzNPguRtOzeM=
6,-55,LJ43oMUai/trlmRZlbJC9s5XiOE=,MIl/ZUp4V4/7bb4nzNPguRtOzeM=
4,-55,LJ43oMUai/trlmRZlbJC9s5XiOE=,MIl/ZUp4V4/7bb4nzNPguRtOzeM=
5,-55,LJ43oMUai/trlmRZlbJC9s5XiOE=,MIl/ZUp4V4/7bb4nzNPguRtOzeM=
3,-55,LJ43oMUai/trlmRZlbJC9s5XiOE=,MIl/ZUp4V4/7bb4nzNPguRtOzeM=
2,-55,LJ43oMUai/trlmRZlbJC9s5XiOE=,MIl/ZUp4V4/7bb4nzNPguRtOzeM=
0,-55,LJ43oMUai/trlmRZlbJC9s5XiOE=,MIl/ZUp4V4/7bb4nzNPguRtOzeM=
1,-55,LJ43oMUai/trlmRZlbJC9s5XiOE=,MIl/ZUp4V4/7bb4nzNPguRtOzeM=
13,-56,LJ43oMUai/trlmRZlbJC9s5XiOE=,MIl/ZUp4V4/7bb4nzNPguRtOzeM=
14,-56,LJ43oMUai/trlmRZlbJC9s5XiOE=,MIl/ZUp4V4/7bb4nzNPguRtOzeM=
12,-56,LJ43oMUai/trlmRZlbJC9s5XiOE=,MIl/ZUp4V4/7bb4nzNPguRtOzeM=
15,-56,LJ43oMUai/trlmRZlbJC9s5XiOE=,MIl/ZUp4V4/7bb4nzNPguRtOzeM=
10,-56,LJ43oMUai/trlmRZlbJC9s5XiOE=,MIl/ZUp4V4/7bb4nzNPguRtOzeM=
11,-56,LJ43oMUai/trlmRZlbJC9s5XiOE=,MIl/ZUp4V4/7bb4nzNPguRtOzeM=
9,-56,LJ43oMUai/trlmRZlbJC9s5XiOE=,MIl/ZUp4V4/7bb4nzNPguRtOzeM=
6,-63,LJ43oMUai/trlmRZlbJC9s5XiOE=,MIl/ZUp4V4/7bb4nzNPguRtOzeM=
7,-56,LJ43oMUai/trlmRZlbJC9s5XiOE=,MIl/ZUp4V4/7bb4nzNPguRtOzeM=
8,-56,LJ43oMUai/trlmRZlbJC9s5XiOE=,MIl/ZUp4V4/7bb4nzNPguRtOzeM=
6,-56,LJ43oMUai/trlmRZlbJC9s5XiOE=,MIl/ZUp4V4/7bb4nzNPguRtOzeM=
5,-56,LJ43oMUai/trlmRZlbJC9s5XiOE=,MIl/ZUp4V4/7bb4nzNPguRtOzeM=
4,-56,LJ43oMUai/trlmRZlbJC9s5XiOE=,MIl/ZUp4V4/7bb4nzNPguRtOzeM=
2,-56,LJ43oMUai/trlmRZlbJC9s5XiOE=,MIl/ZUp4V4/7bb4nzNPguRtOzeM=
3,-56,LJ43oMUai/trlmRZlbJC9s5XiOE=,MIl/ZUp4V4/7bb4nzNPguRtOzeM=
1,-56,LJ43oMUai/trlmRZlbJC9s5XiOE=,MIl/ZUp4V4/7bb4nzNPguRtOzeM=
0,-56,LJ43oMUai/trlmRZlbJC9s5XiOE=,MIl/ZUp4V4/7bb4nzNPguRtOzeM=
15,-57,LJ43oMUai/trlmRZlbJC9s5XiOE=,MIl/ZUp4V4/7bb4nzNPguRtOzeM=
14,-57,LJ43oMUai/trlmRZlbJC9s5XiOE=,MIl/ZUp4V4/7bb4nzNPguRtOzeM=
13,-57,LJ43oMUai/trlmRZlbJC9s5XiOE=,MIl/ZUp4V4/7bb4nzNPguRtOzeM=
12,-57,LJ43oMUai/trlmRZlbJC9s5XiOE=,MIl/ZUp4V4/7bb4nzNPguRtOzeM=
10,-57,LJ43oMUai/trlmRZlbJC9s5XiOE=,MIl/ZUp4V4/7bb4nzNPguRtOzeM=
5,-63,LJ43oMUai/trlmRZlbJC9s5XiOE=,MIl/ZUp4V4/7bb4nzNPguRtOzeM=
11,-57,LJ43oMUai/trlmRZlbJC9s5XiOE=,MIl/ZUp4V4/7bb4nzNPguRtOzeM=
9,-57,LJ43oMUai/trlmRZlbJC9s5XiOE=,MIl/ZUp4V4/7bb4nzNPguRtOzeM=
7,-57,LJ43oMUai/trlmRZlbJC9s5XiOE=,MIl/ZUp4V4/7bb4nzNPguRtOzeM=
8,-57,LJ43oMUai/trlmRZlbJC9s5XiOE=,MIl/ZUp4V4/7bb4nzNPguRtOzeM=
6,-57,LJ43oMUai/trlmRZlbJC9s5XiOE=,MIl/ZUp4V4/7bb4nzNPguRtOzeM=
4,-57,LJ43oMUai/trlmRZlbJC9s5XiOE=,MIl/ZUp4V4/7bb4nzNPguRtOzeM=
5,-57,LJ43oMUai/trlmRZlbJC9s5XiOE=,MIl/ZUp4V4/7bb4nzNPguRtOzeM=
2,-57,LJ43oMUai/trlmRZlbJC9s5XiOE=,MIl/ZUp4V4/7bb4nzNPguRtOzeM=
3,-57,LJ43oMUai/trlmRZlbJC9s5XiOE=,MIl/ZUp4V4/7bb4nzNPguRtOzeM=
1,-57,LJ43oMUai/trlmRZlbJC9s5XiOE=,MIl/ZUp4V4/7bb4nzNPguRtOzeM=
0,-57,LJ43oMUai/trlmRZlbJC9s5XiOE=,MIl/ZUp4V4/7bb4nzNPguRtOzeM=
14,-58,LJ43oMUai/trlmRZlbJC9s5XiOE=,MIl/ZUp4V4/7bb4nzNPguRtOzeM=
4,-63,LJ43oMUai/trlmRZlbJC9s5XiOE=,MIl/ZUp4V4/7bb4nzNPguRtOzeM=
15,-58,LJ43oMUai/trlmRZlbJC9s5XiOE=,MIl/ZUp4V4/7bb4nzNPguRtOzeM=
12,-58,LJ43oMUai/trlmRZlbJC9s5XiOE=,MIl/ZUp4V4/7bb4nzNPguRtOzeM=
13,-58,LJ43oMUai/trlmRZlbJC9s5XiOE=,MIl/ZUp4V4/7bb4nzNPguRtOzeM=
11,-58,LJ43oMUai/trlmRZlbJC9s5XiOE=,MIl/ZUp4V4/7bb4nzNPguRtOzeM=
10,-58,LJ43oMUai/trlmRZlbJC9s5XiOE=,MIl/ZUp4V4/7bb4nzNPguRtOzeM=
5,-58,LJ43oMUai/trlmRZlbJC9s5XiOE=,MIl/ZUp4V4/7bb4nzNPguRtOzeM=
4,-58,LJ43oMUai/trlmRZlbJC9s5XiOE=,MIl/ZUp4V4/7bb4nzNPguRtOzeM=
8,-58,LJ43oMUai/trlmRZlbJC9s5XiOE=,MIl/ZUp4V4/7bb4nzNPguRtOzeM=
7,-58,LJ43oMUai/trlmRZlbJC9s5XiOE=,MIl/ZUp4V4/7bb4nzNPguRtOzeM=
9,-58,LJ43oMUai/trlmRZlbJC9s5XiOE=,MIl/ZUp4V4/7bb4nzNPguRtOzeM=
3,-58,LJ43oMUai/trlmRZlbJC9s5XiOE=,MIl/ZUp4V4/7bb4nzNPguRtOzeM=
6,-58,LJ43oMUai/trlmRZlbJC9s5XiOE=,MIl/ZUp4V4/7bb4nzNPguRtOzeM=
2,-58,LJ43oMUai/trlmRZlbJC9s5XiOE=,MIl/ZUp4V4/7bb4nzNPguRtOzeM=
12,-59,LJ43oMUai/trlmRZlbJC9s5XiOE=,MIl/ZUp4V4/7bb4nzNPguRtOzeM=
0,-58,LJ43oMUai/trlmRZlbJC9s5XiOE=,MIl/ZUp4V4/7bb4nzNPguRtOzeM=
1,-58,LJ43oMUai/trlmRZlbJC9s5XiOE=,MIl/ZUp4V4/7bb4nzNPguRtOzeM=
15,-59,LJ43oMUai/trlmRZlbJC9s5XiOE=,MIl/ZUp4V4/7bb4nzNPguRtOzeM=
13,-59,LJ43oMUai/trlmRZlbJC9s5XiOE=,MIl/ZUp4V4/7bb4nzNPguRtOzeM=
14,-59,LJ43oMUai/trlmRZlbJC9s5XiOE=,MIl/ZUp4V4/7bb4nzNPguRtOzeM=
3,-63,LJ43oMUai/trlmRZlbJC9s5XiOE=,MIl/ZUp4V4/7bb4nzNPguRtOzeM=
11,-59,LJ43oMUai/trlmRZlbJC9s5XiOE=,MIl/ZUp4V4/7bb4nzNPguRtOzeM=
6,-59,LJ43oMUai/trlmRZlbJC9s5XiOE=,MIl/ZUp4V4/7bb4nzNPguRtOzeM=
10,-59,LJ43oMUai/trlmRZlbJC9s5XiOE=,MIl/ZUp4V4/7bb4nzNPguRtOzeM=
9,-59,LJ43oMUai/trlmRZlbJC9s5XiOE=,MIl/ZUp4V4/7bb4nzNPguRtOzeM=
7,-59,LJ43oMUai/trlmRZlbJC9s5XiOE=,MIl/ZUp4V4/7bb4nzNPguRtOzeM=
8,-59,LJ43oMUai/trlmRZlbJC9s5XiOE=,MIl/ZUp4V4/7bb4nzNPguRtOzeM=
5,-59,LJ43oMUai/trlmRZlbJC9s5XiOE=,MIl/ZUp4V4/7bb4nzNPguRtOzeM=
3,-59,LJ43oMUai/trlmRZlbJC9s5XiOE=,MIl/ZUp4V4/7bb4nzNPguRtOzeM=
4,-59,LJ43oMUai/trlmRZlbJC9s5XiOE=,MIl/ZUp4V4/7bb4nzNPguRtOzeM=
1,-59,LJ43oMUai/trlmRZlbJC9s5XiOE=,MIl/ZUp4V4/7bb4nzNPguRtOzeM=
2,-59,LJ43oMUai/trlmRZlbJC9s5XiOE=,MIl/ZUp4V4/7bb4nzNPguRtOzeM=
0,-59,LJ43oMUai/trlmRZlbJC9s5XiOE=,MIl/ZUp4V4/7bb4nzNPguRtOzeM=
15,-60,LJ43oMUai/trlmRZlbJC9s5XiOE=,MIl/ZUp4V4/7bb4nzNPguRtOzeM=
14,-60,LJ43oMUai/trlmRZlbJC9s5XiOE=,MIl/ZUp4V4/7bb4nzNPguRtOzeM=
13,-60,LJ43oMUai/trlmRZlbJC9s5XiOE=,MIl/ZUp4V4/7bb4nzNPguRtOzeM=
12,-60,LJ43oMUai/trlmRZlbJC9s5XiOE=,MIl/ZUp4V4/7bb4nzNPguRtOzeM=
2,-63,LJ43oMUai/trlmRZlbJC9s5XiOE=,MIl/ZUp4V4/7bb4nzNPguRtOzeM=
11,-60,LJ43oMUai/trlmRZlbJC9s5XiOE=,MIl/ZUp4V4/7bb4nzNPguRtOzeM=
9,-60,LJ43oMUai/trlmRZlbJC9s5XiOE=,MIl/ZUp4V4/7bb4nzNPguRtOzeM=
10,-60,LJ43oMUai/trlmRZlbJC9s5XiOE=,MIl/ZUp4V4/7bb4nzNPguRtOzeM=
8,-60,LJ43oMUai/trlmRZlbJC9s5XiOE=,MIl/ZUp4V4/7bb4nzNPguRtOzeM=
7,-60,LJ43oMUai/trlmRZlbJC9s5XiOE=,MIl/ZUp4V4/7bb4nzNPguRtOzeM=
6,-60,LJ43oMUai/trlmRZlbJC9s5XiOE=,MIl/ZUp4V4/7bb4nzNPguRtOzeM=
5,-60,LJ43oMUai/trlmRZlbJC9s5XiOE=,MIl/ZUp4V4/7bb4nzNPguRtOzeM=
4,-60,LJ43oMUai/trlmRZlbJC9s5XiOE=,MIl/ZUp4V4/7bb4nzNPguRtOzeM=
3,-60,LJ43oMUai/trlmRZlbJC9s5XiOE=,MIl/ZUp4V4/7bb4nzNPguRtOzeM=
2,-60,LJ43oMUai/trlmRZlbJC9s5XiOE=,MIl/ZUp4V4/7bb4nzNPguRtOzeM=
1,-60,LJ43oMUai/trlmRZlbJC9s5XiOE=,MIl/ZUp4V4/7bb4nzNPguRtOzeM=
15,-61,LJ43oMUai/trlmRZlbJC9s5XiOE=,MIl/ZUp4V4/7bb4nzNPguRtOzeM=
0,-60,LJ43oMUai/trlmRZlbJC9s5XiOE=,MIl/ZUp4V4/7bb4nzNPguRtOzeM=
14,-61,LJ43oMUai/trlmRZlbJC9s5XiOE=,MIl/ZUp4V4/7bb4nzNPguRtOzeM=
13,-61,LJ43oMUai/trlmRZlbJC9s5XiOE=,MIl/ZUp4V4/7bb4nzNPguRtOzeM=
1,-63,LJ43oMUai/trlmRZlbJC9s5XiOE=,MIl/ZUp4V4/7bb4nzNPguRtOzeM=
12,-61,LJ43oMUai/trlmRZlbJC9s5XiOE=,MIl/ZUp4V4/7bb4nzNPguRtOzeM=
10,-61,LJ43oMUai/trlmRZlbJC9s5XiOE=,MIl/ZUp4V4/7bb4nzNPguRtOzeM=
7,-61,LJ43oMUai/trlmRZlbJC9s5XiOE=,MIl/ZUp4V4/7bb4nzNPguRtOzeM=
11,-61,LJ43oMUai/trlmRZlbJC9s5XiOE=,MIl/ZUp4V4/7bb4nzNPguRtOzeM=
9,-61,LJ43oMUai/trlmRZlbJC9s5XiOE=,MIl/ZUp4V4/7bb4nzNPguRtOzeM=
8,-61,LJ43oMUai/trlmRZlbJC9s5XiOE=,MIl/ZUp4V4/7bb4nzNPguRtOzeM=
6,-61,LJ43oMUai/trlmRZlbJC9s5XiOE=,MIl/ZUp4V4/7bb4nzNPguRtOzeM=
5,-61,LJ43oMUai/trlmRZlbJC9s5XiOE=,MIl/ZUp4V4/7bb4nzNPguRtOzeM=
3,-61,LJ43oMUai/trlmRZlbJC9s5XiOE=,MIl/ZUp4V4/7bb4nzNPguRtOzeM=
4,-61,LJ43oMUai/trlmRZlbJC9s5XiOE=,MIl/ZUp4V4/7bb4nzNPguRtOzeM=
1,-61,LJ43oMUai/trlmRZlbJC9s5XiOE=,MIl/ZUp4V4/7bb4nzNPguRtOzeM=
2,-61,LJ43oMUai/trlmRZlbJC9s5XiOE=,MIl/ZUp4V4/7bb4nzNPguRtOzeM=
0,-61,LJ43oMUai/trlmRZlbJC9s5XiOE=,MIl/ZUp4V4/7bb4nzNPguRtOzeM=
15,-62,LJ43oMUai/trlmRZlbJC9s5XiOE=,MIl/ZUp4V4/7bb4nzNPguRtOzeM=
14,-62,LJ43oMUai/trlmRZlbJC9s5XiOE=,MIl/ZUp4V4/7bb4nzNPguRtOzeM=
13,-62,LJ43oMUai/trlmRZlbJC9s5XiOE=,MIl/ZUp4V4/7bb4nzNPguRtOzeM=
12,-62,LJ43oMUai/trlmRZlbJC9s5XiOE=,MIl/ZUp4V4/7bb4nzNPguRtOzeM=
0,-63,LJ43oMUai/trlmRZlbJC9s5XiOE=,MIl/ZUp4V4/7bb4nzNPguRtOzeM=
11,-62,LJ43oMUai/trlmRZlbJC9s5XiOE=,MIl/ZUp4V4/7bb4nzNPguRtOzeM=
9,-62,LJ43oMUai/trlmRZlbJC9s5XiOE=,MIl/ZUp4V4/7bb4nzNPguRtOzeM=
7,-62,LJ43oMUai/trlmRZlbJC9s5XiOE=,MIl/ZUp4V4/7bb4nzNPguRtOzeM=
10,-62,LJ43oMUai/trlmRZlbJC9s5XiOE=,MIl/ZUp4V4/7bb4nzNPguRtOzeM=
8,-62,LJ43oMUai/trlmRZlbJC9s5XiOE=,MIl/ZUp4V4/7bb4nzNPguRtOzeM=
5,-62,LJ43oMUai/trlmRZlbJC9s5XiOE=,MIl/ZUp4V4/7bb4nzNPguRtOzeM=
6,-62,LJ43oMUai/trlmRZlbJC9s5XiOE=,MIl/ZUp4V4/7bb4nzNPguRtOzeM=
4,-62,LJ43oMUai/trlmRZlbJC9s5XiOE=,MIl/ZUp4V4/7bb4nzNPguRtOzeM=
3,-62,LJ43oMUai/trlmRZlbJC9s5XiOE=,MIl/ZUp4V4/7bb4nzNPguRtOzeM=
2,-62,LJ43oMUai/trlmRZlbJC9s5XiOE=,MIl/ZUp4V4/7bb4nzNPguRtOzeM=
1,-62,LJ43oMUai/trlmRZlbJC9s5XiOE=,MIl/ZUp4V4/7bb4nzNPguRtOzeM=
0,-62,LJ43oMUai/trlmRZlbJC9s5XiOE=,MIl/ZUp4V4/7bb4nzNPguRtOzeM=
31,-64,LJ43oMUai/trlmRZlbJC9s5XiOE=,MIl/ZUp4V4/7bb4nzNPguRtOzeM=
31,-49,LJ43oMUai/trlmRZlbJC9s5XiOE=,MIl/ZUp4V4/7bb4nzNPguRtOzeM=
30,-49,LJ43oMUai/trlmRZlbJC9s5XiOE=,MIl/ZUp4V4/7bb4nzNPguRtOzeM=
29,-49,LJ43oMUai/trlmRZlbJC9s5XiOE=,MIl/ZUp4V4/7bb4nzNPguRtOzeM=
28,-49,LJ43oMUai/trlmRZlbJC9s5XiOE=,MIl/ZUp4V4/7bb4nzNPguRtOzeM=
27,-49,LJ43oMUai/trlmRZlbJC9s5XiOE=,MIl/ZUp4V4/7bb4nzNPguRtOzeM=
26,-49,LJ43oMUai/trlmRZlbJC9s5XiOE=,MIl/ZUp4V4/7bb4nzNPguRtOzeM=
25,-49,LJ43oMUai/trlmRZlbJC9s5XiOE=,MIl/ZUp4V4/7bb4nzNPguRtOzeM=
24,-49,LJ43oMUai/trlmRZlbJC9s5XiOE=,MIl/ZUp4V4/7bb4nzNPguRtOzeM=
23,-49,LJ43oMUai/trlmRZlbJC9s5XiOE=,MIl/ZUp4V4/7bb4nzNPguRtOzeM=
22,-49,LJ43oMUai/trlmRZlbJC9s5XiOE=,MIl/ZUp4V4/7bb4nzNPguRtOzeM=
31,-50,LJ43oMUai/trlmRZlbJC9s5XiOE=,MIl/ZUp4V4/7bb4nzNPguRtOzeM=
20,-49,LJ43oMUai/trlmRZlbJC9s5XiOE=,MIl/ZUp4V4/7bb4nzNPguRtOzeM=
21,-49,LJ43oMUai/trlmRZlbJC9s5XiOE=,MIl/ZUp4V4/7bb4nzNPguRtOzeM=
29,-50,LJ43oMUai/trlmRZlbJC9s5XiOE=,MIl/ZUp4V4/7bb4nzNPguRtOzeM=
27,-50,LJ43oMUai/trlmRZlbJC9s5XiOE=,MIl/ZUp4V4/7bb4nzNPguRtOzeM=
28,-50,LJ43oMUai/trlmRZlbJC9s5XiOE=,MIl/ZUp4V4/7bb4nzNPguRtOzeM=
30,-50,LJ43oMUai/trlmRZlbJC9s5XiOE=,MIl/ZUp4V4/7bb4nzNPguRtOzeM=
26,-50,LJ43oMUai/trlmRZlbJC9s5XiOE=,MIl/ZUp4V4/7bb4nzNPguRtOzeM=
25,-50,LJ43oMUai/trlmRZlbJC9s5XiOE=,MIl/ZUp4V4/7bb4nzNPguRtOzeM=
23,-50,LJ43oMUai/trlmRZlbJC9s5XiOE=,MIl/ZUp4V4/7bb4nzNPguRtOzeM=
19,-49,LJ43oMUai/trlmRZlbJC9s5XiOE=,MIl/ZUp4V4/7bb4nzNPguRtOzeM=
16,-63,LJ43oMUai/trlmRZlbJC9s5XiOE=,MIl/ZUp4V4/7bb4nzNPguRtOzeM=
24,-50,LJ43oMUai/trlmRZlbJC9s5XiOE=,MIl/ZUp4V4/7bb4nzNPguRtOzeM=
17,-49,LJ43oMUai/trlmRZlbJC9s5XiOE=,MIl/ZUp4V4/7bb4nzNPguRtOzeM=
18,-49,LJ43oMUai/trlmRZlbJC9s5XiOE=,MIl/ZUp4V4/7bb4nzNPguRtOzeM=
22,-50,994k3RBrckLTArit8VvL2uOnK98=,MIl/ZUp4V4/7bb4nzNPguRtOzeM=
30,-64,LJ43oMUai/trlmRZlbJC9s5XiOE=,MIl/ZUp4V4/7bb4nzNPguRtOzeM=
16,-49,994k3RBrckLTArit8VvL2uOnK98=,MIl/ZUp4V4/7bb4nzNPguRtOzeM=
31,-51,LJ43oMUai/trlmRZlbJC9s5XiOE=,MIl/ZUp4V4/7bb4nzNPguRtOzeM=
29,-51,LJ43oMUai/trlmRZlbJC9s5XiOE=,MIl/ZUp4V4/7bb4nzNPguRtOzeM=
28,-51,LJ43oMUai/trlmRZlbJC9s5XiOE=,MIl/ZUp4V4/7bb4nzNPguRtOzeM=
27,-51,LJ43oMUai/trlmRZlbJC9s5XiOE=,MIl/ZUp4V4/7bb4nzNPguRtOzeM=
26,-51,LJ43oMUai/trlmRZlbJC9s5XiOE=,MIl/ZUp4V4/7bb4nzNPguRtOzeM=
30,-51,LJ43oMUai/trlmRZlbJC9s5XiOE=,MIl/ZUp4V4/7bb4nzNPguRtOzeM=
25,-51,LJ43oMUai/trlmRZlbJC9s5XiOE=,MIl/ZUp4V4/7bb4nzNPguRtOzeM=
24,-51,LJ43oMUai/trlmRZlbJC9s5XiOE=,MIl/ZUp4V4/7bb4nzNPguRtOzeM=
23,-51,LJ43oMUai/trlmRZlbJC9s5XiOE=,MIl/ZUp4V4/7bb4nzNPguRtOzeM=
20,-50,LJ43oMUai/trlmRZlbJC9s5XiOE=,MIl/ZUp4V4/7bb4nzNPguRtOzeM=
21,-50,994k3RBrckLTArit8VvL2uOnK98=,MIl/ZUp4V4/7bb4nzNPguRtOzeM=
16,-64,LJ43oMUai/trlmRZlbJC9s5XiOE=,MIl/ZUp4V4/7bb4nzNPguRtOzeM=
19,-50,LJ43oMUai/trlmRZlbJC9s5XiOE=,MIl/ZUp4V4/7bb4nzNPguRtOzeM=
17,-50,LJ43oMUai/trlmRZlbJC9s5XiOE=,MIl/ZUp4V4/7bb4nzNPguRtOzeM=
22,-51,LJ43oMUai/trlmRZlbJC9s5XiOE=,MIl/ZUp4V4/7bb4nzNPguRtOzeM=
17,-63,LJ43oMUai/trlmRZlbJC9s5XiOE=,MIl/ZUp4V4/7bb4nzNPguRtOzeM=
16,-50,LJ43oMUai/trlmRZlbJC9s5XiOE=,MIl/ZUp4V4/7bb4nzNPguRtOzeM=
20,-51,LJ43oMUai/trlmRZlbJC9s5XiOE=,MIl/ZUp4V4/7bb4nzNPguRtOzeM=
29,-64,LJ43oMUai/trlmRZlbJC9s5XiOE=,MIl/ZUp4V4/7bb4nzNPguRtOzeM=
31,-52,LJ43oMUai/trlmRZlbJC9s5XiOE=,MIl/ZUp4V4/7bb4nzNPguRtOzeM=
29,-52,LJ43oMUai/trlmRZlbJC9s5XiOE=,MIl/ZUp4V4/7bb4nzNPguRtOzeM=
30,-52,LJ43oMUai/trlmRZlbJC9s5XiOE=,MIl/ZUp4V4/7bb4nzNPguRtOzeM=
28,-52,LJ43oMUai/trlmRZlbJC9s5XiOE=,MIl/ZUp4V4/7bb4nzNPguRtOzeM=
21,-51,LJ43oMUai/trlmRZlbJC9s5XiOE=,MIl/ZUp4V4/7bb4nzNPguRtOzeM=
27,-52,LJ43oMUai/trlmRZlbJC9s5XiOE=,MIl/ZUp4V4/7bb4nzNPguRtOzeM=
26,-52,LJ43oMUai/trlmRZlbJC9s5XiOE=,MIl/ZUp4V4/7bb4nzNPguRtOzeM=
25,-52,LJ43oMUai/trlmRZlbJC9s5XiOE=,MIl/ZUp4V4/7bb4nzNPguRtOzeM=
24,-52,LJ43oMUai/trlmRZlbJC9s5XiOE=,MIl/ZUp4V4/7bb4nzNPguRtOzeM=
23,-52,LJ43oMUai/trlmRZlbJC9s5XiOE=,MIl/ZUp4V4/7bb4nzNPguRtOzeM=
18,-51,LJ43oMUai/trlmRZlbJC9s5XiOE=,MIl/ZUp4V4/7bb4nzNPguRtOzeM=
18,-63,LJ43oMUai/trlmRZlbJC9s5XiOE=,MIl/ZUp4V4/7bb4nzNPguRtOzeM=
17,-51,LJ43oMUai/trlmRZlbJC9s5XiOE=,MIl/ZUp4V4/7bb4nzNPguRtOzeM=
16,-51,LJ43oMUai/trlmRZlbJC9s5XiOE=,MIl/ZUp4V4/7bb4nzNPguRtOzeM=
22,-52,LJ43oMUai/trlmRZlbJC9s5XiOE=,MIl/ZUp4V4/7bb4nzNPguRtOzeM=
21,-52,LJ43oMUai/trlmRZlbJC9s5XiOE=,MIl/ZUp4V4/7bb4nzNPguRtOzeM=
28,-64,LJ43oMUai/trlmRZlbJC9s5XiOE=,MIl/ZUp4V4/7bb4nzNPguRtOzeM=
30,-53,LJ43oMUai/trlmRZlbJC9s5XiOE=,MIl/ZUp4V4/7bb4nzNPguRtOzeM=
31,-53,LJ43oMUai/trlmRZlbJC9s5XiOE=,MIl/ZUp4V4/7bb4nzNPguRtOzeM=
29,-53,LJ43oMUai/trlmRZlbJC9s5XiOE=,MIl/ZUp4V4/7bb4nzNPguRtOzeM=
28,-53,LJ43oMUai/trlmRZlbJC9s5XiOE=,MIl/ZUp4V4/7bb4nzNPguRtOzeM=
26,-53,LJ43oMUai/trlmRZlbJC9s5XiOE=,MIl/ZUp4V4/7bb4nzNPguRtOzeM=
27,-53,LJ43oMUai/trlmRZlbJC9s5XiOE=,MIl/ZUp4V4/7bb4nzNPguRtOzeM=
25,-53,LJ43oMUai/trlmRZlbJC9s5XiOE=,MIl/ZUp4V4/7bb4nzNPguRtOzeM=
20,-52,LJ43oMUai/trlmRZlbJC9s5XiOE=,MIl/ZUp4V4/7bb4nzNPguRtOzeM=
24,-53,LJ43oMUai/trlmRZlbJC9s5XiOE=,MIl/ZUp4V4/7bb4nzNPguRtOzeM=
23,-53,LJ43oMUai/trlmRZlbJC9s5XiOE=,MIl/ZUp4V4/7bb4nzNPguRtOzeM=
19,-63,LJ43oMUai/trlmRZlbJC9s5XiOE=,MIl/ZUp4V4/7bb4nzNPguRtOzeM=
18,-52,LJ43oMUai/trlmRZlbJC9s5XiOE=,MIl/ZUp4V4/7bb4nzNPguRtOzeM=
22,-53,LJ43oMUai/trlmRZlbJC9s5XiOE=,MIl/ZUp4V4/7bb4nzNPguRtOzeM=
19,-52,LJ43oMUai/trlmRZlbJC9s5XiOE=,MIl/ZUp4V4/7bb4nzNPguRtOzeM=
16,-52,LJ43oMUai/trlmRZlbJC9s5XiOE=,MIl/ZUp4V4/7bb4nzNPguRtOzeM=
17,-52,LJ43oMUai/trlmRZlbJC9s5XiOE=,MIl/ZUp4V4/7bb4nzNPguRtOzeM=
20,-63,LJ43oMUai/trlmRZlbJC9s5XiOE=,MIl/ZUp4V4/7bb4nzNPguRtOzeM=
27,-64,LJ43oMUai/trlmRZlbJC9s5XiOE=,MIl/ZUp4V4/7bb4nzNPguRtOzeM=
21,-53,994k3RBrckLTArit8VvL2uOnK98=,MIl/ZUp4V4/7bb4nzNPguRtOzeM=
31,-54,LJ43oMUai/trlmRZlbJC9s5XiOE=,MIl/ZUp4V4/7bb4nzNPguRtOzeM=
30,-54,LJ43oMUai/trlmRZlbJC9s5XiOE=,MIl/ZUp4V4/7bb4nzNPguRtOzeM=
29,-54,LJ43oMUai/trlmRZlbJC9s5XiOE=,MIl/ZUp4V4/7bb4nzNPguRtOzeM=
28,-54,LJ43oMUai/trlmRZlbJC9s5XiOE=,MIl/ZUp4V4/7bb4nzNPguRtOzeM=
27,-54,LJ43oMUai/trlmRZlbJC9s5XiOE=,MIl/ZUp4V4/7bb4nzNPguRtOzeM=
26,-54,LJ43oMUai/trlmRZlbJC9s5XiOE=,MIl/ZUp4V4/7bb4nzNPguRtOzeM=
25,-54,LJ43oMUai/trlmRZlbJC9s5XiOE=,MIl/ZUp4V4/7bb4nzNPguRtOzeM=
24,-54,LJ43oMUai/trlmRZlbJC9s5XiOE=,MIl/ZUp4V4/7bb4nzNPguRtOzeM=
23,-54,LJ43oMUai/trlmRZlbJC9s5XiOE=,MIl/ZUp4V4/7bb4nzNPguRtOzeM=
20,-53,LJ43oMUai/trlmRZlbJC9s5XiOE=,MIl/ZUp4V4/7bb4nzNPguRtOzeM=
19,-53,LJ43oMUai/trlmRZlbJC9s5XiOE=,MIl/ZUp4V4/7bb4nzNPguRtOzeM=
22,-54,LJ43oMUai/trlmRZlbJC9s5XiOE=,MIl/ZUp4V4/7bb4nzNPguRtOzeM=
18,-53,LJ43oMUai/trlmRZlbJC9s5XiOE=,MIl/ZUp4V4/7bb4nzNPguRtOzeM=
17,-53,LJ43oMUai/trlmRZlbJC9s5XiOE=,MIl/ZUp4V4/7bb4nzNPguRtOzeM=
16,-53,LJ43oMUai/trlmRZlbJC9s5XiOE=,MIl/ZUp4V4/7bb4nzNPguRtOzeM=
21,-63,LJ43oMUai/trlmRZlbJC9s5XiOE=,MIl/ZUp4V4/7bb4nzNPguRtOzeM=
21,-54,LJ43oMUai/trlmRZlbJC9s5XiOE=,MIl/ZUp4V4/7bb4nzNPguRtOzeM=
26,-64,LJ43oMUai/trlmRZlbJC9s5XiOE=,MIl/ZUp4V4/7bb4nzNPguRtOzeM=
30,-55,LJ43oMUai/trlmRZlbJC9s5XiOE=,MIl/ZUp4V4/7bb4nzNPguRtOzeM=
31,-55,LJ43oMUai/trlmRZlbJC9s5XiOE=,MIl/ZUp4V4/7bb4nzNPguRtOzeM=
29,-55,LJ43oMUai/trlmRZlbJC9s5XiOE=,MIl/ZUp4V4/7bb4nzNPguRtOzeM=
28,-55,LJ43oMUai/trlmRZlbJC9s5XiOE=,MIl/ZUp4V4/7bb4nzNPguRtOzeM=
27,-55,LJ43oMUai/trlmRZlbJC9s5XiOE=,MIl/ZUp4V4/7bb4nzNPguRtOzeM=
26,-55,LJ43oMUai/trlmRZlbJC9s5XiOE=,MIl/ZUp4V4/7bb4nzNPguRtOzeM=
25,-55,LJ43oMUai/trlmRZlbJC9s5XiOE=,MIl/ZUp4V4/7bb4nzNPguRtOzeM=
24,-55,LJ43oMUai/trlmRZlbJC9s5XiOE=,MIl/ZUp4V4/7bb4nzNPguRtOzeM=
23,-55,LJ43oMUai/trlmRZlbJC9s5XiOE=,MIl/ZUp4V4/7bb4nzNPguRtOzeM=
20,-54,LJ43oMUai/trlmRZlbJC9s5XiOE=,MIl/ZUp4V4/7bb4nzNPguRtOzeM=
19,-54,LJ43oMUai/trlmRZlbJC9s5XiOE=,MIl/ZUp4V4/7bb4nzNPguRtOzeM=
22,-63,LJ43oMUai/trlmRZlbJC9s5XiOE=,MIl/ZUp4V4/7bb4nzNPguRtOzeM=
23,-63,LJ43oMUai/trlmRZlbJC9s5XiOE=,MIl/ZUp4V4/7bb4nzNPguRtOzeM=
24,-63,LJ43oMUai/trlmRZlbJC9s5XiOE=,MIl/ZUp4V4/7bb4nzNPguRtOzeM=
25,-63,LJ43oMUai/trlmRZlbJC9s5XiOE=,MIl/ZUp4V4/7bb4nzNPguRtOzeM=
26,-63,LJ43oMUai/trlmRZlbJC9s5XiOE=,MIl/ZUp4V4/7bb4nzNPguRtOzeM=
16,-54,LJ43oMUai/trlmRZlbJC9s5XiOE=,MIl/ZUp4V4/7bb4nzNPguRtOzeM=
27,-63,LJ43oMUai/trlmRZlbJC9s5XiOE=,MIl/ZUp4V4/7bb4nzNPguRtOzeM=
17,-54,LJ43oMUai/trlmRZlbJC9s5XiOE=,MIl/ZUp4V4/7bb4nzNPguRtOzeM=
28,-63,LJ43oMUai/trlmRZlbJC9s5XiOE=,MIl/ZUp4V4/7bb4nzNPguRtOzeM=
29,-63,LJ43oMUai/trlmRZlbJC9s5XiOE=,MIl/ZUp4V4/7bb4nzNPguRtOzeM=
22,-55,LJ43oMUai/trlmRZlbJC9s5XiOE=,MIl/ZUp4V4/7bb4nzNPguRtOzeM=
17,-64,LJ43oMUai/trlmRZlbJC9s5XiOE=,MIl/ZUp4V4/7bb4nzNPguRtOzeM=
18,-54,LJ43oMUai/trlmRZlbJC9s5XiOE=,MIl/ZUp4V4/7bb4nzNPguRtOzeM=
30,-63,LJ43oMUai/trlmRZlbJC9s5XiOE=,MIl/ZUp4V4/7bb4nzNPguRtOzeM=
31,-63,LJ43oMUai/trlmRZlbJC9s5XiOE=,MIl/ZUp4V4/7bb4nzNPguRtOzeM=
20,-55,LJ43oMUai/trlmRZlbJC9s5XiOE=,MIl/ZUp4V4/7bb4nzNPguRtOzeM=
25,-64,LJ43oMUai/trlmRZlbJC9s5XiOE=,MIl/ZUp4V4/7bb4nzNPguRtOzeM=
31,-56,LJ43oMUai/trlmRZlbJC9s5XiOE=,MIl/ZUp4V4/7bb4nzNPguRtOzeM=
21,-55,LJ43oMUai/trlmRZlbJC9s5XiOE=,MIl/ZUp4V4/7bb4nzNPguRtOzeM=
30,-56,LJ43oMUai/trlmRZlbJC9s5XiOE=,MIl/ZUp4V4/7bb4nzNPguRtOzeM=
29,-56,LJ43oMUai/trlmRZlbJC9s5XiOE=,MIl/ZUp4V4/7bb4nzNPguRtOzeM=
28,-56,LJ43oMUai/trlmRZlbJC9s5XiOE=,MIl/ZUp4V4/7bb4nzNPguRtOzeM=
27,-56,LJ43oMUai/trlmRZlbJC9s5XiOE=,MIl/ZUp4V4/7bb4nzNPguRtOzeM=
26,-56,LJ43oMUai/trlmRZlbJC9s5XiOE=,MIl/ZUp4V4/7bb4nzNPguRtOzeM=
25,-56,LJ43oMUai/trlmRZlbJC9s5XiOE=,MIl/ZUp4V4/7bb4nzNPguRtOzeM=
24,-56,LJ43oMUai/trlmRZlbJC9s5XiOE=,MIl/ZUp4V4/7bb4nzNPguRtOzeM=
23,-56,LJ43oMUai/trlmRZlbJC9s5XiOE=,MIl/ZUp4V4/7bb4nzNPguRtOzeM=
18,-55,LJ43oMUai/trlmRZlbJC9s5XiOE=,MIl/ZUp4V4/7bb4nzNPguRtOzeM=
16,-55,LJ43oMUai/trlmRZlbJC9s5XiOE=,MIl/ZUp4V4/7bb4nzNPguRtOzeM=
17,-55,LJ43oMUai/trlmRZlbJC9s5XiOE=,MIl/ZUp4V4/7bb4nzNPguRtOzeM=
19,-55,LJ43oMUai/trlmRZlbJC9s5XiOE=,MIl/ZUp4V4/7bb4nzNPguRtOzeM=
18,-64,LJ43oMUai/trlmRZlbJC9s5XiOE=,MIl/ZUp4V4/7bb4nzNPguRtOzeM=
22,-56,LJ43oMUai/trlmRZlbJC9s5XiOE=,MIl/ZUp4V4/7bb4nzNPguRtOzeM=
21,-56,LJ43oMUai/trlmRZlbJC9s5XiOE=,MIl/ZUp4V4/7bb4nzNPguRtOzeM=
24,-64,LJ43oMUai/trlmRZlbJC9s5XiOE=,MIl/ZUp4V4/7bb4nzNPguRtOzeM=
31,-57,LJ43oMUai/trlmRZlbJC9s5XiOE=,MIl/ZUp4V4/7bb4nzNPguRtOzeM=
30,-57,LJ43oMUai/trlmRZlbJC9s5XiOE=,MIl/ZUp4V4/7bb4nzNPguRtOzeM=
29,-57,LJ43oMUai/trlmRZlbJC9s5XiOE=,MIl/ZUp4V4/7bb4nzNPguRtOzeM=
28,-57,LJ43oMUai/trlmRZlbJC9s5XiOE=,MIl/ZUp4V4/7bb4nzNPguRtOzeM=
27,-57,LJ43oMUai/trlmRZlbJC9s5XiOE=,MIl/ZUp4V4/7bb4nzNPguRtOzeM=
26,-57,LJ43oMUai/trlmRZlbJC9s5XiOE=,MIl/ZUp4V4/7bb4nzNPguRtOzeM=
24,-57,LJ43oMUai/trlmRZlbJC9s5XiOE=,MIl/ZUp4V4/7bb4nzNPguRtOzeM=
25,-57,LJ43oMUai/trlmRZlbJC9s5XiOE=,MIl/ZUp4V4/7bb4nzNPguRtOzeM=
23,-57,LJ43oMUai/trlmRZlbJC9s5XiOE=,MIl/ZUp4V4/7bb4nzNPguRtOzeM=
19,-56,LJ43oMUai/trlmRZlbJC9s5XiOE=,MIl/ZUp4V4/7bb4nzNPguRtOzeM=
20,-56,LJ43oMUai/trlmRZlbJC9s5XiOE=,MIl/ZUp4V4/7bb4nzNPguRtOzeM=
17,-56,LJ43oMUai/trlmRZlbJC9s5XiOE=,MIl/ZUp4V4/7bb4nzNPguRtOzeM=
18,-56,LJ43oMUai/trlmRZlbJC9s5XiOE=,MIl/ZUp4V4/7bb4nzNPguRtOzeM=
16,-62,LJ43oMUai/trlmRZlbJC9s5XiOE=,MIl/ZUp4V4/7bb4nzNPguRtOzeM=
16,-56,LJ43oMUai/trlmRZlbJC9s5XiOE=,MIl/ZUp4V4/7bb4nzNPguRtOzeM=
22,-57,LJ43oMUai/trlmRZlbJC9s5XiOE=,MIl/ZUp4V4/7bb4nzNPguRtOzeM=
17,-62,LJ43oMUai/trlmRZlbJC9s5XiOE=,MIl/ZUp4V4/7bb4nzNPguRtOzeM=
18,-57,LJ43oMUai/trlmRZlbJC9s5XiOE=,MIl/ZUp4V4/7bb4nzNPguRtOzeM=
23,-64,LJ43oMUai/trlmRZlbJC9s5XiOE=,MIl/ZUp4V4/7bb4nzNPguRtOzeM=
20,-57,LJ43oMUai/trlmRZlbJC9s5XiOE=,MIl/ZUp4V4/7bb4nzNPguRtOzeM=
21,-57,LJ43oMUai/trlmRZlbJC9s5XiOE=,MIl/ZUp4V4/7bb4nzNPguRtOzeM=
19,-57,LJ43oMUai/trlmRZlbJC9s5XiOE=,MIl/ZUp4V4/7bb4nzNPguRtOzeM=
30,-58,LJ43oMUai/trlmRZlbJC9s5XiOE=,MIl/ZUp4V4/7bb4nzNPguRtOzeM=
31,-58,LJ43oMUai/trlmRZlbJC9s5XiOE=,MIl/ZUp4V4/7bb4nzNPguRtOzeM=
29,-58,LJ43oMUai/trlmRZlbJC9s5XiOE=,MIl/ZUp4V4/7bb4nzNPguRtOzeM=
28,-58,LJ43oMUai/trlmRZlbJC9s5XiOE=,MIl/ZUp4V4/7bb4nzNPguRtOzeM=
27,-58,LJ43oMUai/trlmRZlbJC9s5XiOE=,MIl/ZUp4V4/7bb4nzNPguRtOzeM=
26,-58,LJ43oMUai/trlmRZlbJC9s5XiOE=,MIl/ZUp4V4/7bb4nzNPguRtOzeM=
25,-58,LJ43oMUai/trlmRZlbJC9s5XiOE=,MIl/ZUp4V4/7bb4nzNPguRtOzeM=
23,-58,LJ43oMUai/trlmRZlbJC9s5XiOE=,MIl/ZUp4V4/7bb4nzNPguRtOzeM=
24,-58,LJ43oMUai/trlmRZlbJC9s5XiOE=,MIl/ZUp4V4/7bb4nzNPguRtOzeM=
17,-57,994k3RBrckLTArit8VvL2uOnK98=,MIl/ZUp4V4/7bb4nzNPguRtOzeM=
18,-62,LJ43oMUai/trlmRZlbJC9s5XiOE=,MIl/ZUp4V4/7bb4nzNPguRtOzeM=
16,-57,LJ43oMUai/trlmRZlbJC9s5XiOE=,MIl/ZUp4V4/7bb4nzNPguRtOzeM=
20,-58,LJ43oMUai/trlmRZlbJC9s5XiOE=,MIl/ZUp4V4/7bb4nzNPguRtOzeM=
19,-58,LJ43oMUai/trlmRZlbJC9s5XiOE=,MIl/ZUp4V4/7bb4nzNPguRtOzeM=
22,-58,LJ43oMUai/trlmRZlbJC9s5XiOE=,MIl/ZUp4V4/7bb4nzNPguRtOzeM=
30,-59,LJ43oMUai/trlmRZlbJC9s5XiOE=,MIl/ZUp4V4/7bb4nzNPguRtOzeM=
31,-59,LJ43oMUai/trlmRZlbJC9s5XiOE=,MIl/ZUp4V4/7bb4nzNPguRtOzeM=
29,-59,LJ43oMUai/trlmRZlbJC9s5XiOE=,MIl/ZUp4V4/7bb4nzNPguRtOzeM=
21,-58,LJ43oMUai/trlmRZlbJC9s5XiOE=,MIl/ZUp4V4/7bb4nzNPguRtOzeM=
28,-59,LJ43oMUai/trlmRZlbJC9s5XiOE=,MIl/ZUp4V4/7bb4nzNPguRtOzeM=
27,-59,LJ43oMUai/trlmRZlbJC9s5XiOE=,MIl/ZUp4V4/7bb4nzNPguRtOzeM=
26,-59,LJ43oMUai/trlmRZlbJC9s5XiOE=,MIl/ZUp4V4/7bb4nzNPguRtOzeM=
25,-59,LJ43oMUai/trlmRZlbJC9s5XiOE=,MIl/ZUp4V4/7bb4nzNPguRtOzeM=
24,-59,LJ43oMUai/trlmRZlbJC9s5XiOE=,MIl/ZUp4V4/7bb4nzNPguRtOzeM=
23,-59,LJ43oMUai/trlmRZlbJC9s5XiOE=,MIl/ZUp4V4/7bb4nzNPguRtOzeM=
18,-58,LJ43oMUai/trlmRZlbJC9s5XiOE=,MIl/ZUp4V4/7bb4nzNPguRtOzeM=
22,-59,LJ43oMUai/trlmRZlbJC9s5XiOE=,MIl/ZUp4V4/7bb4nzNPguRtOzeM=
22,-64,LJ43oMUai/trlmRZlbJC9s5XiOE=,MIl/ZUp4V4/7bb4nzNPguRtOzeM=
19,-62,LJ43oMUai/trlmRZlbJC9s5XiOE=,MIl/ZUp4V4/7bb4nzNPguRtOzeM=
16,-58,LJ43oMUai/trlmRZlbJC9s5XiOE=,MIl/ZUp4V4/7bb4nzNPguRtOzeM=
17,-58,LJ43oMUai/trlmRZlbJC9s5XiOE=,MIl/ZUp4V4/7bb4nzNPguRtOzeM=
21,-59,994k3RBrckLTArit8VvL2uOnK98=,MIl/ZUp4V4/7bb4nzNPguRtOzeM=
18,-59,LJ43oMUai/trlmRZlbJC9s5XiOE=,MIl/ZUp4V4/7bb4nzNPguRtOzeM=
31,-60,LJ43oMUai/trlmRZlbJC9s5XiOE=,MIl/ZUp4V4/7bb4nzNPguRtOzeM=
30,-60,LJ43oMUai/trlmRZlbJC9s5XiOE=,MIl/ZUp4V4/7bb4nzNPguRtOzeM=
29,-60,LJ43oMUai/trlmRZlbJC9s5XiOE=,MIl/ZUp4V4/7bb4nzNPguRtOzeM=
28,-60,LJ43oMUai/trlmRZlbJC9s5XiOE=,MIl/ZUp4V4/7bb4nzNPguRtOzeM=
27,-60,LJ43oMUai/trlmRZlbJC9s5XiOE=,MIl/ZUp4V4/7bb4nzNPguRtOzeM=
20,-59,LJ43oMUai/trlmRZlbJC9s5XiOE=,MIl/ZUp4V4/7bb4nzNPguRtOzeM=
26,-60,LJ43oMUai/trlmRZlbJC9s5XiOE=,MIl/ZUp4V4/7bb4nzNPguRtOzeM=
25,-60,LJ43oMUai/trlmRZlbJC9s5XiOE=,MIl/ZUp4V4/7bb4nzNPguRtOzeM=
24,-60,LJ43oMUai/trlmRZlbJC9s5XiOE=,MIl/ZUp4V4/7bb4nzNPguRtOzeM=
23,-60,LJ43oMUai/trlmRZlbJC9s5XiOE=,MIl/ZUp4V4/7bb4nzNPguRtOzeM=
19,-59,LJ43oMUai/trlmRZlbJC9s5XiOE=,MIl/ZUp4V4/7bb4nzNPguRtOzeM=
20,-62,994k3RBrckLTArit8VvL2uOnK98=,MIl/ZUp4V4/7bb4nzNPguRtOzeM=
16,-59,LJ43oMUai/trlmRZlbJC9s5XiOE=,MIl/ZUp4V4/7bb4nzNPguRtOzeM=
22,-60,LJ43oMUai/trlmRZlbJC9s5XiOE=,MIl/ZUp4V4/7bb4nzNPguRtOzeM=
17,-59,LJ43oMUai/trlmRZlbJC9s5XiOE=,MIl/ZUp4V4/7bb4nzNPguRtOzeM=
21,-64,LJ43oMUai/trlmRZlbJC9s5XiOE=,MIl/ZUp4V4/7bb4nzNPguRtOzeM=
20,-60,LJ43oMUai/trlmRZlbJC9s5XiOE=,MIl/ZUp4V4/7bb4nzNPguRtOzeM=
21,-62,994k3RBrckLTArit8VvL2uOnK98=,MIl/ZUp4V4/7bb4nzNPguRtOzeM=
21,-60,LJ43oMUai/trlmRZlbJC9s5XiOE=,MIl/ZUp4V4/7bb4nzNPguRtOzeM=
31,-61,LJ43oMUai/trlmRZlbJC9s5XiOE=,MIl/ZUp4V4/7bb4nzNPguRtOzeM=
30,-61,LJ43oMUai/trlmRZlbJC9s5XiOE=,MIl/ZUp4V4/7bb4nzNPguRtOzeM=
29,-61,LJ43oMUai/trlmRZlbJC9s5XiOE=,MIl/ZUp4V4/7bb4nzNPguRtOzeM=
28,-61,LJ43oMUai/trlmRZlbJC9s5XiOE=,MIl/ZUp4V4/7bb4nzNPguRtOzeM=
27,-61,LJ43oMUai/trlmRZlbJC9s5XiOE=,MIl/ZUp4V4/7bb4nzNPguRtOzeM=
26,-61,LJ43oMUai/trlmRZlbJC9s5XiOE=,MIl/ZUp4V4/7bb4nzNPguRtOzeM=
25,-61,LJ43oMUai/trlmRZlbJC9s5XiOE=,MIl/ZUp4V4/7bb4nzNPguRtOzeM=
24,-61,LJ43oMUai/trlmRZlbJC9s5XiOE=,MIl/ZUp4V4/7bb4nzNPguRtOzeM=
23,-61,LJ43oMUai/trlmRZlbJC9s5XiOE=,MIl/ZUp4V4/7bb4nzNPguRtOzeM=
19,-60,LJ43oMUai/trlmRZlbJC9s5XiOE=,MIl/ZUp4V4/7bb4nzNPguRtOzeM=
22,-62,994k3RBrckLTArit8VvL2uOnK98=,MIl/ZUp4V4/7bb4nzNPguRtOzeM=
23,-62,994k3RBrckLTArit8VvL2uOnK98=,MIl/ZUp4V4/7bb4nzNPguRtOzeM=
24,-62,994k3RBrckLTArit8VvL2uOnK98=,MIl/ZUp4V4/7bb4nzNPguRtOzeM=
25,-62,994k3RBrckLTArit8VvL2uOnK98=,MIl/ZUp4V4/7bb4nzNPguRtOzeM=
18,-60,994k3RBrckLTArit8VvL2uOnK98=,MIl/ZUp4V4/7bb4nzNPguRtOzeM=
26,-62,994k3RBrckLTArit8VvL2uOnK98=,MIl/ZUp4V4/7bb4nzNPguRtOzeM=
27,-62,994k3RBrckLTArit8VvL2uOnK98=,MIl/ZUp4V4/7bb4nzNPguRtOzeM=
17,-60,994k3RBrckLTArit8VvL2uOnK98=,MIl/ZUp4V4/7bb4nzNPguRtOzeM=
28,-62,994k3RBrckLTArit8VvL2uOnK98=,MIl/ZUp4V4/7bb4nzNPguRtOzeM=
29,-62,994k3RBrckLTArit8VvL2uOnK98=,MIl/ZUp4V4/7bb4nzNPguRtOzeM=
30,-62,994k3RBrckLTArit8VvL2uOnK98=,MIl/ZUp4V4/7bb4nzNPguRtOzeM=
31,-62,994k3RBrckLTArit8VvL2uOnK98=,MIl/ZUp4V4/7bb4nzNPguRtOzeM=
16,-60,994k3RBrckLTArit8VvL2uOnK98=,MIl/ZUp4V4/7bb4nzNPguRtOzeM=
22,-61,994k3RBrckLTArit8VvL2uOnK98=,MIl/ZUp4V4/7bb4nzNPguRtOzeM=
20,-64,994k3RBrckLTArit8VvL2uOnK98=,MIl/ZUp4V4/7bb4nzNPguRtOzeM=
20,-61,994k3RBrckLTArit8VvL2uOnK98=,MIl/ZUp4V4/7bb4nzNPguRtOzeM=
21,-61,994k3RBrckLTArit8VvL2uOnK98=,MIl/ZUp4V4/7bb4nzNPguRtOzeM=
19,-64,994k3RBrckLTArit8VvL2uOnK98=,MIl/ZUp4V4/7bb4nzNPguRtOzeM=
18,-61,994k3RBrckLTArit8VvL2uOnK98=,MIl/ZUp4V4/7bb4nzNPguRtOzeM=
17,-61,994k3RBrckLTArit8VvL2uOnK98=,MIl/ZUp4V4/7bb4nzNPguRtOzeM=
19,-61,994k3RBrckLTArit8VvL2uOnK98=,MIl/ZUp4V4/7bb4nzNPguRtOzeM=
18,-50,994k3RBrckLTArit8VvL2uOnK98=,MIl/ZUp4V4/7bb4nzNPguRtOzeM=
16,-61,994k3RBrckLTArit8VvL2uOnK98=,MIl/ZUp4V4/7bb4nzNPguRtOzeM=
19,-51,LJ43oMUai/trlmRZlbJC9s5XiOE=,MIl/ZUp4V4/7bb4nzNPguRtOzeM=
0,-47,994k3RBrckLTArit8VvL2uOnK98=,MIl/ZUp4V4/7bb4nzNPguRtOzeM=
14,-33,QUgWZha96QJLxjkT1ULSndTo31k=,MIl/ZUp4V4/7bb4nzNPguRtOzeM=
15,-48,994k3RBrckLTArit8VvL2uOnK98=,MIl/ZUp4V4/7bb4nzNPguRtOzeM=
0,-48,994k3RBrckLTArit8VvL2uOnK98=,MIl/ZUp4V4/7bb4nzNPguRtOzeM=
13,-33,QUgWZha96QJLxjkT1ULSndTo31k=,MIl/ZUp4V4/7bb4nzNPguRtOzeM=
15,-33,QUgWZha96QJLxjkT1ULSndTo31k=,MIl/ZUp4V4/7bb4nzNPguRtOzeM=
12,-33,QUgWZha96QJLxjkT1ULSndTo31k=,MIl/ZUp4V4/7bb4nzNPguRtOzeM=
11,-33,QUgWZha96QJLxjkT1ULSndTo31k=,MIl/ZUp4V4/7bb4nzNPguRtOzeM=
10,-33,QUgWZha96QJLxjkT1ULSndTo31k=,MIl/ZUp4V4/7bb4nzNPguRtOzeM=
7,-33,QUgWZha96QJLxjkT1ULSndTo31k=,MIl/ZUp4V4/7bb4nzNPguRtOzeM=
8,-33,QUgWZha96QJLxjkT1ULSndTo31k=,MIl/ZUp4V4/7bb4nzNPguRtOzeM=
9,-33,QUgWZha96QJLxjkT1ULSndTo31k=,MIl/ZUp4V4/7bb4nzNPguRtOzeM=
6,-33,QUgWZha96QJLxjkT1ULSndTo31k=,MIl/ZUp4V4/7bb4nzNPguRtOzeM=
4,-33,QUgWZha96QJLxjkT1ULSndTo31k=,MIl/ZUp4V4/7bb4nzNPguRtOzeM=
5,-33,QUgWZha96QJLxjkT1ULSndTo31k=,MIl/ZUp4V4/7bb4nzNPguRtOzeM=
3,-33,QUgWZha96QJLxjkT1ULSndTo31k=,MIl/ZUp4V4/7bb4nzNPguRtOzeM=
1,-33,QUgWZha96QJLxjkT1ULSndTo31k=,MIl/ZUp4V4/7bb4nzNPguRtOzeM=
2,-33,QUgWZha96QJLxjkT1ULSndTo31k=,MIl/ZUp4V4/7bb4nzNPguRtOzeM=
0,-33,QUgWZha96QJLxjkT1ULSndTo31k=,MIl/ZUp4V4/7bb4nzNPguRtOzeM=
15,-34,QUgWZha96QJLxjkT1ULSndTo31k=,MIl/ZUp4V4/7bb4nzNPguRtOzeM=
14,-34,QUgWZha96QJLxjkT1ULSndTo31k=,MIl/ZUp4V4/7bb4nzNPguRtOzeM=
14,-48,QUgWZha96QJLxjkT1ULSndTo31k=,MIl/ZUp4V4/7bb4nzNPguRtOzeM=
10,-34,QUgWZha96QJLxjkT1ULSndTo31k=,MIl/ZUp4V4/7bb4nzNPguRtOzeM=
11,-34,QUgWZha96QJLxjkT1ULSndTo31k=,MIl/ZUp4V4/7bb4nzNPguRtOzeM=
13,-34,QUgWZha96QJLxjkT1ULSndTo31k=,MIl/ZUp4V4/7bb4nzNPguRtOzeM=
12,-34,QUgWZha96QJLxjkT1ULSndTo31k=,MIl/ZUp4V4/7bb4nzNPguRtOzeM=
8,-34,QUgWZha96QJLxjkT1ULSndTo31k=,MIl/ZUp4V4/7bb4nzNPguRtOzeM=
6,-34,QUgWZha96QJLxjkT1ULSndTo31k=,MIl/ZUp4V4/7bb4nzNPguRtOzeM=
7,-34,QUgWZha96QJLxjkT1ULSndTo31k=,MIl/ZUp4V4/7bb4nzNPguRtOzeM=
9,-34,QUgWZha96QJLxjkT1ULSndTo31k=,MIl/ZUp4V4/7bb4nzNPguRtOzeM=
5,-34,QUgWZha96QJLxjkT1ULSndTo31k=,MIl/ZUp4V4/7bb4nzNPguRtOzeM=
0,-34,QUgWZha96QJLxjkT1ULSndTo31k=,MIl/ZUp4V4/7bb4nzNPguRtOzeM=
4,-34,QUgWZha96QJLxjkT1ULSndTo31k=,MIl/ZUp4V4/7bb4nzNPguRtOzeM=
2,-34,QUgWZha96QJLxjkT1ULSndTo31k=,MIl/ZUp4V4/7bb4nzNPguRtOzeM=
3,-34,QUgWZha96QJLxjkT1ULSndTo31k=,MIl/ZUp4V4/7bb4nzNPguRtOzeM=
1,-34,QUgWZha96QJLxjkT1ULSndTo31k=,MIl/ZUp4V4/7bb4nzNPguRtOzeM=
13,-48,QUgWZha96QJLxjkT1ULSndTo31k=,MIl/ZUp4V4/7bb4nzNPguRtOzeM=
15,-35,QUgWZha96QJLxjkT1ULSndTo31k=,MIl/ZUp4V4/7bb4nzNPguRtOzeM=
14,-35,QUgWZha96QJLxjkT1ULSndTo31k=,MIl/ZUp4V4/7bb4nzNPguRtOzeM=
13,-35,QUgWZha96QJLxjkT1ULSndTo31k=,MIl/ZUp4V4/7bb4nzNPguRtOzeM=
10,-35,QUgWZha96QJLxjkT1ULSndTo31k=,MIl/ZUp4V4/7bb4nzNPguRtOzeM=
12,-35,QUgWZha96QJLxjkT1ULSndTo31k=,MIl/ZUp4V4/7bb4nzNPguRtOzeM=
11,-35,QUgWZha96QJLxjkT1ULSndTo31k=,MIl/ZUp4V4/7bb4nzNPguRtOzeM=
9,-35,QUgWZha96QJLxjkT1ULSndTo31k=,MIl/ZUp4V4/7bb4nzNPguRtOzeM=
7,-35,QUgWZha96QJLxjkT1ULSndTo31k=,MIl/ZUp4V4/7bb4nzNPguRtOzeM=
8,-35,QUgWZha96QJLxjkT1ULSndTo31k=,MIl/ZUp4V4/7bb4nzNPguRtOzeM=
3,-35,QUgWZha96QJLxjkT1ULSndTo31k=,MIl/ZUp4V4/7bb4nzNPguRtOzeM=
4,-35,QUgWZha96QJLxjkT1ULSndTo31k=,MIl/ZUp4V4/7bb4nzNPguRtOzeM=
5,-35,QUgWZha96QJLxjkT1ULSndTo31k=,MIl/ZUp4V4/7bb4nzNPguRtOzeM=
6,-35,QUgWZha96QJLxjkT1ULSndTo31k=,MIl/ZUp4V4/7bb4nzNPguRtOzeM=
2,-35,QUgWZha96QJLxjkT1ULSndTo31k=,MIl/ZUp4V4/7bb4nzNPguRtOzeM=
1,-35,QUgWZha96QJLxjkT1ULSndTo31k=,MIl/ZUp4V4/7bb4nzNPguRtOzeM=
0,-35,QUgWZha96QJLxjkT1ULSndTo31k=,MIl/ZUp4V4/7bb4nzNPguRtOzeM=
13,-36,QUgWZha96QJLxjkT1ULSndTo31k=,MIl/ZUp4V4/7bb4nzNPguRtOzeM=
12,-48,QUgWZha96QJLxjkT1ULSndTo31k=,MIl/ZUp4V4/7bb4nzNPguRtOzeM=
14,-36,QUgWZha96QJLxjkT1ULSndTo31k=,MIl/ZUp4V4/7bb4nzNPguRtOzeM=
15,-36,QUgWZha96QJLxjkT1ULSndTo31k=,MIl/ZUp4V4/7bb4nzNPguRtOzeM=
11,-36,QUgWZha96QJLxjkT1ULSndTo31k=,MIl/ZUp4V4/7bb4nzNPguRtOzeM=
12,-36,QUgWZha96QJLxjkT1ULSndTo31k=,MIl/ZUp4V4/7bb4nzNPguRtOzeM=
6,-36,QUgWZha96QJLxjkT1ULSndTo31k=,MIl/ZUp4V4/7bb4nzNPguRtOzeM=
10,-36,QUgWZha96QJLxjkT1ULSndTo31k=,MIl/ZUp4V4/7bb4nzNPguRtOzeM=
8,-36,QUgWZha96QJLxjkT1ULSndTo31k=,MIl/ZUp4V4/7bb4nzNPguRtOzeM=
9,-36,QUgWZha96QJLxjkT1ULSndTo31k=,MIl/ZUp4V4/7bb4nzNPguRtOzeM=
7,-36,QUgWZha96QJLxjkT1ULSndTo31k=,MIl/ZUp4V4/7bb4nzNPguRtOzeM=
4,-36,QUgWZha96QJLxjkT1ULSndTo31k=,MIl/ZUp4V4/7bb4nzNPguRtOzeM=
5,-36,QUgWZha96QJLxjkT1ULSndTo31k=,MIl/ZUp4V4/7bb4nzNPguRtOzeM=
3,-36,QUgWZha96QJLxjkT1ULSndTo31k=,MIl/ZUp4V4/7bb4nzNPguRtOzeM=
1,-36,QUgWZha96QJLxjkT1ULSndTo31k=,MIl/ZUp4V4/7bb4nzNPguRtOzeM=
2,-36,QUgWZha96QJLxjkT1ULSndTo31k=,MIl/ZUp4V4/7bb4nzNPguRtOzeM=
0,-36,QUgWZha96QJLxjkT1ULSndTo31k=,MIl/ZUp4V4/7bb4nzNPguRtOzeM=
11,-48,QUgWZha96QJLxjkT1ULSndTo31k=,MIl/ZUp4V4/7bb4nzNPguRtOzeM=
15,-37,QUgWZha96QJLxjkT1ULSndTo31k=,MIl/ZUp4V4/7bb4nzNPguRtOzeM=
14,-37,QUgWZha96QJLxjkT1ULSndTo31k=,MIl/ZUp4V4/7bb4nzNPguRtOzeM=
13,-37,QUgWZha96QJLxjkT1ULSndTo31k=,MIl/ZUp4V4/7bb4nzNPguRtOzeM=
11,-37,QUgWZha96QJLxjkT1ULSndTo31k=,MIl/ZUp4V4/7bb4nzNPguRtOzeM=
10,-37,QUgWZha96QJLxjkT1ULSndTo31k=,MIl/ZUp4V4/7bb4nzNPguRtOzeM=
12,-37,QUgWZha96QJLxjkT1ULSndTo31k=,MIl/ZUp4V4/7bb4nzNPguRtOzeM=
9,-37,QUgWZha96QJLxjkT1ULSndTo31k=,MIl/ZUp4V4/7bb4nzNPguRtOzeM=
8,-37,QUgWZha96QJLxjkT1ULSndTo31k=,MIl/ZUp4V4/7bb4nzNPguRtOzeM=
7,-37,QUgWZha96QJLxjkT1ULSndTo31k=,MIl/ZUp4V4/7bb4nzNPguRtOzeM=
5,-37,QUgWZha96QJLxjkT1ULSndTo31k=,MIl/ZUp4V4/7bb4nzNPguRtOzeM=
6,-37,QUgWZha96QJLxjkT1ULSndTo31k=,MIl/ZUp4V4/7bb4nzNPguRtOzeM=
4,-37,QUgWZha96QJLxjkT1ULSndTo31k=,MIl/ZUp4V4/7bb4nzNPguRtOzeM=
3,-37,QUgWZha96QJLxjkT1ULSndTo31k=,MIl/ZUp4V4/7bb4nzNPguRtOzeM=
1,-37,QUgWZha96QJLxjkT1ULSndTo31k=,MIl/ZUp4V4/7bb4nzNPguRtOzeM=
2,-37,QUgWZha96QJLxjkT1ULSndTo31k=,MIl/ZUp4V4/7bb4nzNPguRtOzeM=
0,-37,QUgWZha96QJLxjkT1ULSndTo31k=,MIl/ZUp4V4/7bb4nzNPguRtOzeM=
10,-48,QUgWZha96QJLxjkT1ULSndTo31k=,MIl/ZUp4V4/7bb4nzNPguRtOzeM=
15,-38,QUgWZha96QJLxjkT1ULSndTo31k=,MIl/ZUp4V4/7bb4nzNPguRtOzeM=
14,-38,QUgWZha96QJLxjkT1ULSndTo31k=,MIl/ZUp4V4/7bb4nzNPguRtOzeM=
13,-38,QUgWZha96QJLxjkT1ULSndTo31k=,MIl/ZUp4V4/7bb4nzNPguRtOzeM=
12,-38,QUgWZha96QJLxjkT1ULSndTo31k=,MIl/ZUp4V4/7bb4nzNPguRtOzeM=
11,-38,QUgWZha96QJLxjkT1ULSndTo31k=,MIl/ZUp4V4/7bb4nzNPguRtOzeM=
10,-38,QUgWZha96QJLxjkT1ULSndTo31k=,MIl/ZUp4V4/7bb4nzNPguRtOzeM=
3,-38,QUgWZha96QJLxjkT1ULSndTo31k=,MIl/ZUp4V4/7bb4nzNPguRtOzeM=
9,-38,QUgWZha96QJLxjkT1ULSndTo31k=,MIl/ZUp4V4/7bb4nzNPguRtOzeM=
7,-38,QUgWZha96QJLxjkT1ULSndTo31k=,MIl/ZUp4V4/7bb4nzNPguRtOzeM=
8,-38,QUgWZha96QJLxjkT1ULSndTo31k=,MIl/ZUp4V4/7bb4nzNPguRtOzeM=
6,-38,QUgWZha96QJLxjkT1ULSndTo31k=,MIl/ZUp4V4/7bb4nzNPguRtOzeM=
4,-38,QUgWZha96QJLxjkT1ULSndTo31k=,MIl/ZUp4V4/7bb4nzNPguRtOzeM=
2,-38,QUgWZha96QJLxjkT1ULSndTo31k=,MIl/ZUp4V4/7bb4nzNPguRtOzeM=
5,-38,QUgWZha96QJLxjkT1ULSndTo31k=,MIl/ZUp4V4/7bb4nzNPguRtOzeM=
1,-38,QUgWZha96QJLxjkT1ULSndTo31k=,MIl/ZUp4V4/7bb4nzNPguRtOzeM=
0,-38,QUgWZha96QJLxjkT1ULSndTo31k=,MIl/ZUp4V4/7bb4nzNPguRtOzeM=
9,-48,QUgWZha96QJLxjkT1ULSndTo31k=,MIl/ZUp4V4/7bb4nzNPguRtOzeM=
15,-39,QUgWZha96QJLxjkT1ULSndTo31k=,MIl/ZUp4V4/7bb4nzNPguRtOzeM=
13,-39,QUgWZha96QJLxjkT1ULSndTo31k=,MIl/ZUp4V4/7bb4nzNPguRtOzeM=
14,-39,QUgWZha96QJLxjkT1ULSndTo31k=,MIl/ZUp4V4/7bb4nzNPguRtOzeM=
12,-39,QUgWZha96QJLxjkT1ULSndTo31k=,MIl/ZUp4V4/7bb4nzNPguRtOzeM=
11,-39,QUgWZha96QJLxjkT1ULSndTo31k=,MIl/ZUp4V4/7bb4nzNPguRtOzeM=
5,-39,QUgWZha96QJLxjkT1ULSndTo31k=,MIl/ZUp4V4/7bb4nzNPguRtOzeM=
10,-39,QUgWZha96QJLxjkT1ULSndTo31k=,MIl/ZUp4V4/7bb4nzNPguRtOzeM=
4,-39,QUgWZha96QJLxjkT1ULSndTo31k=,MIl/ZUp4V4/7bb4nzNPguRtOzeM=
6,-39,QUgWZha96QJLxjkT1ULSndTo31k=,MIl/ZUp4V4/7bb4nzNPguRtOzeM=
7,-39,QUgWZha96QJLxjkT1ULSndTo31k=,MIl/ZUp4V4/7bb4nzNPguRtOzeM=
9,-39,QUgWZha96QJLxjkT1ULSndTo31k=,MIl/ZUp4V4/7bb4nzNPguRtOzeM=
8,-39,QUgWZha96QJLxjkT1ULSndTo31k=,MIl/ZUp4V4/7bb4nzNPguRtOzeM=
3,-39,QUgWZha96QJLxjkT1ULSndTo31k=,MIl/ZUp4V4/7bb4nzNPguRtOzeM=
1,-39,QUgWZha96QJLxjkT1ULSndTo31k=,MIl/ZUp4V4/7bb4nzNPguRtOzeM=
2,-39,QUgWZha96QJLxjkT1ULSndTo31k=,MIl/ZUp4V4/7bb4nzNPguRtOzeM=
8,-48,QUgWZha96QJLxjkT1ULSndTo31k=,MIl/ZUp4V4/7bb4nzNPguRtOzeM=
0,-39,QUgWZha96QJLxjkT1ULSndTo31k=,MIl/ZUp4V4/7bb4nzNPguRtOzeM=
14,-40,QUgWZha96QJLxjkT1ULSndTo31k=,MIl/ZUp4V4/7bb4nzNPguRtOzeM=
15,-40,QUgWZha96QJLxjkT1ULSndTo31k=,MIl/ZUp4V4/7bb4nzNPguRtOzeM=
13,-40,QUgWZha96QJLxjkT1ULSndTo31k=,MIl/ZUp4V4/7bb4nzNPguRtOzeM=
12,-40,QUgWZha96QJLxjkT1ULSndTo31k=,MIl/ZUp4V4/7bb4nzNPguRtOzeM=
11,-40,QUgWZha96QJLxjkT1ULSndTo31k=,MIl/ZUp4V4/7bb4nzNPguRtOzeM=
10,-40,QUgWZha96QJLxjkT1ULSndTo31k=,MIl/ZUp4V4/7bb4nzNPguRtOzeM=
9,-40,QUgWZha96QJLxjkT1ULSndTo31k=,MIl/ZUp4V4/7bb4nzNPguRtOzeM=
8,-40,QUgWZha96QJLxjkT1ULSndTo31k=,MIl/ZUp4V4/7bb4nzNPguRtOzeM=
7,-40,QUgWZha96QJLxjkT1ULSndTo31k=,MIl/ZUp4V4/7bb4nzNPguRtOzeM=
6,-40,QUgWZha96QJLxjkT1ULSndTo31k=,MIl/ZUp4V4/7bb4nzNPguRtOzeM=
5,-40,QUgWZha96QJLxjkT1ULSndTo31k=,MIl/ZUp4V4/7bb4nzNPguRtOzeM=
3,-40,QUgWZha96QJLxjkT1ULSndTo31k=,MIl/ZUp4V4/7bb4nzNPguRtOzeM=
4,-40,QUgWZha96QJLxjkT1ULSndTo31k=,MIl/ZUp4V4/7bb4nzNPguRtOzeM=
1,-40,QUgWZha96QJLxjkT1ULSndTo31k=,MIl/ZUp4V4/7bb4nzNPguRtOzeM=
2,-40,QUgWZha96QJLxjkT1ULSndTo31k=,MIl/ZUp4V4/7bb4nzNPguRtOzeM=
0,-40,QUgWZha96QJLxjkT1ULSndTo31k=,MIl/ZUp4V4/7bb4nzNPguRtOzeM=
7,-48,QUgWZha96QJLxjkT1ULSndTo31k=,MIl/ZUp4V4/7bb4nzNPguRtOzeM=
15,-41,QUgWZha96QJLxjkT1ULSndTo31k=,MIl/ZUp4V4/7bb4nzNPguRtOzeM=
13,-41,QUgWZha96QJLxjkT1ULSndTo31k=,MIl/ZUp4V4/7bb4nzNPguRtOzeM=
14,-41,QUgWZha96QJLxjkT1ULSndTo31k=,MIl/ZUp4V4/7bb4nzNPguRtOzeM=
12,-41,QUgWZha96QJLxjkT1ULSndTo31k=,MIl/ZUp4V4/7bb4nzNPguRtOzeM=
11,-41,QUgWZha96QJLxjkT1ULSndTo31k=,MIl/ZUp4V4/7bb4nzNPguRtOzeM=
10,-41,QUgWZha96QJLxjkT1ULSndTo31k=,MIl/ZUp4V4/7bb4nzNPguRtOzeM=
9,-41,QUgWZha96QJLxjkT1ULSndTo31k=,MIl/ZUp4V4/7bb4nzNPguRtOzeM=
8,-41,QUgWZha96QJLxjkT1ULSndTo31k=,MIl/ZUp4V4/7bb4nzNPguRtOzeM=
3,-41,QUgWZha96QJLxjkT1ULSndTo31k=,MIl/ZUp4V4/7bb4nzNPguRtOzeM=
6,-41,QUgWZha96QJLxjkT1ULSndTo31k=,MIl/ZUp4V4/7bb4nzNPguRtOzeM=
7,-41,QUgWZha96QJLxjkT1ULSndTo31k=,MIl/ZUp4V4/7bb4nzNPguRtOzeM=
5,-41,QUgWZha96QJLxjkT1ULSndTo31k=,MIl/ZUp4V4/7bb4nzNPguRtOzeM=
1,-41,QUgWZha96QJLxjkT1ULSndTo31k=,MIl/ZUp4V4/7bb4nzNPguRtOzeM=
2,-41,QUgWZha96QJLxjkT1ULSndTo31k=,MIl/ZUp4V4/7bb4nzNPguRtOzeM=
0,-41,QUgWZha96QJLxjkT1ULSndTo31k=,MIl/ZUp4V4/7bb4nzNPguRtOzeM=
6,-48,QUgWZha96QJLxjkT1ULSndTo31k=,MIl/ZUp4V4/7bb4nzNPguRtOzeM=
15,-42,QUgWZha96QJLxjkT1ULSndTo31k=,MIl/ZUp4V4/7bb4nzNPguRtOzeM=
14,-42,QUgWZha96QJLxjkT1ULSndTo31k=,MIl/ZUp4V4/7bb4nzNPguRtOzeM=
13,-42,QUgWZha96QJLxjkT1ULSndTo31k=,MIl/ZUp4V4/7bb4nzNPguRtOzeM=
12,-42,QUgWZha96QJLxjkT1ULSndTo31k=,MIl/ZUp4V4/7bb4nzNPguRtOzeM=
11,-42,QUgWZha96QJLxjkT1ULSndTo31k=,MIl/ZUp4V4/7bb4nzNPguRtOzeM=
4,-42,QUgWZha96QJLxjkT1ULSndTo31k=,MIl/ZUp4V4/7bb4nzNPguRtOzeM=
9,-42,QUgWZha96QJLxjkT1ULSndTo31k=,MIl/ZUp4V4/7bb4nzNPguRtOzeM=
3,-42,QUgWZha96QJLxjkT1ULSndTo31k=,MIl/ZUp4V4/7bb4nzNPguRtOzeM=
10,-42,QUgWZha96QJLxjkT1ULSndTo31k=,MIl/ZUp4V4/7bb4nzNPguRtOzeM=
5,-42,QUgWZha96QJLxjkT1ULSndTo31k=,MIl/ZUp4V4/7bb4nzNPguRtOzeM=
2,-42,QUgWZha96QJLxjkT1ULSndTo31k=,MIl/ZUp4V4/7bb4nzNPguRtOzeM=
8,-42,QUgWZha96QJLxjkT1ULSndTo31k=,MIl/ZUp4V4/7bb4nzNPguRtOzeM=
7,-42,QUgWZha96QJLxjkT1ULSndTo31k=,MIl/ZUp4V4/7bb4nzNPguRtOzeM=
1,-42,QUgWZha96QJLxjkT1ULSndTo31k=,MIl/ZUp4V4/7bb4nzNPguRtOzeM=
6,-42,QUgWZha96QJLxjkT1ULSndTo31k=,MIl/ZUp4V4/7bb4nzNPguRtOzeM=
5,-48,QUgWZha96QJLxjkT1ULSndTo31k=,MIl/ZUp4V4/7bb4nzNPguRtOzeM=
0,-42,QUgWZha96QJLxjkT1ULSndTo31k=,MIl/ZUp4V4/7bb4nzNPguRtOzeM=
15,-43,QUgWZha96QJLxjkT1ULSndTo31k=,MIl/ZUp4V4/7bb4nzNPguRtOzeM=
11,-43,QUgWZha96QJLxjkT1ULSndTo31k=,MIl/ZUp4V4/7bb4nzNPguRtOzeM=
14,-43,QUgWZha96QJLxjkT1ULSndTo31k=,MIl/ZUp4V4/7bb4nzNPguRtOzeM=
12,-43,QUgWZha96QJLxjkT1ULSndTo31k=,MIl/ZUp4V4/7bb4nzNPguRtOzeM=
13,-43,QUgWZha96QJLxjkT1ULSndTo31k=,MIl/ZUp4V4/7bb4nzNPguRtOzeM=
5,-43,QUgWZha96QJLxjkT1ULSndTo31k=,MIl/ZUp4V4/7bb4nzNPguRtOzeM=
3,-43,QUgWZha96QJLxjkT1ULSndTo31k=,MIl/ZUp4V4/7bb4nzNPguRtOzeM=
4,-43,QUgWZha96QJLxjkT1ULSndTo31k=,MIl/ZUp4V4/7bb4nzNPguRtOzeM=
10,-43,QUgWZha96QJLxjkT1ULSndTo31k=,MIl/ZUp4V4/7bb4nzNPguRtOzeM=
2,-43,QUgWZha96QJLxjkT1ULSndTo31k=,MIl/ZUp4V4/7bb4nzNPguRtOzeM=
9,-43,QUgWZha96QJLxjkT1ULSndTo31k=,MIl/ZUp4V4/7bb4nzNPguRtOzeM=
7,-43,QUgWZha96QJLxjkT1ULSndTo31k=,MIl/ZUp4V4/7bb4nzNPguRtOzeM=
8,-43,QUgWZha96QJLxjkT1ULSndTo31k=,MIl/ZUp4V4/7bb4nzNPguRtOzeM=
6,-43,QUgWZha96QJLxjkT1ULSndTo31k=,MIl/ZUp4V4/7bb4nzNPguRtOzeM=
1,-43,QUgWZha96QJLxjkT1ULSndTo31k=,MIl/ZUp4V4/7bb4nzNPguRtOzeM=
4,-48,QUgWZha96QJLxjkT1ULSndTo31k=,MIl/ZUp4V4/7bb4nzNPguRtOzeM=
0,-43,QUgWZha96QJLxjkT1ULSndTo31k=,MIl/ZUp4V4/7bb4nzNPguRtOzeM=
15,-44,QUgWZha96QJLxjkT1ULSndTo31k=,MIl/ZUp4V4/7bb4nzNPguRtOzeM=
14,-44,QUgWZha96QJLxjkT1ULSndTo31k=,MIl/ZUp4V4/7bb4nzNPguRtOzeM=
13,-44,QUgWZha96QJLxjkT1ULSndTo31k=,MIl/ZUp4V4/7bb4nzNPguRtOzeM=
12,-44,QUgWZha96QJLxjkT1ULSndTo31k=,MIl/ZUp4V4/7bb4nzNPguRtOzeM=
11,-44,QUgWZha96QJLxjkT1ULSndTo31k=,MIl/ZUp4V4/7bb4nzNPguRtOzeM=
5,-44,QUgWZha96QJLxjkT1ULSndTo31k=,MIl/ZUp4V4/7bb4nzNPguRtOzeM=
10,-44,QUgWZha96QJLxjkT1ULSndTo31k=,MIl/ZUp4V4/7bb4nzNPguRtOzeM=
4,-44,QUgWZha96QJLxjkT1ULSndTo31k=,MIl/ZUp4V4/7bb4nzNPguRtOzeM=
3,-44,QUgWZha96QJLxjkT1ULSndTo31k=,MIl/ZUp4V4/7bb4nzNPguRtOzeM=
9,-44,QUgWZha96QJLxjkT1ULSndTo31k=,MIl/ZUp4V4/7bb4nzNPguRtOzeM=
7,-44,QUgWZha96QJLxjkT1ULSndTo31k=,MIl/ZUp4V4/7bb4nzNPguRtOzeM=
8,-44,QUgWZha96QJLxjkT1ULSndTo31k=,MIl/ZUp4V4/7bb4nzNPguRtOzeM=
6,-44,QUgWZha96QJLxjkT1ULSndTo31k=,MIl/ZUp4V4/7bb4nzNPguRtOzeM=
3,-48,QUgWZha96QJLxjkT1ULSndTo31k=,MIl/ZUp4V4/7bb4nzNPguRtOzeM=
0,-44,QUgWZha96QJLxjkT1ULSndTo31k=,MIl/ZUp4V4/7bb4nzNPguRtOzeM=
1,-44,QUgWZha96QJLxjkT1ULSndTo31k=,MIl/ZUp4V4/7bb4nzNPguRtOzeM=
2,-44,QUgWZha96QJLxjkT1ULSndTo31k=,MIl/ZUp4V4/7bb4nzNPguRtOzeM=
15,-45,QUgWZha96QJLxjkT1ULSndTo31k=,MIl/ZUp4V4/7bb4nzNPguRtOzeM=
14,-45,QUgWZha96QJLxjkT1ULSndTo31k=,MIl/ZUp4V4/7bb4nzNPguRtOzeM=
12,-45,QUgWZha96QJLxjkT1ULSndTo31k=,MIl/ZUp4V4/7bb4nzNPguRtOzeM=
11,-45,QUgWZha96QJLxjkT1ULSndTo31k=,MIl/ZUp4V4/7bb4nzNPguRtOzeM=
10,-45,QUgWZha96QJLxjkT1ULSndTo31k=,MIl/ZUp4V4/7bb4nzNPguRtOzeM=
9,-45,QUgWZha96QJLxjkT1ULSndTo31k=,MIl/ZUp4V4/7bb4nzNPguRtOzeM=
13,-45,QUgWZha96QJLxjkT1ULSndTo31k=,MIl/ZUp4V4/7bb4nzNPguRtOzeM=
8,-45,QUgWZha96QJLxjkT1ULSndTo31k=,MIl/ZUp4V4/7bb4nzNPguRtOzeM=
7,-45,QUgWZha96QJLxjkT1ULSndTo31k=,MIl/ZUp4V4/7bb4nzNPguRtOzeM=
6,-45,QUgWZha96QJLxjkT1ULSndTo31k=,MIl/ZUp4V4/7bb4nzNPguRtOzeM=
5,-45,QUgWZha96QJLxjkT1ULSndTo31k=,MIl/ZUp4V4/7bb4nzNPguRtOzeM=
4,-45,QUgWZha96QJLxjkT1ULSndTo31k=,MIl/ZUp4V4/7bb4nzNPguRtOzeM=
2,-45,QUgWZha96QJLxjkT1ULSndTo31k=,MIl/ZUp4V4/7bb4nzNPguRtOzeM=
2,-48,QUgWZha96QJLxjkT1ULSndTo31k=,MIl/ZUp4V4/7bb4nzNPguRtOzeM=
0,-45,QUgWZha96QJLxjkT1ULSndTo31k=,MIl/ZUp4V4/7bb4nzNPguRtOzeM=
1,-45,QUgWZha96QJLxjkT1ULSndTo31k=,MIl/ZUp4V4/7bb4nzNPguRtOzeM=
15,-46,QUgWZha96QJLxjkT1ULSndTo31k=,MIl/ZUp4V4/7bb4nzNPguRtOzeM=
14,-46,QUgWZha96QJLxjkT1ULSndTo31k=,MIl/ZUp4V4/7bb4nzNPguRtOzeM=
3,-45,QUgWZha96QJLxjkT1ULSndTo31k=,MIl/ZUp4V4/7bb4nzNPguRtOzeM=
13,-46,QUgWZha96QJLxjkT1ULSndTo31k=,MIl/ZUp4V4/7bb4nzNPguRtOzeM=
11,-46,QUgWZha96QJLxjkT1ULSndTo31k=,MIl/ZUp4V4/7bb4nzNPguRtOzeM=
12,-46,QUgWZha96QJLxjkT1ULSndTo31k=,MIl/ZUp4V4/7bb4nzNPguRtOzeM=
9,-46,QUgWZha96QJLxjkT1ULSndTo31k=,MIl/ZUp4V4/7bb4nzNPguRtOzeM=
10,-46,QUgWZha96QJLxjkT1ULSndTo31k=,MIl/ZUp4V4/7bb4nzNPguRtOzeM=
8,-46,QUgWZha96QJLxjkT1ULSndTo31k=,MIl/ZUp4V4/7bb4nzNPguRtOzeM=
4,-46,QUgWZha96QJLxjkT1ULSndTo31k=,MIl/ZUp4V4/7bb4nzNPguRtOzeM=
6,-46,QUgWZha96QJLxjkT1ULSndTo31k=,MIl/ZUp4V4/7bb4nzNPguRtOzeM=
5,-46,QUgWZha96QJLxjkT1ULSndTo31k=,MIl/ZUp4V4/7bb4nzNPguRtOzeM=
7,-46,QUgWZha96QJLxjkT1ULSndTo31k=,MIl/ZUp4V4/7bb4nzNPguRtOzeM=
3,-46,QUgWZha96QJLxjkT1ULSndTo31k=,MIl/ZUp4V4/7bb4nzNPguRtOzeM=
2,-46,QUgWZha96QJLxjkT1ULSndTo31k=,MIl/ZUp4V4/7bb4nzNPguRtOzeM=
1,-46,QUgWZha96QJLxjkT1ULSndTo31k=,MIl/ZUp4V4/7bb4nzNPguRtOzeM=
1,-48,QUgWZha96QJLxjkT1ULSndTo31k=,MIl/ZUp4V4/7bb4nzNPguRtOzeM=
0,-46,QUgWZha96QJLxjkT1ULSndTo31k=,MIl/ZUp4V4/7bb4nzNPguRtOzeM=
13,-47,QUgWZha96QJLxjkT1ULSndTo31k=,MIl/ZUp4V4/7bb4nzNPguRtOzeM=
15,-47,QUgWZha96QJLxjkT1ULSndTo31k=,MIl/ZUp4V4/7bb4nzNPguRtOzeM=
14,-47,QUgWZha96QJLxjkT1ULSndTo31k=,MIl/ZUp4V4/7bb4nzNPguRtOzeM=
12,-47,QUgWZha96QJLxjkT1ULSndTo31k=,MIl/ZUp4V4/7bb4nzNPguRtOzeM=
11,-47,QUgWZha96QJLxjkT1ULSndTo31k=,MIl/ZUp4V4/7bb4nzNPguRtOzeM=
10,-47,QUgWZha96QJLxjkT1ULSndTo31k=,MIl/ZUp4V4/7bb4nzNPguRtOzeM=
9,-47,QUgWZha96QJLxjkT1ULSndTo31k=,MIl/ZUp4V4/7bb4nzNPguRtOzeM=
5,-47,QUgWZha96QJLxjkT1ULSndTo31k=,MIl/ZUp4V4/7bb4nzNPguRtOzeM=
8,-47,QUgWZha96QJLxjkT1ULSndTo31k=,MIl/ZUp4V4/7bb4nzNPguRtOzeM=
4,-47,QUgWZha96QJLxjkT1ULSndTo31k=,MIl/ZUp4V4/7bb4nzNPguRtOzeM=
7,-47,QUgWZha96QJLxjkT1ULSndTo31k=,MIl/ZUp4V4/7bb4nzNPguRtOzeM=
6,-47,QUgWZha96QJLxjkT1ULSndTo31k=,MIl/ZUp4V4/7bb4nzNPguRtOzeM=
3,-47,QUgWZha96QJLxjkT1ULSndTo31k=,MIl/ZUp4V4/7bb4nzNPguRtOzeM=
4,-41,QUgWZha96QJLxjkT1ULSndTo31k=,MIl/ZUp4V4/7bb4nzNPguRtOzeM=
1,-47,QUgWZha96QJLxjkT1ULSndTo31k=,MIl/ZUp4V4/7bb4nzNPguRtOzeM=
2,-47,QUgWZha96QJLxjkT1ULSndTo31k=,MIl/ZUp4V4/7bb4nzNPguRtOzeM=
31,-33,QUgWZha96QJLxjkT1ULSndTo31k=,MIl/ZUp4V4/7bb4nzNPguRtOzeM=
30,-33,QUgWZha96QJLxjkT1ULSndTo31k=,MIl/ZUp4V4/7bb4nzNPguRtOzeM=
31,-48,QUgWZha96QJLxjkT1ULSndTo31k=,MIl/ZUp4V4/7bb4nzNPguRtOzeM=
30,-48,QUgWZha96QJLxjkT1ULSndTo31k=,MIl/ZUp4V4/7bb4nzNPguRtOzeM=
28,-48,QUgWZha96QJLxjkT1ULSndTo31k=,MIl/ZUp4V4/7bb4nzNPguRtOzeM=
29,-48,QUgWZha96QJLxjkT1ULSndTo31k=,MIl/ZUp4V4/7bb4nzNPguRtOzeM=
27,-48,QUgWZha96QJLxjkT1ULSndTo31k=,MIl/ZUp4V4/7bb4nzNPguRtOzeM=
26,-48,QUgWZha96QJLxjkT1ULSndTo31k=,MIl/ZUp4V4/7bb4nzNPguRtOzeM=
25,-48,QUgWZha96QJLxjkT1ULSndTo31k=,MIl/ZUp4V4/7bb4nzNPguRtOzeM=
24,-48,QUgWZha96QJLxjkT1ULSndTo31k=,MIl/ZUp4V4/7bb4nzNPguRtOzeM=
22,-48,QUgWZha96QJLxjkT1ULSndTo31k=,MIl/ZUp4V4/7bb4nzNPguRtOzeM=
23,-48,QUgWZha96QJLxjkT1ULSndTo31k=,MIl/ZUp4V4/7bb4nzNPguRtOzeM=
28,-33,QUgWZha96QJLxjkT1ULSndTo31k=,MIl/ZUp4V4/7bb4nzNPguRtOzeM=
26,-33,QUgWZha96QJLxjkT1ULSndTo31k=,MIl/ZUp4V4/7bb4nzNPguRtOzeM=
25,-33,QUgWZha96QJLxjkT1ULSndTo31k=,MIl/ZUp4V4/7bb4nzNPguRtOzeM=
27,-33,QUgWZha96QJLxjkT1ULSndTo31k=,MIl/ZUp4V4/7bb4nzNPguRtOzeM=
21,-48,QUgWZha96QJLxjkT1ULSndTo31k=,MIl/ZUp4V4/7bb4nzNPguRtOzeM=
18,-48,QUgWZha96QJLxjkT1ULSndTo31k=,MIl/ZUp4V4/7bb4nzNPguRtOzeM=
16,-47,QUgWZha96QJLxjkT1ULSndTo31k=,MIl/ZUp4V4/7bb4nzNPguRtOzeM=
20,-48,QUgWZha96QJLxjkT1ULSndTo31k=,MIl/ZUp4V4/7bb4nzNPguRtOzeM=
19,-48,QUgWZha96QJLxjkT1ULSndTo31k=,MIl/ZUp4V4/7bb4nzNPguRtOzeM=
16,-48,QUgWZha96QJLxjkT1ULSndTo31k=,MIl/ZUp4V4/7bb4nzNPguRtOzeM=
23,-33,QUgWZha96QJLxjkT1ULSndTo31k=,MIl/ZUp4V4/7bb4nzNPguRtOzeM=
24,-33,QUgWZha96QJLxjkT1ULSndTo31k=,MIl/ZUp4V4/7bb4nzNPguRtOzeM=
22,-33,QUgWZha96QJLxjkT1ULSndTo31k=,MIl/ZUp4V4/7bb4nzNPguRtOzeM=
20,-33,QUgWZha96QJLxjkT1ULSndTo31k=,MIl/ZUp4V4/7bb4nzNPguRtOzeM=
31,-34,QUgWZha96QJLxjkT1ULSndTo31k=,MIl/ZUp4V4/7bb4nzNPguRtOzeM=
30,-34,QUgWZha96QJLxjkT1ULSndTo31k=,MIl/ZUp4V4/7bb4nzNPguRtOzeM=
29,-34,QUgWZha96QJLxjkT1ULSndTo31k=,MIl/ZUp4V4/7bb4nzNPguRtOzeM=
28,-34,QUgWZha96QJLxjkT1ULSndTo31k=,MIl/ZUp4V4/7bb4nzNPguRtOzeM=
27,-34,QUgWZha96QJLxjkT1ULSndTo31k=,MIl/ZUp4V4/7bb4nzNPguRtOzeM=
26,-34,QUgWZha96QJLxjkT1ULSndTo31k=,MIl/ZUp4V4/7bb4nzNPguRtOzeM=
25,-34,QUgWZha96QJLxjkT1ULSndTo31k=,MIl/ZUp4V4/7bb4nzNPguRtOzeM=
23,-34,QUgWZha96QJLxjkT1ULSndTo31k=,MIl/ZUp4V4/7bb4nzNPguRtOzeM=
24,-34,QUgWZha96QJLxjkT1ULSndTo31k=,MIl/ZUp4V4/7bb4nzNPguRtOzeM=
21,-33,QUgWZha96QJLxjkT1ULSndTo31k=,MIl/ZUp4V4/7bb4nzNPguRtOzeM=
18,-33,QUgWZha96QJLxjkT1ULSndTo31k=,MIl/ZUp4V4/7bb4nzNPguRtOzeM=
17,-47,QUgWZha96QJLxjkT1ULSndTo31k=,MIl/ZUp4V4/7bb4nzNPguRtOzeM=
17,-33,QUgWZha96QJLxjkT1ULSndTo31k=,MIl/ZUp4V4/7bb4nzNPguRtOzeM=
19,-33,QUgWZha96QJLxjkT1ULSndTo31k=,MIl/ZUp4V4/7bb4nzNPguRtOzeM=
22,-34,QUgWZha96QJLxjkT1ULSndTo31k=,MIl/ZUp4V4/7bb4nzNPguRtOzeM=
16,-33,QUgWZha96QJLxjkT1ULSndTo31k=,MIl/ZUp4V4/7bb4nzNPguRtOzeM=
18,-47,QUgWZha96QJLxjkT1ULSndTo31k=,MIl/ZUp4V4/7bb4nzNPguRtOzeM=
21,-34,QUgWZha96QJLxjkT1ULSndTo31k=,MIl/ZUp4V4/7bb4nzNPguRtOzeM=
31,-35,QUgWZha96QJLxjkT1ULSndTo31k=,MIl/ZUp4V4/7bb4nzNPguRtOzeM=
30,-35,QUgWZha96QJLxjkT1ULSndTo31k=,MIl/ZUp4V4/7bb4nzNPguRtOzeM=
29,-35,QUgWZha96QJLxjkT1ULSndTo31k=,MIl/ZUp4V4/7bb4nzNPguRtOzeM=
28,-35,QUgWZha96QJLxjkT1ULSndTo31k=,MIl/ZUp4V4/7bb4nzNPguRtOzeM=
27,-35,QUgWZha96QJLxjkT1ULSndTo31k=,MIl/ZUp4V4/7bb4nzNPguRtOzeM=
25,-35,QUgWZha96QJLxjkT1ULSndTo31k=,MIl/ZUp4V4/7bb4nzNPguRtOzeM=
26,-35,QUgWZha96QJLxjkT1ULSndTo31k=,MIl/ZUp4V4/7bb4nzNPguRtOzeM=
24,-35,QUgWZha96QJLxjkT1ULSndTo31k=,MIl/ZUp4V4/7bb4nzNPguRtOzeM=
23,-35,QUgWZha96QJLxjkT1ULSndTo31k=,MIl/ZUp4V4/7bb4nzNPguRtOzeM=
20,-34,QUgWZha96QJLxjkT1ULSndTo31k=,MIl/ZUp4V4/7bb4nzNPguRtOzeM=
19,-34,QUgWZha96QJLxjkT1ULSndTo31k=,MIl/ZUp4V4/7bb4nzNPguRtOzeM=
18,-34,QUgWZha96QJLxjkT1ULSndTo31k=,MIl/ZUp4V4/7bb4nzNPguRtOzeM=
17,-34,QUgWZha96QJLxjkT1ULSndTo31k=,MIl/ZUp4V4/7bb4nzNPguRtOzeM=
22,-35,QUgWZha96QJLxjkT1ULSndTo31k=,MIl/ZUp4V4/7bb4nzNPguRtOzeM=
16,-34,QUgWZha96QJLxjkT1ULSndTo31k=,MIl/ZUp4V4/7bb4nzNPguRtOzeM=
19,-47,QUgWZha96QJLxjkT1ULSndTo31k=,MIl/ZUp4V4/7bb4nzNPguRtOzeM=
20,-35,QUgWZha96QJLxjkT1ULSndTo31k=,MIl/ZUp4V4/7bb4nzNPguRtOzeM=
31,-36,QUgWZha96QJLxjkT1ULSndTo31k=,MIl/ZUp4V4/7bb4nzNPguRtOzeM=
30,-36,QUgWZha96QJLxjkT1ULSndTo31k=,MIl/ZUp4V4/7bb4nzNPguRtOzeM=
29,-36,QUgWZha96QJLxjkT1ULSndTo31k=,MIl/ZUp4V4/7bb4nzNPguRtOzeM=
27,-36,QUgWZha96QJLxjkT1ULSndTo31k=,MIl/ZUp4V4/7bb4nzNPguRtOzeM=
28,-36,QUgWZha96QJLxjkT1ULSndTo31k=,MIl/ZUp4V4/7bb4nzNPguRtOzeM=
26,-36,QUgWZha96QJLxjkT1ULSndTo31k=,MIl/ZUp4V4/7bb4nzNPguRtOzeM=
25,-36,QUgWZha96QJLxjkT1ULSndTo31k=,MIl/ZUp4V4/7bb4nzNPguRtOzeM=
24,-36,QUgWZha96QJLxjkT1ULSndTo31k=,MIl/ZUp4V4/7bb4nzNPguRtOzeM=
23,-36,QUgWZha96QJLxjkT1ULSndTo31k=,MIl/ZUp4V4/7bb4nzNPguRtOzeM=
21,-35,QUgWZha96QJLxjkT1ULSndTo31k=,MIl/ZUp4V4/7bb4nzNPguRtOzeM=
18,-35,QUgWZha96QJLxjkT1ULSndTo31k=,MIl/ZUp4V4/7bb4nzNPguRtOzeM=
19,-35,QUgWZha96QJLxjkT1ULSndTo31k=,MIl/ZUp4V4/7bb4nzNPguRtOzeM=
22,-36,QUgWZha96QJLxjkT1ULSndTo31k=,MIl/ZUp4V4/7bb4nzNPguRtOzeM=
17,-35,QUgWZha96QJLxjkT1ULSndTo31k=,MIl/ZUp4V4/7bb4nzNPguRtOzeM=
20,-47,QUgWZha96QJLxjkT1ULSndTo31k=,MIl/ZUp4V4/7bb4nzNPguRtOzeM=
16,-35,QUgWZha96QJLxjkT1ULSndTo31k=,MIl/ZUp4V4/7bb4nzNPguRtOzeM=
20,-36,QUgWZha96QJLxjkT1ULSndTo31k=,MIl/ZUp4V4/7bb4nzNPguRtOzeM=
31,-37,QUgWZha96QJLxjkT1ULSndTo31k=,MIl/ZUp4V4/7bb4nzNPguRtOzeM=
29,-37,QUgWZha96QJLxjkT1ULSndTo31k=,MIl/ZUp4V4/7bb4nzNPguRtOzeM=
28,-37,QUgWZha96QJLxjkT1ULSndTo31k=,MIl/ZUp4V4/7bb4nzNPguRtOzeM=
30,-37,QUgWZha96QJLxjkT1ULSndTo31k=,MIl/ZUp4V4/7bb4nzNPguRtOzeM=
27,-37,QUgWZha96QJLxjkT1ULSndTo31k=,MIl/ZUp4V4/7bb4nzNPguRtOzeM=
26,-37,QUgWZha96QJLxjkT1ULSndTo31k=,MIl/ZUp4V4/7bb4nzNPguRtOzeM=
25,-37,QUgWZha96QJLxjkT1ULSndTo31k=,MIl/ZUp4V4/7bb4nzNPguRtOzeM=
24,-37,QUgWZha96QJLxjkT1ULSndTo31k=,MIl/ZUp4V4/7bb4nzNPguRtOzeM=
23,-37,QUgWZha96QJLxjkT1ULSndTo31k=,MIl/ZUp4V4/7bb4nzNPguRtOzeM=
19,-36,QUgWZha96QJLxjkT1ULSndTo31k=,MIl/ZUp4V4/7bb4nzNPguRtOzeM=
21,-36,QUgWZha96QJLxjkT1ULSndTo31k=,MIl/ZUp4V4/7bb4nzNPguRtOzeM=
18,-36,QUgWZha96QJLxjkT1ULSndTo31k=,MIl/ZUp4V4/7bb4nzNPguRtOzeM=
22,-37,QUgWZha96QJLxjkT1ULSndTo31k=,MIl/ZUp4V4/7bb4nzNPguRtOzeM=
21,-47,QUgWZha96QJLxjkT1ULSndTo31k=,MIl/ZUp4V4/7bb4nzNPguRtOzeM=
17,-36,QUgWZha96QJLxjkT1ULSndTo31k=,MIl/ZUp4V4/7bb4nzNPguRtOzeM=
16,-36,QUgWZha96QJLxjkT1ULSndTo31k=,MIl/ZUp4V4/7bb4nzNPguRtOzeM=
20,-37,QUgWZha96QJLxjkT1ULSndTo31k=,MIl/ZUp4V4/7bb4nzNPguRtOzeM=
31,-38,QUgWZha96QJLxjkT1ULSndTo31k=,MIl/ZUp4V4/7bb4nzNPguRtOzeM=
30,-38,QUgWZha96QJLxjkT1ULSndTo31k=,MIl/ZUp4V4/7bb4nzNPguRtOzeM=
29,-38,QUgWZha96QJLxjkT1ULSndTo31k=,MIl/ZUp4V4/7bb4nzNPguRtOzeM=
28,-38,QUgWZha96QJLxjkT1ULSndTo31k=,MIl/ZUp4V4/7bb4nzNPguRtOzeM=
27,-38,QUgWZha96QJLxjkT1ULSndTo31k=,MIl/ZUp4V4/7bb4nzNPguRtOzeM=
26,-38,QUgWZha96QJLxjkT1ULSndTo31k=,MIl/ZUp4V4/7bb4nzNPguRtOzeM=
25,-38,QUgWZha96QJLxjkT1ULSndTo31k=,MIl/ZUp4V4/7bb4nzNPguRtOzeM=
24,-38,QUgWZha96QJLxjkT1ULSndTo31k=,MIl/ZUp4V4/7bb4nzNPguRtOzeM=
19,-37,QUgWZha96QJLxjkT1ULSndTo31k=,MIl/ZUp4V4/7bb4nzNPguRtOzeM=
23,-38,QUgWZha96QJLxjkT1ULSndTo31k=,MIl/ZUp4V4/7bb4nzNPguRtOzeM=
21,-37,QUgWZha96QJLxjkT1ULSndTo31k=,MIl/ZUp4V4/7bb4nzNPguRtOzeM=
17,-37,QUgWZha96QJLxjkT1ULSndTo31k=,MIl/ZUp4V4/7bb4nzNPguRtOzeM=
22,-47,QUgWZha96QJLxjkT1ULSndTo31k=,MIl/ZUp4V4/7bb4nzNPguRtOzeM=
23,-47,QUgWZha96QJLxjkT1ULSndTo31k=,MIl/ZUp4V4/7bb4nzNPguRtOzeM=
24,-47,QUgWZha96QJLxjkT1ULSndTo31k=,MIl/ZUp4V4/7bb4nzNPguRtOzeM=
22,-38,QUgWZha96QJLxjkT1ULSndTo31k=,MIl/ZUp4V4/7bb4nzNPguRtOzeM=
25,-47,QUgWZha96QJLxjkT1ULSndTo31k=,MIl/ZUp4V4/7bb4nzNPguRtOzeM=
26,-47,QUgWZha96QJLxjkT1ULSndTo31k=,MIl/ZUp4V4/7bb4nzNPguRtOzeM=
27,-47,QUgWZha96QJLxjkT1ULSndTo31k=,MIl/ZUp4V4/7bb4nzNPguRtOzeM=
28,-47,QUgWZha96QJLxjkT1ULSndTo31k=,MIl/ZUp4V4/7bb4nzNPguRtOzeM=
29,-47,QUgWZha96QJLxjkT1ULSndTo31k=,MIl/ZUp4V4/7bb4nzNPguRtOzeM=
30,-47,QUgWZha96QJLxjkT1ULSndTo31k=,MIl/ZUp4V4/7bb4nzNPguRtOzeM=
31,-47,QUgWZha96QJLxjkT1ULSndTo31k=,MIl/ZUp4V4/7bb4nzNPguRtOzeM=
16,-37,QUgWZha96QJLxjkT1ULSndTo31k=,MIl/ZUp4V4/7bb4nzNPguRtOzeM=
21,-38,QUgWZha96QJLxjkT1ULSndTo31k=,MIl/ZUp4V4/7bb4nzNPguRtOzeM=
30,-39,QUgWZha96QJLxjkT1ULSndTo31k=,MIl/ZUp4V4/7bb4nzNPguRtOzeM=
31,-39,QUgWZha96QJLxjkT1ULSndTo31k=,MIl/ZUp4V4/7bb4nzNPguRtOzeM=
29,-39,QUgWZha96QJLxjkT1ULSndTo31k=,MIl/ZUp4V4/7bb4nzNPguRtOzeM=
28,-39,QUgWZha96QJLxjkT1ULSndTo31k=,MIl/ZUp4V4/7bb4nzNPguRtOzeM=
27,-39,QUgWZha96QJLxjkT1ULSndTo31k=,MIl/ZUp4V4/7bb4nzNPguRtOzeM=
26,-39,QUgWZha96QJLxjkT1ULSndTo31k=,MIl/ZUp4V4/7bb4nzNPguRtOzeM=
25,-39,QUgWZha96QJLxjkT1ULSndTo31k=,MIl/ZUp4V4/7bb4nzNPguRtOzeM=
23,-39,QUgWZha96QJLxjkT1ULSndTo31k=,MIl/ZUp4V4/7bb4nzNPguRtOzeM=
24,-39,QUgWZha96QJLxjkT1ULSndTo31k=,MIl/ZUp4V4/7bb4nzNPguRtOzeM=
20,-38,QUgWZha96QJLxjkT1ULSndTo31k=,MIl/ZUp4V4/7bb4nzNPguRtOzeM=
19,-38,QUgWZha96QJLxjkT1ULSndTo31k=,MIl/ZUp4V4/7bb4nzNPguRtOzeM=
18,-38,QUgWZha96QJLxjkT1ULSndTo31k=,MIl/ZUp4V4/7bb4nzNPguRtOzeM=
16,-46,QUgWZha96QJLxjkT1ULSndTo31k=,MIl/ZUp4V4/7bb4nzNPguRtOzeM=
17,-38,QUgWZha96QJLxjkT1ULSndTo31k=,MIl/ZUp4V4/7bb4nzNPguRtOzeM=
22,-39,QUgWZha96QJLxjkT1ULSndTo31k=,MIl/ZUp4V4/7bb4nzNPguRtOzeM=
21,-39,QUgWZha96QJLxjkT1ULSndTo31k=,MIl/ZUp4V4/7bb4nzNPguRtOzeM=
16,-38,QUgWZha96QJLxjkT1ULSndTo31k=,MIl/ZUp4V4/7bb4nzNPguRtOzeM=
31,-40,QUgWZha96QJLxjkT1ULSndTo31k=,MIl/ZUp4V4/7bb4nzNPguRtOzeM=
30,-40,QUgWZha96QJLxjkT1ULSndTo31k=,MIl/ZUp4V4/7bb4nzNPguRtOzeM=
29,-40,QUgWZha96QJLxjkT1ULSndTo31k=,MIl/ZUp4V4/7bb4nzNPguRtOzeM=
28,-40,QUgWZha96QJLxjkT1ULSndTo31k=,MIl/ZUp4V4/7bb4nzNPguRtOzeM=
27,-40,QUgWZha96QJLxjkT1ULSndTo31k=,MIl/ZUp4V4/7bb4nzNPguRtOzeM=
26,-40,QUgWZha96QJLxjkT1ULSndTo31k=,MIl/ZUp4V4/7bb4nzNPguRtOzeM=
25,-40,QUgWZha96QJLxjkT1ULSndTo31k=,MIl/ZUp4V4/7bb4nzNPguRtOzeM=
24,-40,QUgWZha96QJLxjkT1ULSndTo31k=,MIl/ZUp4V4/7bb4nzNPguRtOzeM=
23,-40,QUgWZha96QJLxjkT1ULSndTo31k=,MIl/ZUp4V4/7bb4nzNPguRtOzeM=
20,-39,QUgWZha96QJLxjkT1ULSndTo31k=,MIl/ZUp4V4/7bb4nzNPguRtOzeM=
17,-46,QUgWZha96QJLxjkT1ULSndTo31k=,MIl/ZUp4V4/7bb4nzNPguRtOzeM=
19,-39,QUgWZha96QJLxjkT1ULSndTo31k=,MIl/ZUp4V4/7bb4nzNPguRtOzeM=
18,-39,QUgWZha96QJLxjkT1ULSndTo31k=,MIl/ZUp4V4/7bb4nzNPguRtOzeM=
16,-39,QUgWZha96QJLxjkT1ULSndTo31k=,MIl/ZUp4V4/7bb4nzNPguRtOzeM=
17,-39,QUgWZha96QJLxjkT1ULSndTo31k=,MIl/ZUp4V4/7bb4nzNPguRtOzeM=
22,-40,QUgWZha96QJLxjkT1ULSndTo31k=,MIl/ZUp4V4/7bb4nzNPguRtOzeM=
21,-40,QUgWZha96QJLxjkT1ULSndTo31k=,MIl/ZUp4V4/7bb4nzNPguRtOzeM=
31,-41,QUgWZha96QJLxjkT1ULSndTo31k=,MIl/ZUp4V4/7bb4nzNPguRtOzeM=
30,-41,QUgWZha96QJLxjkT1ULSndTo31k=,MIl/ZUp4V4/7bb4nzNPguRtOzeM=
29,-41,QUgWZha96QJLxjkT1ULSndTo31k=,MIl/ZUp4V4/7bb4nzNPguRtOzeM=
28,-41,QUgWZha96QJLxjkT1ULSndTo31k=,MIl/ZUp4V4/7bb4nzNPguRtOzeM=
27,-41,QUgWZha96QJLxjkT1ULSndTo31k=,MIl/ZUp4V4/7bb4nzNPguRtOzeM=
26,-41,QUgWZha96QJLxjkT1ULSndTo31k=,MIl/ZUp4V4/7bb4nzNPguRtOzeM=
19,-40,QUgWZha96QJLxjkT1ULSndTo31k=,MIl/ZUp4V4/7bb4nzNPguRtOzeM=
25,-41,QUgWZha96QJLxjkT1ULSndTo31k=,MIl/ZUp4V4/7bb4nzNPguRtOzeM=
24,-41,QUgWZha96QJLxjkT1ULSndTo31k=,MIl/ZUp4V4/7bb4nzNPguRtOzeM=
23,-41,QUgWZha96QJLxjkT1ULSndTo31k=,MIl/ZUp4V4/7bb4nzNPguRtOzeM=
18,-46,QUgWZha96QJLxjkT1ULSndTo31k=,MIl/ZUp4V4/7bb4nzNPguRtOzeM=
18,-40,QUgWZha96QJLxjkT1ULSndTo31k=,MIl/ZUp4V4/7bb4nzNPguRtOzeM=
20,-40,QUgWZha96QJLxjkT1ULSndTo31k=,MIl/ZUp4V4/7bb4nzNPguRtOzeM=
16,-40,QUgWZha96QJLxjkT1ULSndTo31k=,MIl/ZUp4V4/7bb4nzNPguRtOzeM=
17,-40,QUgWZha96QJLxjkT1ULSndTo31k=,MIl/ZUp4V4/7bb4nzNPguRtOzeM=
22,-41,QUgWZha96QJLxjkT1ULSndTo31k=,MIl/ZUp4V4/7bb4nzNPguRtOzeM=
21,-41,QUgWZha96QJLxjkT1ULSndTo31k=,MIl/ZUp4V4/7bb4nzNPguRtOzeM=
31,-42,QUgWZha96QJLxjkT1ULSndTo31k=,MIl/ZUp4V4/7bb4nzNPguRtOzeM=
30,-42,QUgWZha96QJLxjkT1ULSndTo31k=,MIl/ZUp4V4/7bb4nzNPguRtOzeM=
29,-42,QUgWZha96QJLxjkT1ULSndTo31k=,MIl/ZUp4V4/7bb4nzNPguRtOzeM=
27,-42,QUgWZha96QJLxjkT1ULSndTo31k=,MIl/ZUp4V4/7bb4nzNPguRtOzeM=
26,-42,QUgWZha96QJLxjkT1ULSndTo31k=,MIl/ZUp4V4/7bb4nzNPguRtOzeM=
24,-42,QUgWZha96QJLxjkT1ULSndTo31k=,MIl/ZUp4V4/7bb4nzNPguRtOzeM=
23,-42,QUgWZha96QJLxjkT1ULSndTo31k=,MIl/ZUp4V4/7bb4nzNPguRtOzeM=
19,-46,QUgWZha96QJLxjkT1ULSndTo31k=,MIl/ZUp4V4/7bb4nzNPguRtOzeM=
20,-41,QUgWZha96QJLxjkT1ULSndTo31k=,MIl/ZUp4V4/7bb4nzNPguRtOzeM=
19,-41,QUgWZha96QJLxjkT1ULSndTo31k=,MIl/ZUp4V4/7bb4nzNPguRtOzeM=
18,-41,QUgWZha96QJLxjkT1ULSndTo31k=,MIl/ZUp4V4/7bb4nzNPguRtOzeM=
22,-42,QUgWZha96QJLxjkT1ULSndTo31k=,MIl/ZUp4V4/7bb4nzNPguRtOzeM=
16,-41,QUgWZha96QJLxjkT1ULSndTo31k=,MIl/ZUp4V4/7bb4nzNPguRtOzeM=
17,-41,QUgWZha96QJLxjkT1ULSndTo31k=,MIl/ZUp4V4/7bb4nzNPguRtOzeM=
20,-46,QUgWZha96QJLxjkT1ULSndTo31k=,MIl/ZUp4V4/7bb4nzNPguRtOzeM=
21,-42,QUgWZha96QJLxjkT1ULSndTo31k=,MIl/ZUp4V4/7bb4nzNPguRtOzeM=
31,-43,QUgWZha96QJLxjkT1ULSndTo31k=,MIl/ZUp4V4/7bb4nzNPguRtOzeM=
30,-43,QUgWZha96QJLxjkT1ULSndTo31k=,MIl/ZUp4V4/7bb4nzNPguRtOzeM=
29,-43,QUgWZha96QJLxjkT1ULSndTo31k=,MIl/ZUp4V4/7bb4nzNPguRtOzeM=
19,-42,QUgWZha96QJLxjkT1ULSndTo31k=,MIl/ZUp4V4/7bb4nzNPguRtOzeM=
28,-43,QUgWZha96QJLxjkT1ULSndTo31k=,MIl/ZUp4V4/7bb4nzNPguRtOzeM=
27,-43,QUgWZha96QJLxjkT1ULSndTo31k=,MIl/ZUp4V4/7bb4nzNPguRtOzeM=
25,-43,QUgWZha96QJLxjkT1ULSndTo31k=,MIl/ZUp4V4/7bb4nzNPguRtOzeM=
26,-43,QUgWZha96QJLxjkT1ULSndTo31k=,MIl/ZUp4V4/7bb4nzNPguRtOzeM=
24,-43,QUgWZha96QJLxjkT1ULSndTo31k=,MIl/ZUp4V4/7bb4nzNPguRtOzeM=
23,-43,QUgWZha96QJLxjkT1ULSndTo31k=,MIl/ZUp4V4/7bb4nzNPguRtOzeM=
20,-42,QUgWZha96QJLxjkT1ULSndTo31k=,MIl/ZUp4V4/7bb4nzNPguRtOzeM=
16,-42,QUgWZha96QJLxjkT1ULSndTo31k=,MIl/ZUp4V4/7bb4nzNPguRtOzeM=
18,-42,QUgWZha96QJLxjkT1ULSndTo31k=,MIl/ZUp4V4/7bb4nzNPguRtOzeM=
17,-42,QUgWZha96QJLxjkT1ULSndTo31k=,MIl/ZUp4V4/7bb4nzNPguRtOzeM=
22,-43,QUgWZha96QJLxjkT1ULSndTo31k=,MIl/ZUp4V4/7bb4nzNPguRtOzeM=
20,-43,QUgWZha96QJLxjkT1ULSndTo31k=,MIl/ZUp4V4/7bb4nzNPguRtOzeM=
31,-44,QUgWZha96QJLxjkT1ULSndTo31k=,MIl/ZUp4V4/7bb4nzNPguRtOzeM=
30,-44,QUgWZha96QJLxjkT1ULSndTo31k=,MIl/ZUp4V4/7bb4nzNPguRtOzeM=
29,-44,QUgWZha96QJLxjkT1ULSndTo31k=,MIl/ZUp4V4/7bb4nzNPguRtOzeM=
27,-44,QUgWZha96QJLxjkT1ULSndTo31k=,MIl/ZUp4V4/7bb4nzNPguRtOzeM=
28,-44,QUgWZha96QJLxjkT1ULSndTo31k=,MIl/ZUp4V4/7bb4nzNPguRtOzeM=
26,-44,QUgWZha96QJLxjkT1ULSndTo31k=,MIl/ZUp4V4/7bb4nzNPguRtOzeM=
25,-44,QUgWZha96QJLxjkT1ULSndTo31k=,MIl/ZUp4V4/7bb4nzNPguRtOzeM=
24,-44,QUgWZha96QJLxjkT1ULSndTo31k=,MIl/ZUp4V4/7bb4nzNPguRtOzeM=
23,-44,QUgWZha96QJLxjkT1ULSndTo31k=,MIl/ZUp4V4/7bb4nzNPguRtOzeM=
21,-43,QUgWZha96QJLxjkT1ULSndTo31k=,MIl/ZUp4V4/7bb4nzNPguRtOzeM=
21,-46,QUgWZha96QJLxjkT1ULSndTo31k=,MIl/ZUp4V4/7bb4nzNPguRtOzeM=
22,-44,QUgWZha96QJLxjkT1ULSndTo31k=,MIl/ZUp4V4/7bb4nzNPguRtOzeM=
17,-43,QUgWZha96QJLxjkT1ULSndTo31k=,MIl/ZUp4V4/7bb4nzNPguRtOzeM=
18,-43,QUgWZha96QJLxjkT1ULSndTo31k=,MIl/ZUp4V4/7bb4nzNPguRtOzeM=
19,-43,QUgWZha96QJLxjkT1ULSndTo31k=,MIl/ZUp4V4/7bb4nzNPguRtOzeM=
16,-43,QUgWZha96QJLxjkT1ULSndTo31k=,MIl/ZUp4V4/7bb4nzNPguRtOzeM=
21,-44,QUgWZha96QJLxjkT1ULSndTo31k=,MIl/ZUp4V4/7bb4nzNPguRtOzeM=
31,-45,QUgWZha96QJLxjkT1ULSndTo31k=,MIl/ZUp4V4/7bb4nzNPguRtOzeM=
30,-45,QUgWZha96QJLxjkT1ULSndTo31k=,MIl/ZUp4V4/7bb4nzNPguRtOzeM=
29,-45,QUgWZha96QJLxjkT1ULSndTo31k=,MIl/ZUp4V4/7bb4nzNPguRtOzeM=
28,-45,QUgWZha96QJLxjkT1ULSndTo31k=,MIl/ZUp4V4/7bb4nzNPguRtOzeM=
27,-45,QUgWZha96QJLxjkT1ULSndTo31k=,MIl/ZUp4V4/7bb4nzNPguRtOzeM=
22,-46,QUgWZha96QJLxjkT1ULSndTo31k=,MIl/ZUp4V4/7bb4nzNPguRtOzeM=
26,-45,QUgWZha96QJLxjkT1ULSndTo31k=,MIl/ZUp4V4/7bb4nzNPguRtOzeM=
25,-45,QUgWZha96QJLxjkT1ULSndTo31k=,MIl/ZUp4V4/7bb4nzNPguRtOzeM=
24,-45,QUgWZha96QJLxjkT1ULSndTo31k=,MIl/ZUp4V4/7bb4nzNPguRtOzeM=
23,-45,QUgWZha96QJLxjkT1ULSndTo31k=,MIl/ZUp4V4/7bb4nzNPguRtOzeM=
23,-46,QUgWZha96QJLxjkT1ULSndTo31k=,MIl/ZUp4V4/7bb4nzNPguRtOzeM=
24,-46,QUgWZha96QJLxjkT1ULSndTo31k=,MIl/ZUp4V4/7bb4nzNPguRtOzeM=
29,-33,QUgWZha96QJLxjkT1ULSndTo31k=,MIl/ZUp4V4/7bb4nzNPguRtOzeM=
25,-46,QUgWZha96QJLxjkT1ULSndTo31k=,MIl/ZUp4V4/7bb4nzNPguRtOzeM=
26,-46,QUgWZha96QJLxjkT1ULSndTo31k=,MIl/ZUp4V4/7bb4nzNPguRtOzeM=
27,-46,QUgWZha96QJLxjkT1ULSndTo31k=,MIl/ZUp4V4/7bb4nzNPguRtOzeM=
28,-46,QUgWZha96QJLxjkT1ULSndTo31k=,MIl/ZUp4V4/7bb4nzNPguRtOzeM=
29,-46,QUgWZha96QJLxjkT1ULSndTo31k=,MIl/ZUp4V4/7bb4nzNPguRtOzeM=
31,-46,QUgWZha96QJLxjkT1ULSndTo31k=,MIl/ZUp4V4/7bb4nzNPguRtOzeM=
30,-46,QUgWZha96QJLxjkT1ULSndTo31k=,MIl/ZUp4V4/7bb4nzNPguRtOzeM=
19,-44,QUgWZha96QJLxjkT1ULSndTo31k=,MIl/ZUp4V4/7bb4nzNPguRtOzeM=
18,-44,QUgWZha96QJLxjkT1ULSndTo31k=,MIl/ZUp4V4/7bb4nzNPguRtOzeM=
22,-45,QUgWZha96QJLxjkT1ULSndTo31k=,MIl/ZUp4V4/7bb4nzNPguRtOzeM=
16,-44,QUgWZha96QJLxjkT1ULSndTo31k=,MIl/ZUp4V4/7bb4nzNPguRtOzeM=
17,-48,QUgWZha96QJLxjkT1ULSndTo31k=,MIl/ZUp4V4/7bb4nzNPguRtOzeM=
21,-45,QUgWZha96QJLxjkT1ULSndTo31k=,MIl/ZUp4V4/7bb4nzNPguRtOzeM=
20,-44,QUgWZha96QJLxjkT1ULSndTo31k=,MIl/ZUp4V4/7bb4nzNPguRtOzeM=
16,-45,QUgWZha96QJLxjkT1ULSndTo31k=,MIl/ZUp4V4/7bb4nzNPguRtOzeM=
20,-45,QUgWZha96QJLxjkT1ULSndTo31k=,MIl/ZUp4V4/7bb4nzNPguRtOzeM=
19,-45,QUgWZha96QJLxjkT1ULSndTo31k=,MIl/ZUp4V4/7bb4nzNPguRtOzeM=
17,-44,QUgWZha96QJLxjkT1ULSndTo31k=,MIl/ZUp4V4/7bb4nzNPguRtOzeM=
18,-45,QUgWZha96QJLxjkT1ULSndTo31k=,MIl/ZUp4V4/7bb4nzNPguRtOzeM=
17,-45,QUgWZha96QJLxjkT1ULSndTo31k=,MIl/ZUp4V4/7bb4nzNPguRtOzeM=
25,-42,QUgWZha96QJLxjkT1ULSndTo31k=,MIl/ZUp4V4/7bb4nzNPguRtOzeM=
18,-37,QUgWZha96QJLxjkT1ULSndTo31k=,MIl/ZUp4V4/7bb4nzNPguRtOzeM=
28,-42,QUgWZha96QJLxjkT1ULSndTo31k=,MIl/ZUp4V4/7bb4nzNPguRtOzeM=
