45,10,rmvXcUBv/zW9SCHYrrHbWwRyqyQ=,0MjUxwJSf4suR2eEA8aN5KuTIuw=
46,10,rmvXcUBv/zW9SCHYrrHbWwRyqyQ=,0MjUxwJSf4suR2eEA8aN5KuTIuw=
46,9,rmvXcUBv/zW9SCHYrrHbWwRyqyQ=,0MjUxwJSf4suR2eEA8aN5KuTIuw=
45,9,rmvXcUBv/zW9SCHYrrHbWwRyqyQ=,0MjUxwJSf4suR2eEA8aN5KuTIuw=
41,10,VwFUOU4DYSPzR3KJrqvD/n8IKfk=,P+bFwtQi98kyjbBnX55m9lEYCL4=
41,9,VwFUOU4DYSPzR3KJrqvD/n8IKfk=,P+bFwtQi98kyjbBnX55m9lEYCL4=
43,9,rmvXcUBv/zW9SCHYrrHbWwRyqyQ=,P+bFwtQi98kyjbBnX55m9lEYCL4=
44,9,rmvXcUBv/zW9SCHYrrHbWwRyqyQ=,0MjUxwJSf4suR2eEA8aN5KuTIuw=
44,7,rmvXcUBv/zW9SCHYrrHbWwRyqyQ=,+PszpnNg85jHYIAzHZsH/U9OI0A=
46,7,rmvXcUBv/zW9SCHYrrHbWwRyqyQ=,+PszpnNg85jHYIAzHZsH/U9OI0A=
46,8,rmvXcUBv/zW9SCHYrrHbWwRyqyQ=,0MjUxwJSf4suR2eEA8aN5KuTIuw=
45,8,rmvXcUBv/zW9SCHYrrHbWwRyqyQ=,0MjUxwJSf4suR2eEA8aN5KuTIuw=
45,7,rmvXcUBv/zW9SCHYrrHbWwRyqyQ=,+PszpnNg85jHYIAzHZsH/U9OI0A=
43,7,rmvXcUBv/zW9SCHYrrHbWwRyqyQ=,R14fnYlc45KV/H7aOYRjKCNr1VU=
44,10,rmvXcUBv/zW9SCHYrrHbWwRyqyQ=,0MjUxwJSf4suR2eEA8aN5KuTIuw=
43,10,rmvXcUBv/zW9SCHYrrHbWwRyqyQ=,P+bFwtQi98kyjbBnX55m9lEYCL4=
46,6,rmvXcUBv/zW9SCHYrrHbWwRyqyQ=,+PszpnNg85jHYIAzHZsH/U9OI0A=
42,10,VwFUOU4DYSPzR3KJrqvD/n8IKfk=,P+bFwtQi98kyjbBnX55m9lEYCL4=
42,7,VwFUOU4DYSPzR3KJrqvD/n8IKfk=,R14fnYlc45KV/H7aOYRjKCNr1VU=
42,9,VwFUOU4DYSPzR3KJrqvD/n8IKfk=,P+bFwtQi98kyjbBnX55m9lEYCL4=
45,6,rmvXcUBv/zW9SCHYrrHbWwRyqyQ=,+PszpnNg85jHYIAzHZsH/U9OI0A=
41,7,VwFUOU4DYSPzR3KJrqvD/n8IKfk=,R14fnYlc45KV/H7aOYRjKCNr1VU=
45,5,rmvXcUBv/zW9SCHYrrHbWwRyqyQ=,+PszpnNg85jHYIAzHZsH/U9OI0A=
42,8,VwFUOU4DYSPzR3KJrqvD/n8IKfk=,P+bFwtQi98kyjbBnX55m9lEYCL4=
43,8,rmvXcUBv/zW9SCHYrrHbWwRyqyQ=,P+bFwtQi98kyjbBnX55m9lEYCL4=
41,8,VwFUOU4DYSPzR3KJrqvD/n8IKfk=,P+bFwtQi98kyjbBnX55m9lEYCL4=
41,6,VwFUOU4DYSPzR3KJrqvD/n8IKfk=,R14fnYlc45KV/H7aOYRjKCNr1VU=
44,6,rmvXcUBv/zW9SCHYrrHbWwRyqyQ=,+PszpnNg85jHYIAzHZsH/U9OI0A=
43,5,rmvXcUBv/zW9SCHYrrHbWwRyqyQ=,R14fnYlc45KV/H7aOYRjKCNr1VU=
42,5,VwFUOU4DYSPzR3KJrqvD/n8IKfk=,R14fnYlc45KV/H7aOYRjKCNr1VU=
46,5,rmvXcUBv/zW9SCHYrrHbWwRyqyQ=,+PszpnNg85jHYIAzHZsH/U9OI0A=
44,8,rmvXcUBv/zW9SCHYrrHbWwRyqyQ=,0MjUxwJSf4suR2eEA8aN5KuTIuw=
44,5,rmvXcUBv/zW9SCHYrrHbWwRyqyQ=,+PszpnNg85jHYIAzHZsH/U9OI0A=
43,6,rmvXcUBv/zW9SCHYrrHbWwRyqyQ=,R14fnYlc45KV/H7aOYRjKCNr1VU=
42,6,VwFUOU4DYSPzR3KJrqvD/n8IKfk=,R14fnYlc45KV/H7aOYRjKCNr1VU=
41,5,VwFUOU4DYSPzR3KJrqvD/n8IKfk=,R14fnYlc45KV/H7aOYRjKCNr1VU=
38,2,rmvXcUBv/zW9SCHYrrHbWwRyqyQ=,JdR8xF6d6O9yyGSqzxfKm383ojw=
37,1,rmvXcUBv/zW9SCHYrrHbWwRyqyQ=,JdR8xF6d6O9yyGSqzxfKm383ojw=
37,2,rmvXcUBv/zW9SCHYrrHbWwRyqyQ=,JdR8xF6d6O9yyGSqzxfKm383ojw=
38,1,rmvXcUBv/zW9SCHYrrHbWwRyqyQ=,JdR8xF6d6O9yyGSqzxfKm383ojw=
40,2,rmvXcUBv/zW9SCHYrrHbWwRyqyQ=,4EqVL09f2caacbmzvgsizv1QVG4=
39,2,rmvXcUBv/zW9SCHYrrHbWwRyqyQ=,JdR8xF6d6O9yyGSqzxfKm383ojw=
41,2,VwFUOU4DYSPzR3KJrqvD/n8IKfk=,4EqVL09f2caacbmzvgsizv1QVG4=
41,4,VwFUOU4DYSPzR3KJrqvD/n8IKfk=,R14fnYlc45KV/H7aOYRjKCNr1VU=
42,1,VwFUOU4DYSPzR3KJrqvD/n8IKfk=,4EqVL09f2caacbmzvgsizv1QVG4=
41,1,VwFUOU4DYSPzR3KJrqvD/n8IKfk=,4EqVL09f2caacbmzvgsizv1QVG4=
40,1,rmvXcUBv/zW9SCHYrrHbWwRyqyQ=,4EqVL09f2caacbmzvgsizv1QVG4=
42,4,VwFUOU4DYSPzR3KJrqvD/n8IKfk=,R14fnYlc45KV/H7aOYRjKCNr1VU=
42,2,VwFUOU4DYSPzR3KJrqvD/n8IKfk=,4EqVL09f2caacbmzvgsizv1QVG4=
39,1,rmvXcUBv/zW9SCHYrrHbWwRyqyQ=,JdR8xF6d6O9yyGSqzxfKm383ojw=
41,3,VwFUOU4DYSPzR3KJrqvD/n8IKfk=,4EqVL09f2caacbmzvgsizv1QVG4=
42,3,VwFUOU4DYSPzR3KJrqvD/n8IKfk=,4EqVL09f2caacbmzvgsizv1QVG4=
40,4,rmvXcUBv/zW9SCHYrrHbWwRyqyQ=,R14fnYlc45KV/H7aOYRjKCNr1VU=
39,5,VwFUOU4DYSPzR3KJrqvD/n8IKfk=,e/Agt9epwS1QiYlrX2MOz/vhrYI=
37,4,rmvXcUBv/zW9SCHYrrHbWwRyqyQ=,e/Agt9epwS1QiYlrX2MOz/vhrYI=
38,5,VwFUOU4DYSPzR3KJrqvD/n8IKfk=,e/Agt9epwS1QiYlrX2MOz/vhrYI=
37,6,VwFUOU4DYSPzR3KJrqvD/n8IKfk=,e/Agt9epwS1QiYlrX2MOz/vhrYI=
37,5,VwFUOU4DYSPzR3KJrqvD/n8IKfk=,e/Agt9epwS1QiYlrX2MOz/vhrYI=
39,3,rmvXcUBv/zW9SCHYrrHbWwRyqyQ=,JdR8xF6d6O9yyGSqzxfKm383ojw=
38,3,rmvXcUBv/zW9SCHYrrHbWwRyqyQ=,JdR8xF6d6O9yyGSqzxfKm383ojw=
37,3,rmvXcUBv/zW9SCHYrrHbWwRyqyQ=,JdR8xF6d6O9yyGSqzxfKm383ojw=
40,6,VwFUOU4DYSPzR3KJrqvD/n8IKfk=,R14fnYlc45KV/H7aOYRjKCNr1VU=
40,3,rmvXcUBv/zW9SCHYrrHbWwRyqyQ=,4EqVL09f2caacbmzvgsizv1QVG4=
39,4,rmvXcUBv/zW9SCHYrrHbWwRyqyQ=,e/Agt9epwS1QiYlrX2MOz/vhrYI=
40,5,VwFUOU4DYSPzR3KJrqvD/n8IKfk=,R14fnYlc45KV/H7aOYRjKCNr1VU=
38,4,rmvXcUBv/zW9SCHYrrHbWwRyqyQ=,e/Agt9epwS1QiYlrX2MOz/vhrYI=
38,6,VwFUOU4DYSPzR3KJrqvD/n8IKfk=,e/Agt9epwS1QiYlrX2MOz/vhrYI=
39,6,VwFUOU4DYSPzR3KJrqvD/n8IKfk=,e/Agt9epwS1QiYlrX2MOz/vhrYI=
40,10,VwFUOU4DYSPzR3KJrqvD/n8IKfk=,P+bFwtQi98kyjbBnX55m9lEYCL4=
37,10,VwFUOU4DYSPzR3KJrqvD/n8IKfk=,vlz2+PaA8jOGDg5SVRdEY+XQVk8=
38,10,VwFUOU4DYSPzR3KJrqvD/n8IKfk=,vlz2+PaA8jOGDg5SVRdEY+XQVk8=
39,10,VwFUOU4DYSPzR3KJrqvD/n8IKfk=,vlz2+PaA8jOGDg5SVRdEY+XQVk8=
37,9,VwFUOU4DYSPzR3KJrqvD/n8IKfk=,vlz2+PaA8jOGDg5SVRdEY+XQVk8=
39,9,VwFUOU4DYSPzR3KJrqvD/n8IKfk=,vlz2+PaA8jOGDg5SVRdEY+XQVk8=
39,8,VwFUOU4DYSPzR3KJrqvD/n8IKfk=,vlz2+PaA8jOGDg5SVRdEY+XQVk8=
38,9,VwFUOU4DYSPzR3KJrqvD/n8IKfk=,vlz2+PaA8jOGDg5SVRdEY+XQVk8=
38,14,kRoRCWWCb2kRTdGnRz17LbQBNto=,tFKU0AJtI+wCQEvs9GeYtOxvEOI=
37,7,VwFUOU4DYSPzR3KJrqvD/n8IKfk=,e/Agt9epwS1QiYlrX2MOz/vhrYI=
38,8,VwFUOU4DYSPzR3KJrqvD/n8IKfk=,vlz2+PaA8jOGDg5SVRdEY+XQVk8=
37,8,VwFUOU4DYSPzR3KJrqvD/n8IKfk=,vlz2+PaA8jOGDg5SVRdEY+XQVk8=
38,7,VwFUOU4DYSPzR3KJrqvD/n8IKfk=,e/Agt9epwS1QiYlrX2MOz/vhrYI=
40,7,VwFUOU4DYSPzR3KJrqvD/n8IKfk=,R14fnYlc45KV/H7aOYRjKCNr1VU=
37,11,rmvXcUBv/zW9SCHYrrHbWwRyqyQ=,vlz2+PaA8jOGDg5SVRdEY+XQVk8=
40,9,VwFUOU4DYSPzR3KJrqvD/n8IKfk=,P+bFwtQi98kyjbBnX55m9lEYCL4=
38,11,rmvXcUBv/zW9SCHYrrHbWwRyqyQ=,vlz2+PaA8jOGDg5SVRdEY+XQVk8=
37,13,kRoRCWWCb2kRTdGnRz17LbQBNto=,tFKU0AJtI+wCQEvs9GeYtOxvEOI=
37,14,kRoRCWWCb2kRTdGnRz17LbQBNto=,tFKU0AJtI+wCQEvs9GeYtOxvEOI=
38,13,kRoRCWWCb2kRTdGnRz17LbQBNto=,tFKU0AJtI+wCQEvs9GeYtOxvEOI=
37,12,kRoRCWWCb2kRTdGnRz17LbQBNto=,tFKU0AJtI+wCQEvs9GeYtOxvEOI=
40,8,VwFUOU4DYSPzR3KJrqvD/n8IKfk=,P+bFwtQi98kyjbBnX55m9lEYCL4=
39,7,VwFUOU4DYSPzR3KJrqvD/n8IKfk=,e/Agt9epwS1QiYlrX2MOz/vhrYI=
38,12,kRoRCWWCb2kRTdGnRz17LbQBNto=,tFKU0AJtI+wCQEvs9GeYtOxvEOI=
36,9,rmvXcUBv/zW9SCHYrrHbWwRyqyQ=,vlz2+PaA8jOGDg5SVRdEY+XQVk8=
35,10,kRoRCWWCb2kRTdGnRz17LbQBNto=,Z46FQe146DcnNcDQPNb7sl2Vb7E=
34,10,kRoRCWWCb2kRTdGnRz17LbQBNto=,Z46FQe146DcnNcDQPNb7sl2Vb7E=
33,10,kRoRCWWCb2kRTdGnRz17LbQBNto=,Z46FQe146DcnNcDQPNb7sl2Vb7E=
35,9,kRoRCWWCb2kRTdGnRz17LbQBNto=,Z46FQe146DcnNcDQPNb7sl2Vb7E=
36,10,rmvXcUBv/zW9SCHYrrHbWwRyqyQ=,vlz2+PaA8jOGDg5SVRdEY+XQVk8=
33,9,kRoRCWWCb2kRTdGnRz17LbQBNto=,Z46FQe146DcnNcDQPNb7sl2Vb7E=
35,13,kRoRCWWCb2kRTdGnRz17LbQBNto=,VWcHvuOBD56H9wIpwTCwCeb5jfI=
34,9,kRoRCWWCb2kRTdGnRz17LbQBNto=,Z46FQe146DcnNcDQPNb7sl2Vb7E=
35,12,kRoRCWWCb2kRTdGnRz17LbQBNto=,VWcHvuOBD56H9wIpwTCwCeb5jfI=
34,13,kRoRCWWCb2kRTdGnRz17LbQBNto=,VWcHvuOBD56H9wIpwTCwCeb5jfI=
36,14,kRoRCWWCb2kRTdGnRz17LbQBNto=,tFKU0AJtI+wCQEvs9GeYtOxvEOI=
35,11,kRoRCWWCb2kRTdGnRz17LbQBNto=,Z46FQe146DcnNcDQPNb7sl2Vb7E=
34,12,kRoRCWWCb2kRTdGnRz17LbQBNto=,VWcHvuOBD56H9wIpwTCwCeb5jfI=
33,13,kRoRCWWCb2kRTdGnRz17LbQBNto=,VWcHvuOBD56H9wIpwTCwCeb5jfI=
36,13,kRoRCWWCb2kRTdGnRz17LbQBNto=,tFKU0AJtI+wCQEvs9GeYtOxvEOI=
36,12,kRoRCWWCb2kRTdGnRz17LbQBNto=,tFKU0AJtI+wCQEvs9GeYtOxvEOI=
34,11,kRoRCWWCb2kRTdGnRz17LbQBNto=,Z46FQe146DcnNcDQPNb7sl2Vb7E=
36,11,rmvXcUBv/zW9SCHYrrHbWwRyqyQ=,vlz2+PaA8jOGDg5SVRdEY+XQVk8=
33,14,eYQuv06fjk0jwA78FWayBq9JSqI=,VWcHvuOBD56H9wIpwTCwCeb5jfI=
33,11,eYQuv06fjk0jwA78FWayBq9JSqI=,Z46FQe146DcnNcDQPNb7sl2Vb7E=
34,14,eYQuv06fjk0jwA78FWayBq9JSqI=,VWcHvuOBD56H9wIpwTCwCeb5jfI=
33,12,eYQuv06fjk0jwA78FWayBq9JSqI=,VWcHvuOBD56H9wIpwTCwCeb5jfI=
35,14,eYQuv06fjk0jwA78FWayBq9JSqI=,VWcHvuOBD56H9wIpwTCwCeb5jfI=
47,10,rmvXcUBv/zW9SCHYrrHbWwRyqyQ=,0MjUxwJSf4suR2eEA8aN5KuTIuw=
37,15,eYQuv06fjk0jwA78FWayBq9JSqI=,tFKU0AJtI+wCQEvs9GeYtOxvEOI=
38,15,eYQuv06fjk0jwA78FWayBq9JSqI=,tFKU0AJtI+wCQEvs9GeYtOxvEOI=
47,9,rmvXcUBv/zW9SCHYrrHbWwRyqyQ=,0MjUxwJSf4suR2eEA8aN5KuTIuw=
32,13,eYQuv06fjk0jwA78FWayBq9JSqI=,VWcHvuOBD56H9wIpwTCwCeb5jfI=
33,15,eYQuv06fjk0jwA78FWayBq9JSqI=,VWcHvuOBD56H9wIpwTCwCeb5jfI=
32,14,eYQuv06fjk0jwA78FWayBq9JSqI=,VWcHvuOBD56H9wIpwTCwCeb5jfI=
35,15,eYQuv06fjk0jwA78FWayBq9JSqI=,VWcHvuOBD56H9wIpwTCwCeb5jfI=
36,15,eYQuv06fjk0jwA78FWayBq9JSqI=,tFKU0AJtI+wCQEvs9GeYtOxvEOI=
34,15,eYQuv06fjk0jwA78FWayBq9JSqI=,VWcHvuOBD56H9wIpwTCwCeb5jfI=
32,12,eYQuv06fjk0jwA78FWayBq9JSqI=,VWcHvuOBD56H9wIpwTCwCeb5jfI=
32,9,eYQuv06fjk0jwA78FWayBq9JSqI=,Z46FQe146DcnNcDQPNb7sl2Vb7E=
32,11,eYQuv06fjk0jwA78FWayBq9JSqI=,Z46FQe146DcnNcDQPNb7sl2Vb7E=
32,10,eYQuv06fjk0jwA78FWayBq9JSqI=,Z46FQe146DcnNcDQPNb7sl2Vb7E=
36,1,rmvXcUBv/zW9SCHYrrHbWwRyqyQ=,JdR8xF6d6O9yyGSqzxfKm383ojw=
36,2,rmvXcUBv/zW9SCHYrrHbWwRyqyQ=,JdR8xF6d6O9yyGSqzxfKm383ojw=
40,11,rmvXcUBv/zW9SCHYrrHbWwRyqyQ=,P+bFwtQi98kyjbBnX55m9lEYCL4=
41,11,rmvXcUBv/zW9SCHYrrHbWwRyqyQ=,P+bFwtQi98kyjbBnX55m9lEYCL4=
40,14,jJbCIWtVP05B50m76uB+L4r1z00=,0+WW3dt24Z/73QWaGM4zG88AfGg=
41,14,jJbCIWtVP05B50m76uB+L4r1z00=,0+WW3dt24Z/73QWaGM4zG88AfGg=
42,13,jJbCIWtVP05B50m76uB+L4r1z00=,0+WW3dt24Z/73QWaGM4zG88AfGg=
39,14,eYQuv06fjk0jwA78FWayBq9JSqI=,tFKU0AJtI+wCQEvs9GeYtOxvEOI=
39,13,eYQuv06fjk0jwA78FWayBq9JSqI=,tFKU0AJtI+wCQEvs9GeYtOxvEOI=
42,14,jJbCIWtVP05B50m76uB+L4r1z00=,0+WW3dt24Z/73QWaGM4zG88AfGg=
42,11,rmvXcUBv/zW9SCHYrrHbWwRyqyQ=,P+bFwtQi98kyjbBnX55m9lEYCL4=
41,13,jJbCIWtVP05B50m76uB+L4r1z00=,0+WW3dt24Z/73QWaGM4zG88AfGg=
39,11,rmvXcUBv/zW9SCHYrrHbWwRyqyQ=,vlz2+PaA8jOGDg5SVRdEY+XQVk8=
40,15,jJbCIWtVP05B50m76uB+L4r1z00=,0+WW3dt24Z/73QWaGM4zG88AfGg=
41,15,jJbCIWtVP05B50m76uB+L4r1z00=,0+WW3dt24Z/73QWaGM4zG88AfGg=
40,13,jJbCIWtVP05B50m76uB+L4r1z00=,0+WW3dt24Z/73QWaGM4zG88AfGg=
42,12,jJbCIWtVP05B50m76uB+L4r1z00=,0+WW3dt24Z/73QWaGM4zG88AfGg=
42,15,jJbCIWtVP05B50m76uB+L4r1z00=,0+WW3dt24Z/73QWaGM4zG88AfGg=
39,15,eYQuv06fjk0jwA78FWayBq9JSqI=,tFKU0AJtI+wCQEvs9GeYtOxvEOI=
39,12,eYQuv06fjk0jwA78FWayBq9JSqI=,tFKU0AJtI+wCQEvs9GeYtOxvEOI=
40,12,jJbCIWtVP05B50m76uB+L4r1z00=,0+WW3dt24Z/73QWaGM4zG88AfGg=
41,12,jJbCIWtVP05B50m76uB+L4r1z00=,0+WW3dt24Z/73QWaGM4zG88AfGg=
41,0,rmvXcUBv/zW9SCHYrrHbWwRyqyQ=,4EqVL09f2caacbmzvgsizv1QVG4=
34,5,eYQuv06fjk0jwA78FWayBq9JSqI=,JxJZP5Gsxp1s5IJCbjKBCm4200A=
42,0,rmvXcUBv/zW9SCHYrrHbWwRyqyQ=,4EqVL09f2caacbmzvgsizv1QVG4=
44,12,jJbCIWtVP05B50m76uB+L4r1z00=,uV9LbvMQ44TgYAE2tF+G8D9HTR8=
44,14,jJbCIWtVP05B50m76uB+L4r1z00=,uV9LbvMQ44TgYAE2tF+G8D9HTR8=
46,11,rmvXcUBv/zW9SCHYrrHbWwRyqyQ=,0MjUxwJSf4suR2eEA8aN5KuTIuw=
47,15,jJbCIWtVP05B50m76uB+L4r1z00=,uV9LbvMQ44TgYAE2tF+G8D9HTR8=
45,14,jJbCIWtVP05B50m76uB+L4r1z00=,uV9LbvMQ44TgYAE2tF+G8D9HTR8=
32,8,eYQuv06fjk0jwA78FWayBq9JSqI=,Z46FQe146DcnNcDQPNb7sl2Vb7E=
33,4,eYQuv06fjk0jwA78FWayBq9JSqI=,JxJZP5Gsxp1s5IJCbjKBCm4200A=
37,0,rmvXcUBv/zW9SCHYrrHbWwRyqyQ=,JdR8xF6d6O9yyGSqzxfKm383ojw=
38,0,rmvXcUBv/zW9SCHYrrHbWwRyqyQ=,JdR8xF6d6O9yyGSqzxfKm383ojw=
39,0,rmvXcUBv/zW9SCHYrrHbWwRyqyQ=,JdR8xF6d6O9yyGSqzxfKm383ojw=
40,0,rmvXcUBv/zW9SCHYrrHbWwRyqyQ=,4EqVL09f2caacbmzvgsizv1QVG4=
36,4,rmvXcUBv/zW9SCHYrrHbWwRyqyQ=,e/Agt9epwS1QiYlrX2MOz/vhrYI=
33,7,eYQuv06fjk0jwA78FWayBq9JSqI=,JxJZP5Gsxp1s5IJCbjKBCm4200A=
46,14,jJbCIWtVP05B50m76uB+L4r1z00=,uV9LbvMQ44TgYAE2tF+G8D9HTR8=
34,6,eYQuv06fjk0jwA78FWayBq9JSqI=,JxJZP5Gsxp1s5IJCbjKBCm4200A=
35,5,eYQuv06fjk0jwA78FWayBq9JSqI=,JxJZP5Gsxp1s5IJCbjKBCm4200A=
35,6,eYQuv06fjk0jwA78FWayBq9JSqI=,JxJZP5Gsxp1s5IJCbjKBCm4200A=
43,13,jJbCIWtVP05B50m76uB+L4r1z00=,0+WW3dt24Z/73QWaGM4zG88AfGg=
33,5,eYQuv06fjk0jwA78FWayBq9JSqI=,JxJZP5Gsxp1s5IJCbjKBCm4200A=
36,7,rmvXcUBv/zW9SCHYrrHbWwRyqyQ=,e/Agt9epwS1QiYlrX2MOz/vhrYI=
35,8,eYQuv06fjk0jwA78FWayBq9JSqI=,Z46FQe146DcnNcDQPNb7sl2Vb7E=
36,8,rmvXcUBv/zW9SCHYrrHbWwRyqyQ=,vlz2+PaA8jOGDg5SVRdEY+XQVk8=
36,6,rmvXcUBv/zW9SCHYrrHbWwRyqyQ=,e/Agt9epwS1QiYlrX2MOz/vhrYI=
45,11,rmvXcUBv/zW9SCHYrrHbWwRyqyQ=,0MjUxwJSf4suR2eEA8aN5KuTIuw=
46,15,jJbCIWtVP05B50m76uB+L4r1z00=,uV9LbvMQ44TgYAE2tF+G8D9HTR8=
47,14,jJbCIWtVP05B50m76uB+L4r1z00=,uV9LbvMQ44TgYAE2tF+G8D9HTR8=
44,13,jJbCIWtVP05B50m76uB+L4r1z00=,uV9LbvMQ44TgYAE2tF+G8D9HTR8=
45,13,jJbCIWtVP05B50m76uB+L4r1z00=,uV9LbvMQ44TgYAE2tF+G8D9HTR8=
33,6,eYQuv06fjk0jwA78FWayBq9JSqI=,JxJZP5Gsxp1s5IJCbjKBCm4200A=
43,15,jJbCIWtVP05B50m76uB+L4r1z00=,0+WW3dt24Z/73QWaGM4zG88AfGg=
45,15,jJbCIWtVP05B50m76uB+L4r1z00=,uV9LbvMQ44TgYAE2tF+G8D9HTR8=
43,12,jJbCIWtVP05B50m76uB+L4r1z00=,0+WW3dt24Z/73QWaGM4zG88AfGg=
44,11,rmvXcUBv/zW9SCHYrrHbWwRyqyQ=,0MjUxwJSf4suR2eEA8aN5KuTIuw=
44,15,jJbCIWtVP05B50m76uB+L4r1z00=,uV9LbvMQ44TgYAE2tF+G8D9HTR8=
43,14,jJbCIWtVP05B50m76uB+L4r1z00=,0+WW3dt24Z/73QWaGM4zG88AfGg=
32,7,eYQuv06fjk0jwA78FWayBq9JSqI=,JxJZP5Gsxp1s5IJCbjKBCm4200A=
32,4,eYQuv06fjk0jwA78FWayBq9JSqI=,JxJZP5Gsxp1s5IJCbjKBCm4200A=
34,4,eYQuv06fjk0jwA78FWayBq9JSqI=,JxJZP5Gsxp1s5IJCbjKBCm4200A=
47,13,jJbCIWtVP05B50m76uB+L4r1z00=,uV9LbvMQ44TgYAE2tF+G8D9HTR8=
43,11,rmvXcUBv/zW9SCHYrrHbWwRyqyQ=,P+bFwtQi98kyjbBnX55m9lEYCL4=
32,5,eYQuv06fjk0jwA78FWayBq9JSqI=,JxJZP5Gsxp1s5IJCbjKBCm4200A=
46,13,jJbCIWtVP05B50m76uB+L4r1z00=,uV9LbvMQ44TgYAE2tF+G8D9HTR8=
36,3,rmvXcUBv/zW9SCHYrrHbWwRyqyQ=,JdR8xF6d6O9yyGSqzxfKm383ojw=
35,4,eYQuv06fjk0jwA78FWayBq9JSqI=,JxJZP5Gsxp1s5IJCbjKBCm4200A=
36,5,rmvXcUBv/zW9SCHYrrHbWwRyqyQ=,e/Agt9epwS1QiYlrX2MOz/vhrYI=
45,12,jJbCIWtVP05B50m76uB+L4r1z00=,uV9LbvMQ44TgYAE2tF+G8D9HTR8=
33,8,eYQuv06fjk0jwA78FWayBq9JSqI=,Z46FQe146DcnNcDQPNb7sl2Vb7E=
46,12,jJbCIWtVP05B50m76uB+L4r1z00=,uV9LbvMQ44TgYAE2tF+G8D9HTR8=
47,12,jJbCIWtVP05B50m76uB+L4r1z00=,uV9LbvMQ44TgYAE2tF+G8D9HTR8=
32,6,eYQuv06fjk0jwA78FWayBq9JSqI=,JxJZP5Gsxp1s5IJCbjKBCm4200A=
35,7,eYQuv06fjk0jwA78FWayBq9JSqI=,JxJZP5Gsxp1s5IJCbjKBCm4200A=
47,11,rmvXcUBv/zW9SCHYrrHbWwRyqyQ=,0MjUxwJSf4suR2eEA8aN5KuTIuw=
34,8,eYQuv06fjk0jwA78FWayBq9JSqI=,Z46FQe146DcnNcDQPNb7sl2Vb7E=
34,7,eYQuv06fjk0jwA78FWayBq9JSqI=,JxJZP5Gsxp1s5IJCbjKBCm4200A=
36,0,rmvXcUBv/zW9SCHYrrHbWwRyqyQ=,JdR8xF6d6O9yyGSqzxfKm383ojw=
32,15,eYQuv06fjk0jwA78FWayBq9JSqI=,VWcHvuOBD56H9wIpwTCwCeb5jfI=
47,8,rmvXcUBv/zW9SCHYrrHbWwRyqyQ=,0MjUxwJSf4suR2eEA8aN5KuTIuw=
47,5,rmvXcUBv/zW9SCHYrrHbWwRyqyQ=,+PszpnNg85jHYIAzHZsH/U9OI0A=
47,7,rmvXcUBv/zW9SCHYrrHbWwRyqyQ=,+PszpnNg85jHYIAzHZsH/U9OI0A=
47,6,rmvXcUBv/zW9SCHYrrHbWwRyqyQ=,+PszpnNg85jHYIAzHZsH/U9OI0A=
43,0,rmvXcUBv/zW9SCHYrrHbWwRyqyQ=,4EqVL09f2caacbmzvgsizv1QVG4=
44,0,jJbCIWtVP05B50m76uB+L4r1z00=,KgizhrPxstz/AxVbjNeBhbj09ww=
43,2,rmvXcUBv/zW9SCHYrrHbWwRyqyQ=,4EqVL09f2caacbmzvgsizv1QVG4=
43,1,rmvXcUBv/zW9SCHYrrHbWwRyqyQ=,4EqVL09f2caacbmzvgsizv1QVG4=
43,3,rmvXcUBv/zW9SCHYrrHbWwRyqyQ=,4EqVL09f2caacbmzvgsizv1QVG4=
43,4,rmvXcUBv/zW9SCHYrrHbWwRyqyQ=,R14fnYlc45KV/H7aOYRjKCNr1VU=
46,4,rmvXcUBv/zW9SCHYrrHbWwRyqyQ=,+PszpnNg85jHYIAzHZsH/U9OI0A=
47,4,rmvXcUBv/zW9SCHYrrHbWwRyqyQ=,+PszpnNg85jHYIAzHZsH/U9OI0A=
45,0,jJbCIWtVP05B50m76uB+L4r1z00=,KgizhrPxstz/AxVbjNeBhbj09ww=
47,3,jJbCIWtVP05B50m76uB+L4r1z00=,KgizhrPxstz/AxVbjNeBhbj09ww=
46,0,jJbCIWtVP05B50m76uB+L4r1z00=,KgizhrPxstz/AxVbjNeBhbj09ww=
47,0,jJbCIWtVP05B50m76uB+L4r1z00=,KgizhrPxstz/AxVbjNeBhbj09ww=
44,1,jJbCIWtVP05B50m76uB+L4r1z00=,KgizhrPxstz/AxVbjNeBhbj09ww=
47,1,jJbCIWtVP05B50m76uB+L4r1z00=,KgizhrPxstz/AxVbjNeBhbj09ww=
44,3,jJbCIWtVP05B50m76uB+L4r1z00=,KgizhrPxstz/AxVbjNeBhbj09ww=
45,2,jJbCIWtVP05B50m76uB+L4r1z00=,KgizhrPxstz/AxVbjNeBhbj09ww=
45,1,jJbCIWtVP05B50m76uB+L4r1z00=,KgizhrPxstz/AxVbjNeBhbj09ww=
47,2,jJbCIWtVP05B50m76uB+L4r1z00=,KgizhrPxstz/AxVbjNeBhbj09ww=
46,2,jJbCIWtVP05B50m76uB+L4r1z00=,KgizhrPxstz/AxVbjNeBhbj09ww=
45,3,jJbCIWtVP05B50m76uB+L4r1z00=,KgizhrPxstz/AxVbjNeBhbj09ww=
44,4,rmvXcUBv/zW9SCHYrrHbWwRyqyQ=,+PszpnNg85jHYIAzHZsH/U9OI0A=
46,1,jJbCIWtVP05B50m76uB+L4r1z00=,KgizhrPxstz/AxVbjNeBhbj09ww=
46,3,jJbCIWtVP05B50m76uB+L4r1z00=,KgizhrPxstz/AxVbjNeBhbj09ww=
44,2,jJbCIWtVP05B50m76uB+L4r1z00=,KgizhrPxstz/AxVbjNeBhbj09ww=
45,4,rmvXcUBv/zW9SCHYrrHbWwRyqyQ=,+PszpnNg85jHYIAzHZsH/U9OI0A=
45,17,eYQuv06fjk0jwA78FWayBq9JSqI=,hO7CmovFibMcBiUOgDj1KEMS/cM=
46,18,eYQuv06fjk0jwA78FWayBq9JSqI=,hO7CmovFibMcBiUOgDj1KEMS/cM=
45,18,eYQuv06fjk0jwA78FWayBq9JSqI=,hO7CmovFibMcBiUOgDj1KEMS/cM=
46,17,eYQuv06fjk0jwA78FWayBq9JSqI=,hO7CmovFibMcBiUOgDj1KEMS/cM=
43,17,eYQuv06fjk0jwA78FWayBq9JSqI=,Gso0ppL9cYuMgj3/G4a1C5pgva0=
42,17,eYQuv06fjk0jwA78FWayBq9JSqI=,Gso0ppL9cYuMgj3/G4a1C5pgva0=
42,18,eYQuv06fjk0jwA78FWayBq9JSqI=,Gso0ppL9cYuMgj3/G4a1C5pgva0=
44,18,eYQuv06fjk0jwA78FWayBq9JSqI=,hO7CmovFibMcBiUOgDj1KEMS/cM=
41,18,eYQuv06fjk0jwA78FWayBq9JSqI=,Gso0ppL9cYuMgj3/G4a1C5pgva0=
41,17,eYQuv06fjk0jwA78FWayBq9JSqI=,Gso0ppL9cYuMgj3/G4a1C5pgva0=
42,16,eYQuv06fjk0jwA78FWayBq9JSqI=,Gso0ppL9cYuMgj3/G4a1C5pgva0=
44,17,eYQuv06fjk0jwA78FWayBq9JSqI=,hO7CmovFibMcBiUOgDj1KEMS/cM=
41,16,eYQuv06fjk0jwA78FWayBq9JSqI=,Gso0ppL9cYuMgj3/G4a1C5pgva0=
43,18,eYQuv06fjk0jwA78FWayBq9JSqI=,Gso0ppL9cYuMgj3/G4a1C5pgva0=
41,19,eYQuv06fjk0jwA78FWayBq9JSqI=,Gso0ppL9cYuMgj3/G4a1C5pgva0=
42,19,eYQuv06fjk0jwA78FWayBq9JSqI=,Gso0ppL9cYuMgj3/G4a1C5pgva0=
46,16,eYQuv06fjk0jwA78FWayBq9JSqI=,hO7CmovFibMcBiUOgDj1KEMS/cM=
47,17,eYQuv06fjk0jwA78FWayBq9JSqI=,hO7CmovFibMcBiUOgDj1KEMS/cM=
47,18,eYQuv06fjk0jwA78FWayBq9JSqI=,hO7CmovFibMcBiUOgDj1KEMS/cM=
45,16,eYQuv06fjk0jwA78FWayBq9JSqI=,hO7CmovFibMcBiUOgDj1KEMS/cM=
43,16,eYQuv06fjk0jwA78FWayBq9JSqI=,Gso0ppL9cYuMgj3/G4a1C5pgva0=
44,16,eYQuv06fjk0jwA78FWayBq9JSqI=,hO7CmovFibMcBiUOgDj1KEMS/cM=
43,19,eYQuv06fjk0jwA78FWayBq9JSqI=,Gso0ppL9cYuMgj3/G4a1C5pgva0=
47,19,eYQuv06fjk0jwA78FWayBq9JSqI=,hO7CmovFibMcBiUOgDj1KEMS/cM=
46,19,eYQuv06fjk0jwA78FWayBq9JSqI=,hO7CmovFibMcBiUOgDj1KEMS/cM=
45,19,eYQuv06fjk0jwA78FWayBq9JSqI=,hO7CmovFibMcBiUOgDj1KEMS/cM=
44,19,eYQuv06fjk0jwA78FWayBq9JSqI=,hO7CmovFibMcBiUOgDj1KEMS/cM=
47,16,eYQuv06fjk0jwA78FWayBq9JSqI=,hO7CmovFibMcBiUOgDj1KEMS/cM=
34,19,eYQuv06fjk0jwA78FWayBq9JSqI=,9pc9cup5CBUwHpfLPcRcsJAMDCE=
32,19,eYQuv06fjk0jwA78FWayBq9JSqI=,9pc9cup5CBUwHpfLPcRcsJAMDCE=
32,18,eYQuv06fjk0jwA78FWayBq9JSqI=,9pc9cup5CBUwHpfLPcRcsJAMDCE=
33,18,eYQuv06fjk0jwA78FWayBq9JSqI=,9pc9cup5CBUwHpfLPcRcsJAMDCE=
32,16,eYQuv06fjk0jwA78FWayBq9JSqI=,9pc9cup5CBUwHpfLPcRcsJAMDCE=
32,17,eYQuv06fjk0jwA78FWayBq9JSqI=,9pc9cup5CBUwHpfLPcRcsJAMDCE=
33,19,eYQuv06fjk0jwA78FWayBq9JSqI=,9pc9cup5CBUwHpfLPcRcsJAMDCE=
40,17,eYQuv06fjk0jwA78FWayBq9JSqI=,Gso0ppL9cYuMgj3/G4a1C5pgva0=
33,17,eYQuv06fjk0jwA78FWayBq9JSqI=,9pc9cup5CBUwHpfLPcRcsJAMDCE=
35,19,eYQuv06fjk0jwA78FWayBq9JSqI=,9pc9cup5CBUwHpfLPcRcsJAMDCE=
34,18,eYQuv06fjk0jwA78FWayBq9JSqI=,9pc9cup5CBUwHpfLPcRcsJAMDCE=
40,19,eYQuv06fjk0jwA78FWayBq9JSqI=,Gso0ppL9cYuMgj3/G4a1C5pgva0=
40,18,eYQuv06fjk0jwA78FWayBq9JSqI=,Gso0ppL9cYuMgj3/G4a1C5pgva0=
40,16,eYQuv06fjk0jwA78FWayBq9JSqI=,Gso0ppL9cYuMgj3/G4a1C5pgva0=
39,19,eYQuv06fjk0jwA78FWayBq9JSqI=,2BWvKB8KA/ozBosxsv9W1xJidxM=
33,16,eYQuv06fjk0jwA78FWayBq9JSqI=,9pc9cup5CBUwHpfLPcRcsJAMDCE=
38,19,eYQuv06fjk0jwA78FWayBq9JSqI=,2BWvKB8KA/ozBosxsv9W1xJidxM=
34,16,eYQuv06fjk0jwA78FWayBq9JSqI=,9pc9cup5CBUwHpfLPcRcsJAMDCE=
37,19,eYQuv06fjk0jwA78FWayBq9JSqI=,2BWvKB8KA/ozBosxsv9W1xJidxM=
35,18,eYQuv06fjk0jwA78FWayBq9JSqI=,9pc9cup5CBUwHpfLPcRcsJAMDCE=
36,19,eYQuv06fjk0jwA78FWayBq9JSqI=,2BWvKB8KA/ozBosxsv9W1xJidxM=
39,18,eYQuv06fjk0jwA78FWayBq9JSqI=,2BWvKB8KA/ozBosxsv9W1xJidxM=
34,17,eYQuv06fjk0jwA78FWayBq9JSqI=,9pc9cup5CBUwHpfLPcRcsJAMDCE=
35,16,eYQuv06fjk0jwA78FWayBq9JSqI=,9pc9cup5CBUwHpfLPcRcsJAMDCE=
38,18,eYQuv06fjk0jwA78FWayBq9JSqI=,2BWvKB8KA/ozBosxsv9W1xJidxM=
39,17,eYQuv06fjk0jwA78FWayBq9JSqI=,2BWvKB8KA/ozBosxsv9W1xJidxM=
36,16,eYQuv06fjk0jwA78FWayBq9JSqI=,2BWvKB8KA/ozBosxsv9W1xJidxM=
35,17,eYQuv06fjk0jwA78FWayBq9JSqI=,9pc9cup5CBUwHpfLPcRcsJAMDCE=
39,16,eYQuv06fjk0jwA78FWayBq9JSqI=,2BWvKB8KA/ozBosxsv9W1xJidxM=
36,18,eYQuv06fjk0jwA78FWayBq9JSqI=,2BWvKB8KA/ozBosxsv9W1xJidxM=
37,18,eYQuv06fjk0jwA78FWayBq9JSqI=,2BWvKB8KA/ozBosxsv9W1xJidxM=
38,16,eYQuv06fjk0jwA78FWayBq9JSqI=,2BWvKB8KA/ozBosxsv9W1xJidxM=
37,16,eYQuv06fjk0jwA78FWayBq9JSqI=,2BWvKB8KA/ozBosxsv9W1xJidxM=
37,17,eYQuv06fjk0jwA78FWayBq9JSqI=,2BWvKB8KA/ozBosxsv9W1xJidxM=
38,17,eYQuv06fjk0jwA78FWayBq9JSqI=,2BWvKB8KA/ozBosxsv9W1xJidxM=
36,17,eYQuv06fjk0jwA78FWayBq9JSqI=,2BWvKB8KA/ozBosxsv9W1xJidxM=
53,19,H/6XXGQi6VBONpHvNwaewjNPWqw=,svXYyStlRL/BwiSFtIFRC6AZvjA=
55,18,H/6XXGQi6VBONpHvNwaewjNPWqw=,svXYyStlRL/BwiSFtIFRC6AZvjA=
54,17,H/6XXGQi6VBONpHvNwaewjNPWqw=,svXYyStlRL/BwiSFtIFRC6AZvjA=
54,18,H/6XXGQi6VBONpHvNwaewjNPWqw=,svXYyStlRL/BwiSFtIFRC6AZvjA=
55,16,H/6XXGQi6VBONpHvNwaewjNPWqw=,svXYyStlRL/BwiSFtIFRC6AZvjA=
54,16,H/6XXGQi6VBONpHvNwaewjNPWqw=,svXYyStlRL/BwiSFtIFRC6AZvjA=
53,18,H/6XXGQi6VBONpHvNwaewjNPWqw=,svXYyStlRL/BwiSFtIFRC6AZvjA=
53,17,H/6XXGQi6VBONpHvNwaewjNPWqw=,svXYyStlRL/BwiSFtIFRC6AZvjA=
55,19,H/6XXGQi6VBONpHvNwaewjNPWqw=,svXYyStlRL/BwiSFtIFRC6AZvjA=
53,16,H/6XXGQi6VBONpHvNwaewjNPWqw=,svXYyStlRL/BwiSFtIFRC6AZvjA=
54,19,H/6XXGQi6VBONpHvNwaewjNPWqw=,svXYyStlRL/BwiSFtIFRC6AZvjA=
55,17,H/6XXGQi6VBONpHvNwaewjNPWqw=,svXYyStlRL/BwiSFtIFRC6AZvjA=
51,16,H/6XXGQi6VBONpHvNwaewjNPWqw=,jG8ej52PMFBHaZmL0xmL0FS6vU0=
48,17,H/6XXGQi6VBONpHvNwaewjNPWqw=,jG8ej52PMFBHaZmL0xmL0FS6vU0=
49,17,H/6XXGQi6VBONpHvNwaewjNPWqw=,jG8ej52PMFBHaZmL0xmL0FS6vU0=
49,18,H/6XXGQi6VBONpHvNwaewjNPWqw=,jG8ej52PMFBHaZmL0xmL0FS6vU0=
50,17,H/6XXGQi6VBONpHvNwaewjNPWqw=,jG8ej52PMFBHaZmL0xmL0FS6vU0=
50,16,H/6XXGQi6VBONpHvNwaewjNPWqw=,jG8ej52PMFBHaZmL0xmL0FS6vU0=
52,18,H/6XXGQi6VBONpHvNwaewjNPWqw=,svXYyStlRL/BwiSFtIFRC6AZvjA=
49,19,H/6XXGQi6VBONpHvNwaewjNPWqw=,jG8ej52PMFBHaZmL0xmL0FS6vU0=
48,19,H/6XXGQi6VBONpHvNwaewjNPWqw=,jG8ej52PMFBHaZmL0xmL0FS6vU0=
51,18,H/6XXGQi6VBONpHvNwaewjNPWqw=,jG8ej52PMFBHaZmL0xmL0FS6vU0=
50,19,H/6XXGQi6VBONpHvNwaewjNPWqw=,jG8ej52PMFBHaZmL0xmL0FS6vU0=
49,16,H/6XXGQi6VBONpHvNwaewjNPWqw=,jG8ej52PMFBHaZmL0xmL0FS6vU0=
51,19,H/6XXGQi6VBONpHvNwaewjNPWqw=,jG8ej52PMFBHaZmL0xmL0FS6vU0=
52,17,H/6XXGQi6VBONpHvNwaewjNPWqw=,svXYyStlRL/BwiSFtIFRC6AZvjA=
48,18,H/6XXGQi6VBONpHvNwaewjNPWqw=,jG8ej52PMFBHaZmL0xmL0FS6vU0=
50,18,H/6XXGQi6VBONpHvNwaewjNPWqw=,jG8ej52PMFBHaZmL0xmL0FS6vU0=
48,16,H/6XXGQi6VBONpHvNwaewjNPWqw=,jG8ej52PMFBHaZmL0xmL0FS6vU0=
51,17,H/6XXGQi6VBONpHvNwaewjNPWqw=,jG8ej52PMFBHaZmL0xmL0FS6vU0=
52,19,H/6XXGQi6VBONpHvNwaewjNPWqw=,svXYyStlRL/BwiSFtIFRC6AZvjA=
52,16,H/6XXGQi6VBONpHvNwaewjNPWqw=,svXYyStlRL/BwiSFtIFRC6AZvjA=
57,1,KBZnkQW+qH+2XI2iUh6bEUVLNow=,dCfJXvIaebBHQUDT9Vzzn4kUM3c=
58,2,KBZnkQW+qH+2XI2iUh6bEUVLNow=,dCfJXvIaebBHQUDT9Vzzn4kUM3c=
58,1,KBZnkQW+qH+2XI2iUh6bEUVLNow=,dCfJXvIaebBHQUDT9Vzzn4kUM3c=
57,2,KBZnkQW+qH+2XI2iUh6bEUVLNow=,dCfJXvIaebBHQUDT9Vzzn4kUM3c=
56,1,KBZnkQW+qH+2XI2iUh6bEUVLNow=,dCfJXvIaebBHQUDT9Vzzn4kUM3c=
53,0,KBZnkQW+qH+2XI2iUh6bEUVLNow=,/zdBMmC0yRhAdYrfa1Oqj5qVpqU=
54,2,KBZnkQW+qH+2XI2iUh6bEUVLNow=,/zdBMmC0yRhAdYrfa1Oqj5qVpqU=
53,2,KBZnkQW+qH+2XI2iUh6bEUVLNow=,/zdBMmC0yRhAdYrfa1Oqj5qVpqU=
54,0,KBZnkQW+qH+2XI2iUh6bEUVLNow=,/zdBMmC0yRhAdYrfa1Oqj5qVpqU=
55,1,KBZnkQW+qH+2XI2iUh6bEUVLNow=,/zdBMmC0yRhAdYrfa1Oqj5qVpqU=
54,1,KBZnkQW+qH+2XI2iUh6bEUVLNow=,/zdBMmC0yRhAdYrfa1Oqj5qVpqU=
53,1,KBZnkQW+qH+2XI2iUh6bEUVLNow=,/zdBMmC0yRhAdYrfa1Oqj5qVpqU=
56,2,KBZnkQW+qH+2XI2iUh6bEUVLNow=,dCfJXvIaebBHQUDT9Vzzn4kUM3c=
55,2,KBZnkQW+qH+2XI2iUh6bEUVLNow=,/zdBMmC0yRhAdYrfa1Oqj5qVpqU=
57,3,KBZnkQW+qH+2XI2iUh6bEUVLNow=,dCfJXvIaebBHQUDT9Vzzn4kUM3c=
58,3,KBZnkQW+qH+2XI2iUh6bEUVLNow=,dCfJXvIaebBHQUDT9Vzzn4kUM3c=
57,4,KBZnkQW+qH+2XI2iUh6bEUVLNow=,80n2jyWhYVcmCjPebzBOABcRYWM=
58,4,KBZnkQW+qH+2XI2iUh6bEUVLNow=,80n2jyWhYVcmCjPebzBOABcRYWM=
58,6,h7pIqB9ykR/WizSiyDKNUvBnSyo=,80n2jyWhYVcmCjPebzBOABcRYWM=
57,5,h7pIqB9ykR/WizSiyDKNUvBnSyo=,80n2jyWhYVcmCjPebzBOABcRYWM=
58,5,h7pIqB9ykR/WizSiyDKNUvBnSyo=,80n2jyWhYVcmCjPebzBOABcRYWM=
57,6,h7pIqB9ykR/WizSiyDKNUvBnSyo=,80n2jyWhYVcmCjPebzBOABcRYWM=
49,2,KBZnkQW+qH+2XI2iUh6bEUVLNow=,cNwZGOP0jETGRGenptxslyy4I/8=
50,2,KBZnkQW+qH+2XI2iUh6bEUVLNow=,cNwZGOP0jETGRGenptxslyy4I/8=
51,2,KBZnkQW+qH+2XI2iUh6bEUVLNow=,cNwZGOP0jETGRGenptxslyy4I/8=
52,2,KBZnkQW+qH+2XI2iUh6bEUVLNow=,/zdBMmC0yRhAdYrfa1Oqj5qVpqU=
52,1,KBZnkQW+qH+2XI2iUh6bEUVLNow=,/zdBMmC0yRhAdYrfa1Oqj5qVpqU=
49,1,KBZnkQW+qH+2XI2iUh6bEUVLNow=,cNwZGOP0jETGRGenptxslyy4I/8=
50,1,KBZnkQW+qH+2XI2iUh6bEUVLNow=,cNwZGOP0jETGRGenptxslyy4I/8=
51,1,KBZnkQW+qH+2XI2iUh6bEUVLNow=,cNwZGOP0jETGRGenptxslyy4I/8=
49,5,M/6aWhEFn4P9o8PQbVOMfuel2O4=,4nl5l+Cctlg1omgULuaCGuSGiaA=
49,4,KBZnkQW+qH+2XI2iUh6bEUVLNow=,4nl5l+Cctlg1omgULuaCGuSGiaA=
50,3,KBZnkQW+qH+2XI2iUh6bEUVLNow=,cNwZGOP0jETGRGenptxslyy4I/8=
50,5,M/6aWhEFn4P9o8PQbVOMfuel2O4=,4nl5l+Cctlg1omgULuaCGuSGiaA=
49,3,KBZnkQW+qH+2XI2iUh6bEUVLNow=,cNwZGOP0jETGRGenptxslyy4I/8=
50,4,KBZnkQW+qH+2XI2iUh6bEUVLNow=,4nl5l+Cctlg1omgULuaCGuSGiaA=
50,6,M/6aWhEFn4P9o8PQbVOMfuel2O4=,4nl5l+Cctlg1omgULuaCGuSGiaA=
49,6,M/6aWhEFn4P9o8PQbVOMfuel2O4=,4nl5l+Cctlg1omgULuaCGuSGiaA=
51,5,M/6aWhEFn4P9o8PQbVOMfuel2O4=,4nl5l+Cctlg1omgULuaCGuSGiaA=
56,3,KBZnkQW+qH+2XI2iUh6bEUVLNow=,dCfJXvIaebBHQUDT9Vzzn4kUM3c=
51,6,M/6aWhEFn4P9o8PQbVOMfuel2O4=,4nl5l+Cctlg1omgULuaCGuSGiaA=
56,6,M/6aWhEFn4P9o8PQbVOMfuel2O4=,80n2jyWhYVcmCjPebzBOABcRYWM=
55,5,M/6aWhEFn4P9o8PQbVOMfuel2O4=,sbplo8kXaWZhwXuXCddgp3nV9Zc=
54,5,M/6aWhEFn4P9o8PQbVOMfuel2O4=,sbplo8kXaWZhwXuXCddgp3nV9Zc=
53,4,KBZnkQW+qH+2XI2iUh6bEUVLNow=,sbplo8kXaWZhwXuXCddgp3nV9Zc=
54,6,M/6aWhEFn4P9o8PQbVOMfuel2O4=,sbplo8kXaWZhwXuXCddgp3nV9Zc=
56,5,M/6aWhEFn4P9o8PQbVOMfuel2O4=,80n2jyWhYVcmCjPebzBOABcRYWM=
51,3,KBZnkQW+qH+2XI2iUh6bEUVLNow=,cNwZGOP0jETGRGenptxslyy4I/8=
52,4,KBZnkQW+qH+2XI2iUh6bEUVLNow=,sbplo8kXaWZhwXuXCddgp3nV9Zc=
51,4,KBZnkQW+qH+2XI2iUh6bEUVLNow=,4nl5l+Cctlg1omgULuaCGuSGiaA=
54,4,KBZnkQW+qH+2XI2iUh6bEUVLNow=,sbplo8kXaWZhwXuXCddgp3nV9Zc=
55,6,M/6aWhEFn4P9o8PQbVOMfuel2O4=,sbplo8kXaWZhwXuXCddgp3nV9Zc=
55,4,KBZnkQW+qH+2XI2iUh6bEUVLNow=,sbplo8kXaWZhwXuXCddgp3nV9Zc=
56,4,KBZnkQW+qH+2XI2iUh6bEUVLNow=,80n2jyWhYVcmCjPebzBOABcRYWM=
52,3,KBZnkQW+qH+2XI2iUh6bEUVLNow=,/zdBMmC0yRhAdYrfa1Oqj5qVpqU=
52,5,M/6aWhEFn4P9o8PQbVOMfuel2O4=,sbplo8kXaWZhwXuXCddgp3nV9Zc=
53,5,M/6aWhEFn4P9o8PQbVOMfuel2O4=,sbplo8kXaWZhwXuXCddgp3nV9Zc=
52,6,M/6aWhEFn4P9o8PQbVOMfuel2O4=,sbplo8kXaWZhwXuXCddgp3nV9Zc=
53,6,M/6aWhEFn4P9o8PQbVOMfuel2O4=,sbplo8kXaWZhwXuXCddgp3nV9Zc=
53,3,KBZnkQW+qH+2XI2iUh6bEUVLNow=,/zdBMmC0yRhAdYrfa1Oqj5qVpqU=
55,3,KBZnkQW+qH+2XI2iUh6bEUVLNow=,/zdBMmC0yRhAdYrfa1Oqj5qVpqU=
54,3,KBZnkQW+qH+2XI2iUh6bEUVLNow=,/zdBMmC0yRhAdYrfa1Oqj5qVpqU=
54,10,M/6aWhEFn4P9o8PQbVOMfuel2O4=,AiK7z4Nnic9PMpyywtblk3vxW20=
53,8,M/6aWhEFn4P9o8PQbVOMfuel2O4=,AiK7z4Nnic9PMpyywtblk3vxW20=
54,9,M/6aWhEFn4P9o8PQbVOMfuel2O4=,AiK7z4Nnic9PMpyywtblk3vxW20=
53,7,M/6aWhEFn4P9o8PQbVOMfuel2O4=,sbplo8kXaWZhwXuXCddgp3nV9Zc=
54,7,M/6aWhEFn4P9o8PQbVOMfuel2O4=,sbplo8kXaWZhwXuXCddgp3nV9Zc=
53,9,M/6aWhEFn4P9o8PQbVOMfuel2O4=,AiK7z4Nnic9PMpyywtblk3vxW20=
53,10,M/6aWhEFn4P9o8PQbVOMfuel2O4=,AiK7z4Nnic9PMpyywtblk3vxW20=
53,11,KBZnkQW+qH+2XI2iUh6bEUVLNow=,AiK7z4Nnic9PMpyywtblk3vxW20=
54,11,KBZnkQW+qH+2XI2iUh6bEUVLNow=,AiK7z4Nnic9PMpyywtblk3vxW20=
54,8,M/6aWhEFn4P9o8PQbVOMfuel2O4=,AiK7z4Nnic9PMpyywtblk3vxW20=
54,14,KBZnkQW+qH+2XI2iUh6bEUVLNow=,bQBDQV/iFd9lC8ZCaHODK/PHkT0=
53,14,KBZnkQW+qH+2XI2iUh6bEUVLNow=,bQBDQV/iFd9lC8ZCaHODK/PHkT0=
54,13,KBZnkQW+qH+2XI2iUh6bEUVLNow=,bQBDQV/iFd9lC8ZCaHODK/PHkT0=
53,13,KBZnkQW+qH+2XI2iUh6bEUVLNow=,bQBDQV/iFd9lC8ZCaHODK/PHkT0=
54,12,KBZnkQW+qH+2XI2iUh6bEUVLNow=,bQBDQV/iFd9lC8ZCaHODK/PHkT0=
53,12,KBZnkQW+qH+2XI2iUh6bEUVLNow=,bQBDQV/iFd9lC8ZCaHODK/PHkT0=
55,13,KBZnkQW+qH+2XI2iUh6bEUVLNow=,bQBDQV/iFd9lC8ZCaHODK/PHkT0=
55,14,KBZnkQW+qH+2XI2iUh6bEUVLNow=,bQBDQV/iFd9lC8ZCaHODK/PHkT0=
48,2,KBZnkQW+qH+2XI2iUh6bEUVLNow=,cNwZGOP0jETGRGenptxslyy4I/8=
48,5,KBZnkQW+qH+2XI2iUh6bEUVLNow=,4nl5l+Cctlg1omgULuaCGuSGiaA=
48,4,KBZnkQW+qH+2XI2iUh6bEUVLNow=,4nl5l+Cctlg1omgULuaCGuSGiaA=
48,1,KBZnkQW+qH+2XI2iUh6bEUVLNow=,cNwZGOP0jETGRGenptxslyy4I/8=
53,15,KBZnkQW+qH+2XI2iUh6bEUVLNow=,bQBDQV/iFd9lC8ZCaHODK/PHkT0=
48,3,KBZnkQW+qH+2XI2iUh6bEUVLNow=,cNwZGOP0jETGRGenptxslyy4I/8=
54,15,KBZnkQW+qH+2XI2iUh6bEUVLNow=,bQBDQV/iFd9lC8ZCaHODK/PHkT0=
55,15,KBZnkQW+qH+2XI2iUh6bEUVLNow=,bQBDQV/iFd9lC8ZCaHODK/PHkT0=
56,0,KBZnkQW+qH+2XI2iUh6bEUVLNow=,dCfJXvIaebBHQUDT9Vzzn4kUM3c=
57,0,KBZnkQW+qH+2XI2iUh6bEUVLNow=,dCfJXvIaebBHQUDT9Vzzn4kUM3c=
58,0,KBZnkQW+qH+2XI2iUh6bEUVLNow=,dCfJXvIaebBHQUDT9Vzzn4kUM3c=
48,6,KBZnkQW+qH+2XI2iUh6bEUVLNow=,4nl5l+Cctlg1omgULuaCGuSGiaA=
55,0,KBZnkQW+qH+2XI2iUh6bEUVLNow=,/zdBMmC0yRhAdYrfa1Oqj5qVpqU=
59,5,KBZnkQW+qH+2XI2iUh6bEUVLNow=,80n2jyWhYVcmCjPebzBOABcRYWM=
59,6,KBZnkQW+qH+2XI2iUh6bEUVLNow=,80n2jyWhYVcmCjPebzBOABcRYWM=
59,0,KBZnkQW+qH+2XI2iUh6bEUVLNow=,dCfJXvIaebBHQUDT9Vzzn4kUM3c=
59,3,KBZnkQW+qH+2XI2iUh6bEUVLNow=,dCfJXvIaebBHQUDT9Vzzn4kUM3c=
59,4,KBZnkQW+qH+2XI2iUh6bEUVLNow=,80n2jyWhYVcmCjPebzBOABcRYWM=
59,1,KBZnkQW+qH+2XI2iUh6bEUVLNow=,dCfJXvIaebBHQUDT9Vzzn4kUM3c=
59,2,KBZnkQW+qH+2XI2iUh6bEUVLNow=,dCfJXvIaebBHQUDT9Vzzn4kUM3c=
52,0,KBZnkQW+qH+2XI2iUh6bEUVLNow=,/zdBMmC0yRhAdYrfa1Oqj5qVpqU=
49,0,KBZnkQW+qH+2XI2iUh6bEUVLNow=,cNwZGOP0jETGRGenptxslyy4I/8=
50,0,KBZnkQW+qH+2XI2iUh6bEUVLNow=,cNwZGOP0jETGRGenptxslyy4I/8=
51,0,KBZnkQW+qH+2XI2iUh6bEUVLNow=,cNwZGOP0jETGRGenptxslyy4I/8=
48,0,KBZnkQW+qH+2XI2iUh6bEUVLNow=,cNwZGOP0jETGRGenptxslyy4I/8=
48,9,KBZnkQW+qH+2XI2iUh6bEUVLNow=,S6s71oe+f0ZKX6QF1UkWD5cdBSE=
52,9,KBZnkQW+qH+2XI2iUh6bEUVLNow=,AiK7z4Nnic9PMpyywtblk3vxW20=
56,11,KBZnkQW+qH+2XI2iUh6bEUVLNow=,r8AnBuR/0kHLKeaLm8FdTpS7q8c=
51,10,KBZnkQW+qH+2XI2iUh6bEUVLNow=,S6s71oe+f0ZKX6QF1UkWD5cdBSE=
49,9,KBZnkQW+qH+2XI2iUh6bEUVLNow=,S6s71oe+f0ZKX6QF1UkWD5cdBSE=
51,8,KBZnkQW+qH+2XI2iUh6bEUVLNow=,S6s71oe+f0ZKX6QF1UkWD5cdBSE=
52,10,KBZnkQW+qH+2XI2iUh6bEUVLNow=,AiK7z4Nnic9PMpyywtblk3vxW20=
51,7,KBZnkQW+qH+2XI2iUh6bEUVLNow=,4nl5l+Cctlg1omgULuaCGuSGiaA=
50,8,KBZnkQW+qH+2XI2iUh6bEUVLNow=,S6s71oe+f0ZKX6QF1UkWD5cdBSE=
59,10,KBZnkQW+qH+2XI2iUh6bEUVLNow=,r8AnBuR/0kHLKeaLm8FdTpS7q8c=
58,10,h7pIqB9ykR/WizSiyDKNUvBnSyo=,r8AnBuR/0kHLKeaLm8FdTpS7q8c=
50,10,KBZnkQW+qH+2XI2iUh6bEUVLNow=,S6s71oe+f0ZKX6QF1UkWD5cdBSE=
50,9,KBZnkQW+qH+2XI2iUh6bEUVLNow=,S6s71oe+f0ZKX6QF1UkWD5cdBSE=
50,7,KBZnkQW+qH+2XI2iUh6bEUVLNow=,4nl5l+Cctlg1omgULuaCGuSGiaA=
57,10,h7pIqB9ykR/WizSiyDKNUvBnSyo=,r8AnBuR/0kHLKeaLm8FdTpS7q8c=
49,10,KBZnkQW+qH+2XI2iUh6bEUVLNow=,S6s71oe+f0ZKX6QF1UkWD5cdBSE=
56,10,M/6aWhEFn4P9o8PQbVOMfuel2O4=,r8AnBuR/0kHLKeaLm8FdTpS7q8c=
51,9,KBZnkQW+qH+2XI2iUh6bEUVLNow=,S6s71oe+f0ZKX6QF1UkWD5cdBSE=
49,8,KBZnkQW+qH+2XI2iUh6bEUVLNow=,S6s71oe+f0ZKX6QF1UkWD5cdBSE=
48,10,KBZnkQW+qH+2XI2iUh6bEUVLNow=,S6s71oe+f0ZKX6QF1UkWD5cdBSE=
59,9,KBZnkQW+qH+2XI2iUh6bEUVLNow=,r8AnBuR/0kHLKeaLm8FdTpS7q8c=
49,7,KBZnkQW+qH+2XI2iUh6bEUVLNow=,4nl5l+Cctlg1omgULuaCGuSGiaA=
55,10,M/6aWhEFn4P9o8PQbVOMfuel2O4=,AiK7z4Nnic9PMpyywtblk3vxW20=
58,9,h7pIqB9ykR/WizSiyDKNUvBnSyo=,r8AnBuR/0kHLKeaLm8FdTpS7q8c=
52,7,KBZnkQW+qH+2XI2iUh6bEUVLNow=,sbplo8kXaWZhwXuXCddgp3nV9Zc=
57,9,h7pIqB9ykR/WizSiyDKNUvBnSyo=,r8AnBuR/0kHLKeaLm8FdTpS7q8c=
48,8,KBZnkQW+qH+2XI2iUh6bEUVLNow=,S6s71oe+f0ZKX6QF1UkWD5cdBSE=
56,9,M/6aWhEFn4P9o8PQbVOMfuel2O4=,r8AnBuR/0kHLKeaLm8FdTpS7q8c=
59,8,KBZnkQW+qH+2XI2iUh6bEUVLNow=,r8AnBuR/0kHLKeaLm8FdTpS7q8c=
58,8,h7pIqB9ykR/WizSiyDKNUvBnSyo=,r8AnBuR/0kHLKeaLm8FdTpS7q8c=
48,7,KBZnkQW+qH+2XI2iUh6bEUVLNow=,4nl5l+Cctlg1omgULuaCGuSGiaA=
52,8,KBZnkQW+qH+2XI2iUh6bEUVLNow=,AiK7z4Nnic9PMpyywtblk3vxW20=
55,9,M/6aWhEFn4P9o8PQbVOMfuel2O4=,AiK7z4Nnic9PMpyywtblk3vxW20=
55,11,KBZnkQW+qH+2XI2iUh6bEUVLNow=,AiK7z4Nnic9PMpyywtblk3vxW20=
55,12,KBZnkQW+qH+2XI2iUh6bEUVLNow=,bQBDQV/iFd9lC8ZCaHODK/PHkT0=
56,8,M/6aWhEFn4P9o8PQbVOMfuel2O4=,r8AnBuR/0kHLKeaLm8FdTpS7q8c=
59,7,KBZnkQW+qH+2XI2iUh6bEUVLNow=,80n2jyWhYVcmCjPebzBOABcRYWM=
59,11,KBZnkQW+qH+2XI2iUh6bEUVLNow=,r8AnBuR/0kHLKeaLm8FdTpS7q8c=
57,8,M/6aWhEFn4P9o8PQbVOMfuel2O4=,r8AnBuR/0kHLKeaLm8FdTpS7q8c=
58,11,KBZnkQW+qH+2XI2iUh6bEUVLNow=,r8AnBuR/0kHLKeaLm8FdTpS7q8c=
58,7,h7pIqB9ykR/WizSiyDKNUvBnSyo=,80n2jyWhYVcmCjPebzBOABcRYWM=
57,11,KBZnkQW+qH+2XI2iUh6bEUVLNow=,r8AnBuR/0kHLKeaLm8FdTpS7q8c=
55,8,M/6aWhEFn4P9o8PQbVOMfuel2O4=,AiK7z4Nnic9PMpyywtblk3vxW20=
57,7,M/6aWhEFn4P9o8PQbVOMfuel2O4=,80n2jyWhYVcmCjPebzBOABcRYWM=
56,7,M/6aWhEFn4P9o8PQbVOMfuel2O4=,80n2jyWhYVcmCjPebzBOABcRYWM=
55,7,M/6aWhEFn4P9o8PQbVOMfuel2O4=,sbplo8kXaWZhwXuXCddgp3nV9Zc=
48,15,KBZnkQW+qH+2XI2iUh6bEUVLNow=,vXxbPPXJ3D7Fs+ztsvy6YxizL9A=
49,15,KBZnkQW+qH+2XI2iUh6bEUVLNow=,vXxbPPXJ3D7Fs+ztsvy6YxizL9A=
50,12,KBZnkQW+qH+2XI2iUh6bEUVLNow=,vXxbPPXJ3D7Fs+ztsvy6YxizL9A=
51,14,KBZnkQW+qH+2XI2iUh6bEUVLNow=,vXxbPPXJ3D7Fs+ztsvy6YxizL9A=
51,11,KBZnkQW+qH+2XI2iUh6bEUVLNow=,S6s71oe+f0ZKX6QF1UkWD5cdBSE=
50,14,KBZnkQW+qH+2XI2iUh6bEUVLNow=,vXxbPPXJ3D7Fs+ztsvy6YxizL9A=
51,13,KBZnkQW+qH+2XI2iUh6bEUVLNow=,vXxbPPXJ3D7Fs+ztsvy6YxizL9A=
52,15,KBZnkQW+qH+2XI2iUh6bEUVLNow=,bQBDQV/iFd9lC8ZCaHODK/PHkT0=
48,12,KBZnkQW+qH+2XI2iUh6bEUVLNow=,vXxbPPXJ3D7Fs+ztsvy6YxizL9A=
49,12,KBZnkQW+qH+2XI2iUh6bEUVLNow=,vXxbPPXJ3D7Fs+ztsvy6YxizL9A=
50,13,KBZnkQW+qH+2XI2iUh6bEUVLNow=,vXxbPPXJ3D7Fs+ztsvy6YxizL9A=
51,15,KBZnkQW+qH+2XI2iUh6bEUVLNow=,vXxbPPXJ3D7Fs+ztsvy6YxizL9A=
50,15,KBZnkQW+qH+2XI2iUh6bEUVLNow=,vXxbPPXJ3D7Fs+ztsvy6YxizL9A=
52,12,KBZnkQW+qH+2XI2iUh6bEUVLNow=,bQBDQV/iFd9lC8ZCaHODK/PHkT0=
51,12,KBZnkQW+qH+2XI2iUh6bEUVLNow=,vXxbPPXJ3D7Fs+ztsvy6YxizL9A=
52,11,KBZnkQW+qH+2XI2iUh6bEUVLNow=,AiK7z4Nnic9PMpyywtblk3vxW20=
52,14,KBZnkQW+qH+2XI2iUh6bEUVLNow=,bQBDQV/iFd9lC8ZCaHODK/PHkT0=
49,13,KBZnkQW+qH+2XI2iUh6bEUVLNow=,vXxbPPXJ3D7Fs+ztsvy6YxizL9A=
50,11,KBZnkQW+qH+2XI2iUh6bEUVLNow=,S6s71oe+f0ZKX6QF1UkWD5cdBSE=
49,11,KBZnkQW+qH+2XI2iUh6bEUVLNow=,S6s71oe+f0ZKX6QF1UkWD5cdBSE=
48,11,KBZnkQW+qH+2XI2iUh6bEUVLNow=,S6s71oe+f0ZKX6QF1UkWD5cdBSE=
49,14,KBZnkQW+qH+2XI2iUh6bEUVLNow=,vXxbPPXJ3D7Fs+ztsvy6YxizL9A=
48,13,KBZnkQW+qH+2XI2iUh6bEUVLNow=,vXxbPPXJ3D7Fs+ztsvy6YxizL9A=
48,14,KBZnkQW+qH+2XI2iUh6bEUVLNow=,vXxbPPXJ3D7Fs+ztsvy6YxizL9A=
52,13,KBZnkQW+qH+2XI2iUh6bEUVLNow=,bQBDQV/iFd9lC8ZCaHODK/PHkT0=
62,6,KBZnkQW+qH+2XI2iUh6bEUVLNow=,H0DRKmHARvojgJPnMGfe7TdcF88=
61,6,KBZnkQW+qH+2XI2iUh6bEUVLNow=,H0DRKmHARvojgJPnMGfe7TdcF88=
60,6,KBZnkQW+qH+2XI2iUh6bEUVLNow=,H0DRKmHARvojgJPnMGfe7TdcF88=
62,5,KBZnkQW+qH+2XI2iUh6bEUVLNow=,H0DRKmHARvojgJPnMGfe7TdcF88=
61,5,KBZnkQW+qH+2XI2iUh6bEUVLNow=,H0DRKmHARvojgJPnMGfe7TdcF88=
60,5,KBZnkQW+qH+2XI2iUh6bEUVLNow=,H0DRKmHARvojgJPnMGfe7TdcF88=
62,7,KBZnkQW+qH+2XI2iUh6bEUVLNow=,H0DRKmHARvojgJPnMGfe7TdcF88=
61,7,KBZnkQW+qH+2XI2iUh6bEUVLNow=,H0DRKmHARvojgJPnMGfe7TdcF88=
60,7,KBZnkQW+qH+2XI2iUh6bEUVLNow=,H0DRKmHARvojgJPnMGfe7TdcF88=
63,6,KBZnkQW+qH+2XI2iUh6bEUVLNow=,H0DRKmHARvojgJPnMGfe7TdcF88=
63,5,KBZnkQW+qH+2XI2iUh6bEUVLNow=,H0DRKmHARvojgJPnMGfe7TdcF88=
63,3,KBZnkQW+qH+2XI2iUh6bEUVLNow=,a+Ud2zCogZKPKshoGB6kUYNnEiM=
63,4,KBZnkQW+qH+2XI2iUh6bEUVLNow=,H0DRKmHARvojgJPnMGfe7TdcF88=
62,4,KBZnkQW+qH+2XI2iUh6bEUVLNow=,H0DRKmHARvojgJPnMGfe7TdcF88=
60,4,KBZnkQW+qH+2XI2iUh6bEUVLNow=,H0DRKmHARvojgJPnMGfe7TdcF88=
61,4,KBZnkQW+qH+2XI2iUh6bEUVLNow=,H0DRKmHARvojgJPnMGfe7TdcF88=
63,1,KBZnkQW+qH+2XI2iUh6bEUVLNow=,a+Ud2zCogZKPKshoGB6kUYNnEiM=
61,0,KBZnkQW+qH+2XI2iUh6bEUVLNow=,a+Ud2zCogZKPKshoGB6kUYNnEiM=
63,2,KBZnkQW+qH+2XI2iUh6bEUVLNow=,a+Ud2zCogZKPKshoGB6kUYNnEiM=
62,0,KBZnkQW+qH+2XI2iUh6bEUVLNow=,a+Ud2zCogZKPKshoGB6kUYNnEiM=
62,1,KBZnkQW+qH+2XI2iUh6bEUVLNow=,a+Ud2zCogZKPKshoGB6kUYNnEiM=
62,3,KBZnkQW+qH+2XI2iUh6bEUVLNow=,a+Ud2zCogZKPKshoGB6kUYNnEiM=
62,2,KBZnkQW+qH+2XI2iUh6bEUVLNow=,a+Ud2zCogZKPKshoGB6kUYNnEiM=
60,0,KBZnkQW+qH+2XI2iUh6bEUVLNow=,a+Ud2zCogZKPKshoGB6kUYNnEiM=
61,1,KBZnkQW+qH+2XI2iUh6bEUVLNow=,a+Ud2zCogZKPKshoGB6kUYNnEiM=
60,2,KBZnkQW+qH+2XI2iUh6bEUVLNow=,a+Ud2zCogZKPKshoGB6kUYNnEiM=
60,3,KBZnkQW+qH+2XI2iUh6bEUVLNow=,a+Ud2zCogZKPKshoGB6kUYNnEiM=
61,3,KBZnkQW+qH+2XI2iUh6bEUVLNow=,a+Ud2zCogZKPKshoGB6kUYNnEiM=
60,1,KBZnkQW+qH+2XI2iUh6bEUVLNow=,a+Ud2zCogZKPKshoGB6kUYNnEiM=
61,2,KBZnkQW+qH+2XI2iUh6bEUVLNow=,a+Ud2zCogZKPKshoGB6kUYNnEiM=
63,7,KBZnkQW+qH+2XI2iUh6bEUVLNow=,H0DRKmHARvojgJPnMGfe7TdcF88=
63,0,KBZnkQW+qH+2XI2iUh6bEUVLNow=,a+Ud2zCogZKPKshoGB6kUYNnEiM=
