-47,-144,paGIM56wgl3qJoofZ1M+w4+NncE=,1k0DeT5ZiL7RhsoP5nNCGOJ4I8A=
-34,-129,paGIM56wgl3qJoofZ1M+w4+NncE=,1k0DeT5ZiL7RhsoP5nNCGOJ4I8A=
-35,-129,paGIM56wgl3qJoofZ1M+w4+NncE=,1k0DeT5ZiL7RhsoP5nNCGOJ4I8A=
-33,-143,paGIM56wgl3qJoofZ1M+w4+NncE=,1k0DeT5ZiL7RhsoP5nNCGOJ4I8A=
-37,-129,paGIM56wgl3qJoofZ1M+w4+NncE=,1k0DeT5ZiL7RhsoP5nNCGOJ4I8A=
-36,-129,paGIM56wgl3qJoofZ1M+w4+NncE=,1k0DeT5ZiL7RhsoP5nNCGOJ4I8A=
-38,-129,paGIM56wgl3qJoofZ1M+w4+NncE=,1k0DeT5ZiL7RhsoP5nNCGOJ4I8A=
-40,-129,paGIM56wgl3qJoofZ1M+w4+NncE=,1k0DeT5ZiL7RhsoP5nNCGOJ4I8A=
-42,-129,paGIM56wgl3qJoofZ1M+w4+NncE=,1k0DeT5ZiL7RhsoP5nNCGOJ4I8A=
-39,-129,paGIM56wgl3qJoofZ1M+w4+NncE=,1k0DeT5ZiL7RhsoP5nNCGOJ4I8A=
-41,-129,paGIM56wgl3qJoofZ1M+w4+NncE=,1k0DeT5ZiL7RhsoP5nNCGOJ4I8A=
-44,-129,paGIM56wgl3qJoofZ1M+w4+NncE=,1k0DeT5ZiL7RhsoP5nNCGOJ4I8A=
-45,-129,paGIM56wgl3qJoofZ1M+w4+NncE=,1k0DeT5ZiL7RhsoP5nNCGOJ4I8A=
-43,-129,paGIM56wgl3qJoofZ1M+w4+NncE=,1k0DeT5ZiL7RhsoP5nNCGOJ4I8A=
-46,-129,paGIM56wgl3qJoofZ1M+w4+NncE=,1k0DeT5ZiL7RhsoP5nNCGOJ4I8A=
-47,-143,paGIM56wgl3qJoofZ1M+w4+NncE=,1k0DeT5ZiL7RhsoP5nNCGOJ4I8A=
-35,-142,paGIM56wgl3qJoofZ1M+w4+NncE=,1k0DeT5ZiL7RhsoP5nNCGOJ4I8A=
-34,-143,paGIM56wgl3qJoofZ1M+w4+NncE=,1k0DeT5ZiL7RhsoP5nNCGOJ4I8A=
-36,-143,paGIM56wgl3qJoofZ1M+w4+NncE=,1k0DeT5ZiL7RhsoP5nNCGOJ4I8A=
-47,-129,paGIM56wgl3qJoofZ1M+w4+NncE=,1k0DeT5ZiL7RhsoP5nNCGOJ4I8A=
-37,-143,paGIM56wgl3qJoofZ1M+w4+NncE=,1k0DeT5ZiL7RhsoP5nNCGOJ4I8A=
-38,-143,paGIM56wgl3qJoofZ1M+w4+NncE=,1k0DeT5ZiL7RhsoP5nNCGOJ4I8A=
-39,-143,paGIM56wgl3qJoofZ1M+w4+NncE=,1k0DeT5ZiL7RhsoP5nNCGOJ4I8A=
-40,-143,paGIM56wgl3qJoofZ1M+w4+NncE=,1k0DeT5ZiL7RhsoP5nNCGOJ4I8A=
-35,-143,paGIM56wgl3qJoofZ1M+w4+NncE=,1k0DeT5ZiL7RhsoP5nNCGOJ4I8A=
-42,-143,paGIM56wgl3qJoofZ1M+w4+NncE=,1k0DeT5ZiL7RhsoP5nNCGOJ4I8A=
-43,-143,paGIM56wgl3qJoofZ1M+w4+NncE=,1k0DeT5ZiL7RhsoP5nNCGOJ4I8A=
-48,-129,paGIM56wgl3qJoofZ1M+w4+NncE=,1k0DeT5ZiL7RhsoP5nNCGOJ4I8A=
-33,-129,paGIM56wgl3qJoofZ1M+w4+NncE=,1k0DeT5ZiL7RhsoP5nNCGOJ4I8A=
-46,-143,paGIM56wgl3qJoofZ1M+w4+NncE=,1k0DeT5ZiL7RhsoP5nNCGOJ4I8A=
-44,-143,paGIM56wgl3qJoofZ1M+w4+NncE=,1k0DeT5ZiL7RhsoP5nNCGOJ4I8A=
-45,-144,paGIM56wgl3qJoofZ1M+w4+NncE=,1k0DeT5ZiL7RhsoP5nNCGOJ4I8A=
-45,-143,paGIM56wgl3qJoofZ1M+w4+NncE=,1k0DeT5ZiL7RhsoP5nNCGOJ4I8A=
-41,-143,paGIM56wgl3qJoofZ1M+w4+NncE=,1k0DeT5ZiL7RhsoP5nNCGOJ4I8A=
-34,-130,paGIM56wgl3qJoofZ1M+w4+NncE=,1k0DeT5ZiL7RhsoP5nNCGOJ4I8A=
-36,-142,paGIM56wgl3qJoofZ1M+w4+NncE=,1k0DeT5ZiL7RhsoP5nNCGOJ4I8A=
-35,-130,paGIM56wgl3qJoofZ1M+w4+NncE=,1k0DeT5ZiL7RhsoP5nNCGOJ4I8A=
-36,-130,paGIM56wgl3qJoofZ1M+w4+NncE=,1k0DeT5ZiL7RhsoP5nNCGOJ4I8A=
-37,-130,paGIM56wgl3qJoofZ1M+w4+NncE=,1k0DeT5ZiL7RhsoP5nNCGOJ4I8A=
-38,-130,paGIM56wgl3qJoofZ1M+w4+NncE=,1k0DeT5ZiL7RhsoP5nNCGOJ4I8A=
-39,-130,paGIM56wgl3qJoofZ1M+w4+NncE=,1k0DeT5ZiL7RhsoP5nNCGOJ4I8A=
-41,-130,paGIM56wgl3qJoofZ1M+w4+NncE=,1k0DeT5ZiL7RhsoP5nNCGOJ4I8A=
-40,-130,paGIM56wgl3qJoofZ1M+w4+NncE=,1k0DeT5ZiL7RhsoP5nNCGOJ4I8A=
-34,-142,paGIM56wgl3qJoofZ1M+w4+NncE=,1k0DeT5ZiL7RhsoP5nNCGOJ4I8A=
-43,-130,paGIM56wgl3qJoofZ1M+w4+NncE=,1k0DeT5ZiL7RhsoP5nNCGOJ4I8A=
-42,-130,paGIM56wgl3qJoofZ1M+w4+NncE=,1k0DeT5ZiL7RhsoP5nNCGOJ4I8A=
-44,-130,paGIM56wgl3qJoofZ1M+w4+NncE=,1k0DeT5ZiL7RhsoP5nNCGOJ4I8A=
-45,-130,paGIM56wgl3qJoofZ1M+w4+NncE=,1k0DeT5ZiL7RhsoP5nNCGOJ4I8A=
-46,-130,paGIM56wgl3qJoofZ1M+w4+NncE=,1k0DeT5ZiL7RhsoP5nNCGOJ4I8A=
-33,-142,paGIM56wgl3qJoofZ1M+w4+NncE=,1k0DeT5ZiL7RhsoP5nNCGOJ4I8A=
-48,-130,paGIM56wgl3qJoofZ1M+w4+NncE=,1k0DeT5ZiL7RhsoP5nNCGOJ4I8A=
-34,-131,paGIM56wgl3qJoofZ1M+w4+NncE=,1k0DeT5ZiL7RhsoP5nNCGOJ4I8A=
-35,-131,paGIM56wgl3qJoofZ1M+w4+NncE=,1k0DeT5ZiL7RhsoP5nNCGOJ4I8A=
-48,-141,paGIM56wgl3qJoofZ1M+w4+NncE=,1k0DeT5ZiL7RhsoP5nNCGOJ4I8A=
-48,-143,paGIM56wgl3qJoofZ1M+w4+NncE=,1k0DeT5ZiL7RhsoP5nNCGOJ4I8A=
-33,-144,paGIM56wgl3qJoofZ1M+w4+NncE=,1k0DeT5ZiL7RhsoP5nNCGOJ4I8A=
-47,-130,paGIM56wgl3qJoofZ1M+w4+NncE=,1k0DeT5ZiL7RhsoP5nNCGOJ4I8A=
-37,-142,paGIM56wgl3qJoofZ1M+w4+NncE=,1k0DeT5ZiL7RhsoP5nNCGOJ4I8A=
-47,-141,paGIM56wgl3qJoofZ1M+w4+NncE=,1k0DeT5ZiL7RhsoP5nNCGOJ4I8A=
-36,-131,paGIM56wgl3qJoofZ1M+w4+NncE=,1k0DeT5ZiL7RhsoP5nNCGOJ4I8A=
-37,-131,paGIM56wgl3qJoofZ1M+w4+NncE=,1k0DeT5ZiL7RhsoP5nNCGOJ4I8A=
-38,-131,paGIM56wgl3qJoofZ1M+w4+NncE=,1k0DeT5ZiL7RhsoP5nNCGOJ4I8A=
-46,-141,paGIM56wgl3qJoofZ1M+w4+NncE=,1k0DeT5ZiL7RhsoP5nNCGOJ4I8A=
-39,-131,paGIM56wgl3qJoofZ1M+w4+NncE=,1k0DeT5ZiL7RhsoP5nNCGOJ4I8A=
-40,-131,paGIM56wgl3qJoofZ1M+w4+NncE=,1k0DeT5ZiL7RhsoP5nNCGOJ4I8A=
-41,-131,paGIM56wgl3qJoofZ1M+w4+NncE=,1k0DeT5ZiL7RhsoP5nNCGOJ4I8A=
-42,-131,paGIM56wgl3qJoofZ1M+w4+NncE=,1k0DeT5ZiL7RhsoP5nNCGOJ4I8A=
-48,-142,paGIM56wgl3qJoofZ1M+w4+NncE=,1k0DeT5ZiL7RhsoP5nNCGOJ4I8A=
-43,-131,paGIM56wgl3qJoofZ1M+w4+NncE=,1k0DeT5ZiL7RhsoP5nNCGOJ4I8A=
-44,-131,paGIM56wgl3qJoofZ1M+w4+NncE=,1k0DeT5ZiL7RhsoP5nNCGOJ4I8A=
-45,-141,paGIM56wgl3qJoofZ1M+w4+NncE=,1k0DeT5ZiL7RhsoP5nNCGOJ4I8A=
-44,-144,paGIM56wgl3qJoofZ1M+w4+NncE=,1k0DeT5ZiL7RhsoP5nNCGOJ4I8A=
-44,-141,paGIM56wgl3qJoofZ1M+w4+NncE=,1k0DeT5ZiL7RhsoP5nNCGOJ4I8A=
-45,-131,paGIM56wgl3qJoofZ1M+w4+NncE=,1k0DeT5ZiL7RhsoP5nNCGOJ4I8A=
-47,-131,paGIM56wgl3qJoofZ1M+w4+NncE=,1k0DeT5ZiL7RhsoP5nNCGOJ4I8A=
-48,-131,paGIM56wgl3qJoofZ1M+w4+NncE=,1k0DeT5ZiL7RhsoP5nNCGOJ4I8A=
-33,-130,paGIM56wgl3qJoofZ1M+w4+NncE=,1k0DeT5ZiL7RhsoP5nNCGOJ4I8A=
-46,-131,paGIM56wgl3qJoofZ1M+w4+NncE=,1k0DeT5ZiL7RhsoP5nNCGOJ4I8A=
-46,-144,paGIM56wgl3qJoofZ1M+w4+NncE=,1k0DeT5ZiL7RhsoP5nNCGOJ4I8A=
-34,-132,paGIM56wgl3qJoofZ1M+w4+NncE=,1k0DeT5ZiL7RhsoP5nNCGOJ4I8A=
-38,-142,paGIM56wgl3qJoofZ1M+w4+NncE=,1k0DeT5ZiL7RhsoP5nNCGOJ4I8A=
-35,-132,paGIM56wgl3qJoofZ1M+w4+NncE=,1k0DeT5ZiL7RhsoP5nNCGOJ4I8A=
-48,-144,paGIM56wgl3qJoofZ1M+w4+NncE=,1k0DeT5ZiL7RhsoP5nNCGOJ4I8A=
-36,-132,paGIM56wgl3qJoofZ1M+w4+NncE=,1k0DeT5ZiL7RhsoP5nNCGOJ4I8A=
-37,-132,paGIM56wgl3qJoofZ1M+w4+NncE=,1k0DeT5ZiL7RhsoP5nNCGOJ4I8A=
-34,-144,paGIM56wgl3qJoofZ1M+w4+NncE=,1k0DeT5ZiL7RhsoP5nNCGOJ4I8A=
-38,-132,paGIM56wgl3qJoofZ1M+w4+NncE=,1k0DeT5ZiL7RhsoP5nNCGOJ4I8A=
-39,-132,paGIM56wgl3qJoofZ1M+w4+NncE=,1k0DeT5ZiL7RhsoP5nNCGOJ4I8A=
-44,-132,paGIM56wgl3qJoofZ1M+w4+NncE=,1k0DeT5ZiL7RhsoP5nNCGOJ4I8A=
-40,-132,paGIM56wgl3qJoofZ1M+w4+NncE=,1k0DeT5ZiL7RhsoP5nNCGOJ4I8A=
-41,-132,paGIM56wgl3qJoofZ1M+w4+NncE=,1k0DeT5ZiL7RhsoP5nNCGOJ4I8A=
-45,-132,paGIM56wgl3qJoofZ1M+w4+NncE=,1k0DeT5ZiL7RhsoP5nNCGOJ4I8A=
-42,-132,paGIM56wgl3qJoofZ1M+w4+NncE=,1k0DeT5ZiL7RhsoP5nNCGOJ4I8A=
-47,-132,paGIM56wgl3qJoofZ1M+w4+NncE=,1k0DeT5ZiL7RhsoP5nNCGOJ4I8A=
-43,-132,paGIM56wgl3qJoofZ1M+w4+NncE=,1k0DeT5ZiL7RhsoP5nNCGOJ4I8A=
-46,-132,paGIM56wgl3qJoofZ1M+w4+NncE=,1k0DeT5ZiL7RhsoP5nNCGOJ4I8A=
-48,-132,paGIM56wgl3qJoofZ1M+w4+NncE=,1k0DeT5ZiL7RhsoP5nNCGOJ4I8A=
-35,-133,paGIM56wgl3qJoofZ1M+w4+NncE=,1k0DeT5ZiL7RhsoP5nNCGOJ4I8A=
-34,-133,paGIM56wgl3qJoofZ1M+w4+NncE=,1k0DeT5ZiL7RhsoP5nNCGOJ4I8A=
-36,-133,paGIM56wgl3qJoofZ1M+w4+NncE=,1k0DeT5ZiL7RhsoP5nNCGOJ4I8A=
-35,-144,paGIM56wgl3qJoofZ1M+w4+NncE=,1k0DeT5ZiL7RhsoP5nNCGOJ4I8A=
-43,-141,paGIM56wgl3qJoofZ1M+w4+NncE=,1k0DeT5ZiL7RhsoP5nNCGOJ4I8A=
-37,-133,paGIM56wgl3qJoofZ1M+w4+NncE=,1k0DeT5ZiL7RhsoP5nNCGOJ4I8A=
-42,-141,paGIM56wgl3qJoofZ1M+w4+NncE=,1k0DeT5ZiL7RhsoP5nNCGOJ4I8A=
-39,-142,paGIM56wgl3qJoofZ1M+w4+NncE=,1k0DeT5ZiL7RhsoP5nNCGOJ4I8A=
-38,-133,paGIM56wgl3qJoofZ1M+w4+NncE=,1k0DeT5ZiL7RhsoP5nNCGOJ4I8A=
-41,-141,paGIM56wgl3qJoofZ1M+w4+NncE=,1k0DeT5ZiL7RhsoP5nNCGOJ4I8A=
-39,-133,paGIM56wgl3qJoofZ1M+w4+NncE=,1k0DeT5ZiL7RhsoP5nNCGOJ4I8A=
-40,-133,paGIM56wgl3qJoofZ1M+w4+NncE=,1k0DeT5ZiL7RhsoP5nNCGOJ4I8A=
-40,-141,paGIM56wgl3qJoofZ1M+w4+NncE=,1k0DeT5ZiL7RhsoP5nNCGOJ4I8A=
-41,-133,paGIM56wgl3qJoofZ1M+w4+NncE=,1k0DeT5ZiL7RhsoP5nNCGOJ4I8A=
-42,-133,paGIM56wgl3qJoofZ1M+w4+NncE=,1k0DeT5ZiL7RhsoP5nNCGOJ4I8A=
-43,-133,paGIM56wgl3qJoofZ1M+w4+NncE=,1k0DeT5ZiL7RhsoP5nNCGOJ4I8A=
-39,-141,paGIM56wgl3qJoofZ1M+w4+NncE=,1k0DeT5ZiL7RhsoP5nNCGOJ4I8A=
-38,-141,paGIM56wgl3qJoofZ1M+w4+NncE=,1k0DeT5ZiL7RhsoP5nNCGOJ4I8A=
-44,-133,paGIM56wgl3qJoofZ1M+w4+NncE=,1k0DeT5ZiL7RhsoP5nNCGOJ4I8A=
-37,-141,paGIM56wgl3qJoofZ1M+w4+NncE=,1k0DeT5ZiL7RhsoP5nNCGOJ4I8A=
-46,-133,paGIM56wgl3qJoofZ1M+w4+NncE=,1k0DeT5ZiL7RhsoP5nNCGOJ4I8A=
-45,-133,paGIM56wgl3qJoofZ1M+w4+NncE=,1k0DeT5ZiL7RhsoP5nNCGOJ4I8A=
-47,-133,paGIM56wgl3qJoofZ1M+w4+NncE=,1k0DeT5ZiL7RhsoP5nNCGOJ4I8A=
-48,-133,paGIM56wgl3qJoofZ1M+w4+NncE=,1k0DeT5ZiL7RhsoP5nNCGOJ4I8A=
-36,-141,paGIM56wgl3qJoofZ1M+w4+NncE=,1k0DeT5ZiL7RhsoP5nNCGOJ4I8A=
-34,-134,paGIM56wgl3qJoofZ1M+w4+NncE=,1k0DeT5ZiL7RhsoP5nNCGOJ4I8A=
-35,-141,paGIM56wgl3qJoofZ1M+w4+NncE=,1k0DeT5ZiL7RhsoP5nNCGOJ4I8A=
-34,-141,paGIM56wgl3qJoofZ1M+w4+NncE=,1k0DeT5ZiL7RhsoP5nNCGOJ4I8A=
-35,-134,paGIM56wgl3qJoofZ1M+w4+NncE=,1k0DeT5ZiL7RhsoP5nNCGOJ4I8A=
-36,-134,paGIM56wgl3qJoofZ1M+w4+NncE=,1k0DeT5ZiL7RhsoP5nNCGOJ4I8A=
-47,-142,paGIM56wgl3qJoofZ1M+w4+NncE=,1k0DeT5ZiL7RhsoP5nNCGOJ4I8A=
-37,-134,paGIM56wgl3qJoofZ1M+w4+NncE=,1k0DeT5ZiL7RhsoP5nNCGOJ4I8A=
-33,-131,paGIM56wgl3qJoofZ1M+w4+NncE=,1k0DeT5ZiL7RhsoP5nNCGOJ4I8A=
-36,-144,paGIM56wgl3qJoofZ1M+w4+NncE=,1k0DeT5ZiL7RhsoP5nNCGOJ4I8A=
-40,-142,paGIM56wgl3qJoofZ1M+w4+NncE=,1k0DeT5ZiL7RhsoP5nNCGOJ4I8A=
-38,-134,paGIM56wgl3qJoofZ1M+w4+NncE=,1k0DeT5ZiL7RhsoP5nNCGOJ4I8A=
-33,-141,paGIM56wgl3qJoofZ1M+w4+NncE=,1k0DeT5ZiL7RhsoP5nNCGOJ4I8A=
-40,-134,paGIM56wgl3qJoofZ1M+w4+NncE=,1k0DeT5ZiL7RhsoP5nNCGOJ4I8A=
-39,-134,paGIM56wgl3qJoofZ1M+w4+NncE=,1k0DeT5ZiL7RhsoP5nNCGOJ4I8A=
-41,-134,paGIM56wgl3qJoofZ1M+w4+NncE=,1k0DeT5ZiL7RhsoP5nNCGOJ4I8A=
-48,-140,paGIM56wgl3qJoofZ1M+w4+NncE=,1k0DeT5ZiL7RhsoP5nNCGOJ4I8A=
-42,-134,paGIM56wgl3qJoofZ1M+w4+NncE=,1k0DeT5ZiL7RhsoP5nNCGOJ4I8A=
-47,-140,paGIM56wgl3qJoofZ1M+w4+NncE=,1k0DeT5ZiL7RhsoP5nNCGOJ4I8A=
-46,-140,paGIM56wgl3qJoofZ1M+w4+NncE=,1k0DeT5ZiL7RhsoP5nNCGOJ4I8A=
-44,-134,paGIM56wgl3qJoofZ1M+w4+NncE=,1k0DeT5ZiL7RhsoP5nNCGOJ4I8A=
-43,-134,paGIM56wgl3qJoofZ1M+w4+NncE=,1k0DeT5ZiL7RhsoP5nNCGOJ4I8A=
-45,-134,paGIM56wgl3qJoofZ1M+w4+NncE=,1k0DeT5ZiL7RhsoP5nNCGOJ4I8A=
-46,-134,paGIM56wgl3qJoofZ1M+w4+NncE=,1k0DeT5ZiL7RhsoP5nNCGOJ4I8A=
-45,-140,paGIM56wgl3qJoofZ1M+w4+NncE=,1k0DeT5ZiL7RhsoP5nNCGOJ4I8A=
-48,-134,paGIM56wgl3qJoofZ1M+w4+NncE=,1k0DeT5ZiL7RhsoP5nNCGOJ4I8A=
-47,-134,paGIM56wgl3qJoofZ1M+w4+NncE=,1k0DeT5ZiL7RhsoP5nNCGOJ4I8A=
-46,-142,paGIM56wgl3qJoofZ1M+w4+NncE=,1k0DeT5ZiL7RhsoP5nNCGOJ4I8A=
-43,-144,paGIM56wgl3qJoofZ1M+w4+NncE=,1k0DeT5ZiL7RhsoP5nNCGOJ4I8A=
-34,-135,paGIM56wgl3qJoofZ1M+w4+NncE=,1k0DeT5ZiL7RhsoP5nNCGOJ4I8A=
-44,-140,paGIM56wgl3qJoofZ1M+w4+NncE=,1k0DeT5ZiL7RhsoP5nNCGOJ4I8A=
-35,-135,paGIM56wgl3qJoofZ1M+w4+NncE=,1k0DeT5ZiL7RhsoP5nNCGOJ4I8A=
-36,-135,paGIM56wgl3qJoofZ1M+w4+NncE=,1k0DeT5ZiL7RhsoP5nNCGOJ4I8A=
-37,-135,paGIM56wgl3qJoofZ1M+w4+NncE=,1k0DeT5ZiL7RhsoP5nNCGOJ4I8A=
-43,-140,paGIM56wgl3qJoofZ1M+w4+NncE=,1k0DeT5ZiL7RhsoP5nNCGOJ4I8A=
-42,-140,paGIM56wgl3qJoofZ1M+w4+NncE=,1k0DeT5ZiL7RhsoP5nNCGOJ4I8A=
-41,-140,paGIM56wgl3qJoofZ1M+w4+NncE=,1k0DeT5ZiL7RhsoP5nNCGOJ4I8A=
-38,-135,paGIM56wgl3qJoofZ1M+w4+NncE=,1k0DeT5ZiL7RhsoP5nNCGOJ4I8A=
-33,-132,paGIM56wgl3qJoofZ1M+w4+NncE=,1k0DeT5ZiL7RhsoP5nNCGOJ4I8A=
-40,-140,paGIM56wgl3qJoofZ1M+w4+NncE=,1k0DeT5ZiL7RhsoP5nNCGOJ4I8A=
-37,-144,paGIM56wgl3qJoofZ1M+w4+NncE=,1k0DeT5ZiL7RhsoP5nNCGOJ4I8A=
-39,-135,paGIM56wgl3qJoofZ1M+w4+NncE=,1k0DeT5ZiL7RhsoP5nNCGOJ4I8A=
-41,-142,paGIM56wgl3qJoofZ1M+w4+NncE=,1k0DeT5ZiL7RhsoP5nNCGOJ4I8A=
-40,-135,paGIM56wgl3qJoofZ1M+w4+NncE=,1k0DeT5ZiL7RhsoP5nNCGOJ4I8A=
-39,-140,paGIM56wgl3qJoofZ1M+w4+NncE=,1k0DeT5ZiL7RhsoP5nNCGOJ4I8A=
-41,-135,paGIM56wgl3qJoofZ1M+w4+NncE=,1k0DeT5ZiL7RhsoP5nNCGOJ4I8A=
-38,-140,paGIM56wgl3qJoofZ1M+w4+NncE=,1k0DeT5ZiL7RhsoP5nNCGOJ4I8A=
-37,-140,paGIM56wgl3qJoofZ1M+w4+NncE=,1k0DeT5ZiL7RhsoP5nNCGOJ4I8A=
-43,-135,paGIM56wgl3qJoofZ1M+w4+NncE=,1k0DeT5ZiL7RhsoP5nNCGOJ4I8A=
-42,-135,paGIM56wgl3qJoofZ1M+w4+NncE=,1k0DeT5ZiL7RhsoP5nNCGOJ4I8A=
-33,-133,paGIM56wgl3qJoofZ1M+w4+NncE=,1k0DeT5ZiL7RhsoP5nNCGOJ4I8A=
-44,-135,paGIM56wgl3qJoofZ1M+w4+NncE=,1k0DeT5ZiL7RhsoP5nNCGOJ4I8A=
-45,-135,paGIM56wgl3qJoofZ1M+w4+NncE=,1k0DeT5ZiL7RhsoP5nNCGOJ4I8A=
-47,-135,paGIM56wgl3qJoofZ1M+w4+NncE=,1k0DeT5ZiL7RhsoP5nNCGOJ4I8A=
-36,-140,paGIM56wgl3qJoofZ1M+w4+NncE=,1k0DeT5ZiL7RhsoP5nNCGOJ4I8A=
-46,-135,paGIM56wgl3qJoofZ1M+w4+NncE=,1k0DeT5ZiL7RhsoP5nNCGOJ4I8A=
-34,-136,paGIM56wgl3qJoofZ1M+w4+NncE=,1k0DeT5ZiL7RhsoP5nNCGOJ4I8A=
-48,-135,paGIM56wgl3qJoofZ1M+w4+NncE=,1k0DeT5ZiL7RhsoP5nNCGOJ4I8A=
-35,-140,paGIM56wgl3qJoofZ1M+w4+NncE=,1k0DeT5ZiL7RhsoP5nNCGOJ4I8A=
-33,-136,paGIM56wgl3qJoofZ1M+w4+NncE=,1k0DeT5ZiL7RhsoP5nNCGOJ4I8A=
-35,-136,paGIM56wgl3qJoofZ1M+w4+NncE=,1k0DeT5ZiL7RhsoP5nNCGOJ4I8A=
-36,-136,paGIM56wgl3qJoofZ1M+w4+NncE=,1k0DeT5ZiL7RhsoP5nNCGOJ4I8A=
-42,-144,paGIM56wgl3qJoofZ1M+w4+NncE=,1k0DeT5ZiL7RhsoP5nNCGOJ4I8A=
-34,-140,paGIM56wgl3qJoofZ1M+w4+NncE=,1k0DeT5ZiL7RhsoP5nNCGOJ4I8A=
-38,-136,paGIM56wgl3qJoofZ1M+w4+NncE=,1k0DeT5ZiL7RhsoP5nNCGOJ4I8A=
-39,-136,paGIM56wgl3qJoofZ1M+w4+NncE=,1k0DeT5ZiL7RhsoP5nNCGOJ4I8A=
-38,-144,paGIM56wgl3qJoofZ1M+w4+NncE=,1k0DeT5ZiL7RhsoP5nNCGOJ4I8A=
-40,-136,paGIM56wgl3qJoofZ1M+w4+NncE=,1k0DeT5ZiL7RhsoP5nNCGOJ4I8A=
-42,-142,paGIM56wgl3qJoofZ1M+w4+NncE=,1k0DeT5ZiL7RhsoP5nNCGOJ4I8A=
-37,-136,paGIM56wgl3qJoofZ1M+w4+NncE=,1k0DeT5ZiL7RhsoP5nNCGOJ4I8A=
-41,-136,paGIM56wgl3qJoofZ1M+w4+NncE=,1k0DeT5ZiL7RhsoP5nNCGOJ4I8A=
-42,-136,paGIM56wgl3qJoofZ1M+w4+NncE=,1k0DeT5ZiL7RhsoP5nNCGOJ4I8A=
-45,-136,paGIM56wgl3qJoofZ1M+w4+NncE=,1k0DeT5ZiL7RhsoP5nNCGOJ4I8A=
-43,-136,paGIM56wgl3qJoofZ1M+w4+NncE=,1k0DeT5ZiL7RhsoP5nNCGOJ4I8A=
-44,-136,paGIM56wgl3qJoofZ1M+w4+NncE=,1k0DeT5ZiL7RhsoP5nNCGOJ4I8A=
-47,-136,paGIM56wgl3qJoofZ1M+w4+NncE=,1k0DeT5ZiL7RhsoP5nNCGOJ4I8A=
-46,-136,paGIM56wgl3qJoofZ1M+w4+NncE=,1k0DeT5ZiL7RhsoP5nNCGOJ4I8A=
-33,-140,paGIM56wgl3qJoofZ1M+w4+NncE=,1k0DeT5ZiL7RhsoP5nNCGOJ4I8A=
-48,-136,paGIM56wgl3qJoofZ1M+w4+NncE=,1k0DeT5ZiL7RhsoP5nNCGOJ4I8A=
-34,-137,paGIM56wgl3qJoofZ1M+w4+NncE=,1k0DeT5ZiL7RhsoP5nNCGOJ4I8A=
-33,-137,paGIM56wgl3qJoofZ1M+w4+NncE=,1k0DeT5ZiL7RhsoP5nNCGOJ4I8A=
-35,-137,paGIM56wgl3qJoofZ1M+w4+NncE=,1k0DeT5ZiL7RhsoP5nNCGOJ4I8A=
-36,-137,paGIM56wgl3qJoofZ1M+w4+NncE=,1k0DeT5ZiL7RhsoP5nNCGOJ4I8A=
-48,-139,paGIM56wgl3qJoofZ1M+w4+NncE=,1k0DeT5ZiL7RhsoP5nNCGOJ4I8A=
-37,-137,paGIM56wgl3qJoofZ1M+w4+NncE=,1k0DeT5ZiL7RhsoP5nNCGOJ4I8A=
-38,-137,paGIM56wgl3qJoofZ1M+w4+NncE=,1k0DeT5ZiL7RhsoP5nNCGOJ4I8A=
-47,-139,paGIM56wgl3qJoofZ1M+w4+NncE=,1k0DeT5ZiL7RhsoP5nNCGOJ4I8A=
-39,-137,paGIM56wgl3qJoofZ1M+w4+NncE=,1k0DeT5ZiL7RhsoP5nNCGOJ4I8A=
-40,-137,paGIM56wgl3qJoofZ1M+w4+NncE=,1k0DeT5ZiL7RhsoP5nNCGOJ4I8A=
-41,-137,paGIM56wgl3qJoofZ1M+w4+NncE=,1k0DeT5ZiL7RhsoP5nNCGOJ4I8A=
-46,-139,paGIM56wgl3qJoofZ1M+w4+NncE=,1k0DeT5ZiL7RhsoP5nNCGOJ4I8A=
-39,-144,paGIM56wgl3qJoofZ1M+w4+NncE=,1k0DeT5ZiL7RhsoP5nNCGOJ4I8A=
-43,-142,paGIM56wgl3qJoofZ1M+w4+NncE=,1k0DeT5ZiL7RhsoP5nNCGOJ4I8A=
-42,-137,paGIM56wgl3qJoofZ1M+w4+NncE=,1k0DeT5ZiL7RhsoP5nNCGOJ4I8A=
-45,-139,paGIM56wgl3qJoofZ1M+w4+NncE=,1k0DeT5ZiL7RhsoP5nNCGOJ4I8A=
-43,-137,paGIM56wgl3qJoofZ1M+w4+NncE=,1k0DeT5ZiL7RhsoP5nNCGOJ4I8A=
-45,-137,paGIM56wgl3qJoofZ1M+w4+NncE=,1k0DeT5ZiL7RhsoP5nNCGOJ4I8A=
-44,-137,paGIM56wgl3qJoofZ1M+w4+NncE=,1k0DeT5ZiL7RhsoP5nNCGOJ4I8A=
-44,-139,paGIM56wgl3qJoofZ1M+w4+NncE=,1k0DeT5ZiL7RhsoP5nNCGOJ4I8A=
-46,-137,paGIM56wgl3qJoofZ1M+w4+NncE=,1k0DeT5ZiL7RhsoP5nNCGOJ4I8A=
-47,-137,paGIM56wgl3qJoofZ1M+w4+NncE=,1k0DeT5ZiL7RhsoP5nNCGOJ4I8A=
-48,-137,paGIM56wgl3qJoofZ1M+w4+NncE=,1k0DeT5ZiL7RhsoP5nNCGOJ4I8A=
-45,-142,paGIM56wgl3qJoofZ1M+w4+NncE=,1k0DeT5ZiL7RhsoP5nNCGOJ4I8A=
-33,-138,paGIM56wgl3qJoofZ1M+w4+NncE=,1k0DeT5ZiL7RhsoP5nNCGOJ4I8A=
-35,-138,paGIM56wgl3qJoofZ1M+w4+NncE=,1k0DeT5ZiL7RhsoP5nNCGOJ4I8A=
-34,-138,paGIM56wgl3qJoofZ1M+w4+NncE=,1k0DeT5ZiL7RhsoP5nNCGOJ4I8A=
-41,-144,paGIM56wgl3qJoofZ1M+w4+NncE=,1k0DeT5ZiL7RhsoP5nNCGOJ4I8A=
-36,-138,paGIM56wgl3qJoofZ1M+w4+NncE=,1k0DeT5ZiL7RhsoP5nNCGOJ4I8A=
-38,-138,paGIM56wgl3qJoofZ1M+w4+NncE=,1k0DeT5ZiL7RhsoP5nNCGOJ4I8A=
-37,-138,paGIM56wgl3qJoofZ1M+w4+NncE=,1k0DeT5ZiL7RhsoP5nNCGOJ4I8A=
-39,-138,paGIM56wgl3qJoofZ1M+w4+NncE=,1k0DeT5ZiL7RhsoP5nNCGOJ4I8A=
-43,-139,paGIM56wgl3qJoofZ1M+w4+NncE=,1k0DeT5ZiL7RhsoP5nNCGOJ4I8A=
-40,-138,paGIM56wgl3qJoofZ1M+w4+NncE=,1k0DeT5ZiL7RhsoP5nNCGOJ4I8A=
-41,-138,paGIM56wgl3qJoofZ1M+w4+NncE=,1k0DeT5ZiL7RhsoP5nNCGOJ4I8A=
-42,-138,paGIM56wgl3qJoofZ1M+w4+NncE=,1k0DeT5ZiL7RhsoP5nNCGOJ4I8A=
-42,-139,paGIM56wgl3qJoofZ1M+w4+NncE=,1k0DeT5ZiL7RhsoP5nNCGOJ4I8A=
-40,-144,paGIM56wgl3qJoofZ1M+w4+NncE=,1k0DeT5ZiL7RhsoP5nNCGOJ4I8A=
-41,-139,paGIM56wgl3qJoofZ1M+w4+NncE=,1k0DeT5ZiL7RhsoP5nNCGOJ4I8A=
-44,-142,paGIM56wgl3qJoofZ1M+w4+NncE=,1k0DeT5ZiL7RhsoP5nNCGOJ4I8A=
-43,-138,paGIM56wgl3qJoofZ1M+w4+NncE=,1k0DeT5ZiL7RhsoP5nNCGOJ4I8A=
-44,-138,paGIM56wgl3qJoofZ1M+w4+NncE=,1k0DeT5ZiL7RhsoP5nNCGOJ4I8A=
-40,-139,paGIM56wgl3qJoofZ1M+w4+NncE=,1k0DeT5ZiL7RhsoP5nNCGOJ4I8A=
-45,-138,paGIM56wgl3qJoofZ1M+w4+NncE=,1k0DeT5ZiL7RhsoP5nNCGOJ4I8A=
-46,-138,paGIM56wgl3qJoofZ1M+w4+NncE=,1k0DeT5ZiL7RhsoP5nNCGOJ4I8A=
-47,-138,paGIM56wgl3qJoofZ1M+w4+NncE=,1k0DeT5ZiL7RhsoP5nNCGOJ4I8A=
-39,-139,paGIM56wgl3qJoofZ1M+w4+NncE=,1k0DeT5ZiL7RhsoP5nNCGOJ4I8A=
-48,-138,paGIM56wgl3qJoofZ1M+w4+NncE=,1k0DeT5ZiL7RhsoP5nNCGOJ4I8A=
-33,-139,paGIM56wgl3qJoofZ1M+w4+NncE=,1k0DeT5ZiL7RhsoP5nNCGOJ4I8A=
-33,-134,paGIM56wgl3qJoofZ1M+w4+NncE=,1k0DeT5ZiL7RhsoP5nNCGOJ4I8A=
-34,-139,paGIM56wgl3qJoofZ1M+w4+NncE=,1k0DeT5ZiL7RhsoP5nNCGOJ4I8A=
-38,-139,paGIM56wgl3qJoofZ1M+w4+NncE=,1k0DeT5ZiL7RhsoP5nNCGOJ4I8A=
-36,-139,paGIM56wgl3qJoofZ1M+w4+NncE=,1k0DeT5ZiL7RhsoP5nNCGOJ4I8A=
-35,-139,paGIM56wgl3qJoofZ1M+w4+NncE=,1k0DeT5ZiL7RhsoP5nNCGOJ4I8A=
-37,-139,paGIM56wgl3qJoofZ1M+w4+NncE=,1k0DeT5ZiL7RhsoP5nNCGOJ4I8A=
-33,-135,paGIM56wgl3qJoofZ1M+w4+NncE=,1k0DeT5ZiL7RhsoP5nNCGOJ4I8A=
-35,-145,wOD5qCbUuKbthS6hfS+orF/644c=,ej6FYm8DNI8/a8Xi5Dyq9bH2U24=
-35,-158,wOD5qCbUuKbthS6hfS+orF/644c=,ej6FYm8DNI8/a8Xi5Dyq9bH2U24=
-36,-145,wOD5qCbUuKbthS6hfS+orF/644c=,ej6FYm8DNI8/a8Xi5Dyq9bH2U24=
-44,-145,wOD5qCbUuKbthS6hfS+orF/644c=,ej6FYm8DNI8/a8Xi5Dyq9bH2U24=
-45,-145,wOD5qCbUuKbthS6hfS+orF/644c=,ej6FYm8DNI8/a8Xi5Dyq9bH2U24=
-46,-145,wOD5qCbUuKbthS6hfS+orF/644c=,ej6FYm8DNI8/a8Xi5Dyq9bH2U24=
-47,-145,wOD5qCbUuKbthS6hfS+orF/644c=,ej6FYm8DNI8/a8Xi5Dyq9bH2U24=
-40,-145,wOD5qCbUuKbthS6hfS+orF/644c=,ej6FYm8DNI8/a8Xi5Dyq9bH2U24=
-45,-160,wOD5qCbUuKbthS6hfS+orF/644c=,ej6FYm8DNI8/a8Xi5Dyq9bH2U24=
-47,-159,wOD5qCbUuKbthS6hfS+orF/644c=,ej6FYm8DNI8/a8Xi5Dyq9bH2U24=
-48,-159,wOD5qCbUuKbthS6hfS+orF/644c=,ej6FYm8DNI8/a8Xi5Dyq9bH2U24=
-33,-160,wOD5qCbUuKbthS6hfS+orF/644c=,ej6FYm8DNI8/a8Xi5Dyq9bH2U24=
-34,-160,wOD5qCbUuKbthS6hfS+orF/644c=,ej6FYm8DNI8/a8Xi5Dyq9bH2U24=
-37,-145,wOD5qCbUuKbthS6hfS+orF/644c=,ej6FYm8DNI8/a8Xi5Dyq9bH2U24=
-35,-160,wOD5qCbUuKbthS6hfS+orF/644c=,ej6FYm8DNI8/a8Xi5Dyq9bH2U24=
-37,-160,wOD5qCbUuKbthS6hfS+orF/644c=,ej6FYm8DNI8/a8Xi5Dyq9bH2U24=
-36,-160,wOD5qCbUuKbthS6hfS+orF/644c=,ej6FYm8DNI8/a8Xi5Dyq9bH2U24=
-38,-160,wOD5qCbUuKbthS6hfS+orF/644c=,ej6FYm8DNI8/a8Xi5Dyq9bH2U24=
-40,-160,wOD5qCbUuKbthS6hfS+orF/644c=,ej6FYm8DNI8/a8Xi5Dyq9bH2U24=
-41,-145,wOD5qCbUuKbthS6hfS+orF/644c=,ej6FYm8DNI8/a8Xi5Dyq9bH2U24=
-41,-160,wOD5qCbUuKbthS6hfS+orF/644c=,ej6FYm8DNI8/a8Xi5Dyq9bH2U24=
-39,-160,wOD5qCbUuKbthS6hfS+orF/644c=,ej6FYm8DNI8/a8Xi5Dyq9bH2U24=
-43,-160,wOD5qCbUuKbthS6hfS+orF/644c=,ej6FYm8DNI8/a8Xi5Dyq9bH2U24=
-42,-160,wOD5qCbUuKbthS6hfS+orF/644c=,ej6FYm8DNI8/a8Xi5Dyq9bH2U24=
-48,-145,wOD5qCbUuKbthS6hfS+orF/644c=,ej6FYm8DNI8/a8Xi5Dyq9bH2U24=
-44,-160,wOD5qCbUuKbthS6hfS+orF/644c=,ej6FYm8DNI8/a8Xi5Dyq9bH2U24=
-46,-160,wOD5qCbUuKbthS6hfS+orF/644c=,ej6FYm8DNI8/a8Xi5Dyq9bH2U24=
-36,-158,wOD5qCbUuKbthS6hfS+orF/644c=,ej6FYm8DNI8/a8Xi5Dyq9bH2U24=
-42,-145,wOD5qCbUuKbthS6hfS+orF/644c=,ej6FYm8DNI8/a8Xi5Dyq9bH2U24=
-35,-146,wOD5qCbUuKbthS6hfS+orF/644c=,ej6FYm8DNI8/a8Xi5Dyq9bH2U24=
-43,-145,wOD5qCbUuKbthS6hfS+orF/644c=,ej6FYm8DNI8/a8Xi5Dyq9bH2U24=
-33,-159,wOD5qCbUuKbthS6hfS+orF/644c=,ej6FYm8DNI8/a8Xi5Dyq9bH2U24=
-36,-146,wOD5qCbUuKbthS6hfS+orF/644c=,ej6FYm8DNI8/a8Xi5Dyq9bH2U24=
-37,-146,wOD5qCbUuKbthS6hfS+orF/644c=,ej6FYm8DNI8/a8Xi5Dyq9bH2U24=
-34,-146,wOD5qCbUuKbthS6hfS+orF/644c=,ej6FYm8DNI8/a8Xi5Dyq9bH2U24=
-44,-146,wOD5qCbUuKbthS6hfS+orF/644c=,ej6FYm8DNI8/a8Xi5Dyq9bH2U24=
-46,-146,wOD5qCbUuKbthS6hfS+orF/644c=,ej6FYm8DNI8/a8Xi5Dyq9bH2U24=
-45,-146,wOD5qCbUuKbthS6hfS+orF/644c=,ej6FYm8DNI8/a8Xi5Dyq9bH2U24=
-47,-146,wOD5qCbUuKbthS6hfS+orF/644c=,ej6FYm8DNI8/a8Xi5Dyq9bH2U24=
-48,-146,wOD5qCbUuKbthS6hfS+orF/644c=,ej6FYm8DNI8/a8Xi5Dyq9bH2U24=
-38,-146,wOD5qCbUuKbthS6hfS+orF/644c=,ej6FYm8DNI8/a8Xi5Dyq9bH2U24=
-40,-146,wOD5qCbUuKbthS6hfS+orF/644c=,ej6FYm8DNI8/a8Xi5Dyq9bH2U24=
-34,-159,wOD5qCbUuKbthS6hfS+orF/644c=,ej6FYm8DNI8/a8Xi5Dyq9bH2U24=
-43,-146,wOD5qCbUuKbthS6hfS+orF/644c=,ej6FYm8DNI8/a8Xi5Dyq9bH2U24=
-47,-160,wOD5qCbUuKbthS6hfS+orF/644c=,ej6FYm8DNI8/a8Xi5Dyq9bH2U24=
-35,-159,wOD5qCbUuKbthS6hfS+orF/644c=,ej6FYm8DNI8/a8Xi5Dyq9bH2U24=
-41,-146,wOD5qCbUuKbthS6hfS+orF/644c=,ej6FYm8DNI8/a8Xi5Dyq9bH2U24=
-39,-146,wOD5qCbUuKbthS6hfS+orF/644c=,ej6FYm8DNI8/a8Xi5Dyq9bH2U24=
-33,-147,wOD5qCbUuKbthS6hfS+orF/644c=,ej6FYm8DNI8/a8Xi5Dyq9bH2U24=
-42,-146,wOD5qCbUuKbthS6hfS+orF/644c=,ej6FYm8DNI8/a8Xi5Dyq9bH2U24=
-34,-147,wOD5qCbUuKbthS6hfS+orF/644c=,ej6FYm8DNI8/a8Xi5Dyq9bH2U24=
-35,-147,wOD5qCbUuKbthS6hfS+orF/644c=,ej6FYm8DNI8/a8Xi5Dyq9bH2U24=
-37,-147,wOD5qCbUuKbthS6hfS+orF/644c=,ej6FYm8DNI8/a8Xi5Dyq9bH2U24=
-44,-147,wOD5qCbUuKbthS6hfS+orF/644c=,ej6FYm8DNI8/a8Xi5Dyq9bH2U24=
-36,-147,wOD5qCbUuKbthS6hfS+orF/644c=,ej6FYm8DNI8/a8Xi5Dyq9bH2U24=
-45,-147,wOD5qCbUuKbthS6hfS+orF/644c=,ej6FYm8DNI8/a8Xi5Dyq9bH2U24=
-46,-147,wOD5qCbUuKbthS6hfS+orF/644c=,ej6FYm8DNI8/a8Xi5Dyq9bH2U24=
-38,-147,wOD5qCbUuKbthS6hfS+orF/644c=,ej6FYm8DNI8/a8Xi5Dyq9bH2U24=
-47,-147,wOD5qCbUuKbthS6hfS+orF/644c=,ej6FYm8DNI8/a8Xi5Dyq9bH2U24=
-48,-147,wOD5qCbUuKbthS6hfS+orF/644c=,ej6FYm8DNI8/a8Xi5Dyq9bH2U24=
-37,-158,wOD5qCbUuKbthS6hfS+orF/644c=,ej6FYm8DNI8/a8Xi5Dyq9bH2U24=
-40,-147,wOD5qCbUuKbthS6hfS+orF/644c=,ej6FYm8DNI8/a8Xi5Dyq9bH2U24=
-41,-147,wOD5qCbUuKbthS6hfS+orF/644c=,ej6FYm8DNI8/a8Xi5Dyq9bH2U24=
-43,-147,wOD5qCbUuKbthS6hfS+orF/644c=,ej6FYm8DNI8/a8Xi5Dyq9bH2U24=
-39,-147,wOD5qCbUuKbthS6hfS+orF/644c=,ej6FYm8DNI8/a8Xi5Dyq9bH2U24=
-42,-147,wOD5qCbUuKbthS6hfS+orF/644c=,ej6FYm8DNI8/a8Xi5Dyq9bH2U24=
-34,-148,wOD5qCbUuKbthS6hfS+orF/644c=,ej6FYm8DNI8/a8Xi5Dyq9bH2U24=
-33,-148,wOD5qCbUuKbthS6hfS+orF/644c=,ej6FYm8DNI8/a8Xi5Dyq9bH2U24=
-35,-148,wOD5qCbUuKbthS6hfS+orF/644c=,ej6FYm8DNI8/a8Xi5Dyq9bH2U24=
-37,-148,wOD5qCbUuKbthS6hfS+orF/644c=,ej6FYm8DNI8/a8Xi5Dyq9bH2U24=
-36,-148,wOD5qCbUuKbthS6hfS+orF/644c=,ej6FYm8DNI8/a8Xi5Dyq9bH2U24=
-44,-148,wOD5qCbUuKbthS6hfS+orF/644c=,ej6FYm8DNI8/a8Xi5Dyq9bH2U24=
-46,-148,wOD5qCbUuKbthS6hfS+orF/644c=,ej6FYm8DNI8/a8Xi5Dyq9bH2U24=
-36,-159,wOD5qCbUuKbthS6hfS+orF/644c=,ej6FYm8DNI8/a8Xi5Dyq9bH2U24=
-38,-158,wOD5qCbUuKbthS6hfS+orF/644c=,ej6FYm8DNI8/a8Xi5Dyq9bH2U24=
-47,-148,wOD5qCbUuKbthS6hfS+orF/644c=,ej6FYm8DNI8/a8Xi5Dyq9bH2U24=
-45,-148,wOD5qCbUuKbthS6hfS+orF/644c=,ej6FYm8DNI8/a8Xi5Dyq9bH2U24=
-48,-148,wOD5qCbUuKbthS6hfS+orF/644c=,ej6FYm8DNI8/a8Xi5Dyq9bH2U24=
-38,-148,wOD5qCbUuKbthS6hfS+orF/644c=,ej6FYm8DNI8/a8Xi5Dyq9bH2U24=
-41,-148,wOD5qCbUuKbthS6hfS+orF/644c=,ej6FYm8DNI8/a8Xi5Dyq9bH2U24=
-39,-148,wOD5qCbUuKbthS6hfS+orF/644c=,ej6FYm8DNI8/a8Xi5Dyq9bH2U24=
-40,-148,wOD5qCbUuKbthS6hfS+orF/644c=,ej6FYm8DNI8/a8Xi5Dyq9bH2U24=
-43,-148,wOD5qCbUuKbthS6hfS+orF/644c=,ej6FYm8DNI8/a8Xi5Dyq9bH2U24=
-42,-148,wOD5qCbUuKbthS6hfS+orF/644c=,ej6FYm8DNI8/a8Xi5Dyq9bH2U24=
-34,-149,wOD5qCbUuKbthS6hfS+orF/644c=,ej6FYm8DNI8/a8Xi5Dyq9bH2U24=
-33,-149,wOD5qCbUuKbthS6hfS+orF/644c=,ej6FYm8DNI8/a8Xi5Dyq9bH2U24=
-36,-149,wOD5qCbUuKbthS6hfS+orF/644c=,ej6FYm8DNI8/a8Xi5Dyq9bH2U24=
-43,-149,wOD5qCbUuKbthS6hfS+orF/644c=,ej6FYm8DNI8/a8Xi5Dyq9bH2U24=
-44,-149,wOD5qCbUuKbthS6hfS+orF/644c=,ej6FYm8DNI8/a8Xi5Dyq9bH2U24=
-45,-149,wOD5qCbUuKbthS6hfS+orF/644c=,ej6FYm8DNI8/a8Xi5Dyq9bH2U24=
-46,-149,wOD5qCbUuKbthS6hfS+orF/644c=,ej6FYm8DNI8/a8Xi5Dyq9bH2U24=
-37,-159,wOD5qCbUuKbthS6hfS+orF/644c=,ej6FYm8DNI8/a8Xi5Dyq9bH2U24=
-39,-158,wOD5qCbUuKbthS6hfS+orF/644c=,ej6FYm8DNI8/a8Xi5Dyq9bH2U24=
-48,-149,wOD5qCbUuKbthS6hfS+orF/644c=,ej6FYm8DNI8/a8Xi5Dyq9bH2U24=
-37,-149,wOD5qCbUuKbthS6hfS+orF/644c=,ej6FYm8DNI8/a8Xi5Dyq9bH2U24=
-47,-149,wOD5qCbUuKbthS6hfS+orF/644c=,ej6FYm8DNI8/a8Xi5Dyq9bH2U24=
-41,-149,wOD5qCbUuKbthS6hfS+orF/644c=,ej6FYm8DNI8/a8Xi5Dyq9bH2U24=
-38,-149,wOD5qCbUuKbthS6hfS+orF/644c=,ej6FYm8DNI8/a8Xi5Dyq9bH2U24=
-40,-149,wOD5qCbUuKbthS6hfS+orF/644c=,ej6FYm8DNI8/a8Xi5Dyq9bH2U24=
-42,-149,wOD5qCbUuKbthS6hfS+orF/644c=,ej6FYm8DNI8/a8Xi5Dyq9bH2U24=
-39,-145,wOD5qCbUuKbthS6hfS+orF/644c=,ej6FYm8DNI8/a8Xi5Dyq9bH2U24=
-43,-150,wOD5qCbUuKbthS6hfS+orF/644c=,ej6FYm8DNI8/a8Xi5Dyq9bH2U24=
-44,-150,wOD5qCbUuKbthS6hfS+orF/644c=,ej6FYm8DNI8/a8Xi5Dyq9bH2U24=
-33,-150,wOD5qCbUuKbthS6hfS+orF/644c=,ej6FYm8DNI8/a8Xi5Dyq9bH2U24=
-45,-150,wOD5qCbUuKbthS6hfS+orF/644c=,ej6FYm8DNI8/a8Xi5Dyq9bH2U24=
-46,-150,wOD5qCbUuKbthS6hfS+orF/644c=,ej6FYm8DNI8/a8Xi5Dyq9bH2U24=
-38,-159,wOD5qCbUuKbthS6hfS+orF/644c=,ej6FYm8DNI8/a8Xi5Dyq9bH2U24=
-47,-150,wOD5qCbUuKbthS6hfS+orF/644c=,ej6FYm8DNI8/a8Xi5Dyq9bH2U24=
-40,-158,wOD5qCbUuKbthS6hfS+orF/644c=,ej6FYm8DNI8/a8Xi5Dyq9bH2U24=
-36,-150,wOD5qCbUuKbthS6hfS+orF/644c=,ej6FYm8DNI8/a8Xi5Dyq9bH2U24=
-48,-150,wOD5qCbUuKbthS6hfS+orF/644c=,ej6FYm8DNI8/a8Xi5Dyq9bH2U24=
-39,-150,wOD5qCbUuKbthS6hfS+orF/644c=,ej6FYm8DNI8/a8Xi5Dyq9bH2U24=
-38,-150,wOD5qCbUuKbthS6hfS+orF/644c=,ej6FYm8DNI8/a8Xi5Dyq9bH2U24=
-40,-150,wOD5qCbUuKbthS6hfS+orF/644c=,ej6FYm8DNI8/a8Xi5Dyq9bH2U24=
-41,-150,wOD5qCbUuKbthS6hfS+orF/644c=,ej6FYm8DNI8/a8Xi5Dyq9bH2U24=
-42,-150,wOD5qCbUuKbthS6hfS+orF/644c=,ej6FYm8DNI8/a8Xi5Dyq9bH2U24=
-33,-151,wOD5qCbUuKbthS6hfS+orF/644c=,ej6FYm8DNI8/a8Xi5Dyq9bH2U24=
-34,-151,wOD5qCbUuKbthS6hfS+orF/644c=,ej6FYm8DNI8/a8Xi5Dyq9bH2U24=
-37,-150,wOD5qCbUuKbthS6hfS+orF/644c=,ej6FYm8DNI8/a8Xi5Dyq9bH2U24=
-43,-151,wOD5qCbUuKbthS6hfS+orF/644c=,ej6FYm8DNI8/a8Xi5Dyq9bH2U24=
-34,-150,wOD5qCbUuKbthS6hfS+orF/644c=,ej6FYm8DNI8/a8Xi5Dyq9bH2U24=
-44,-151,wOD5qCbUuKbthS6hfS+orF/644c=,ej6FYm8DNI8/a8Xi5Dyq9bH2U24=
-45,-151,wOD5qCbUuKbthS6hfS+orF/644c=,ej6FYm8DNI8/a8Xi5Dyq9bH2U24=
-46,-151,wOD5qCbUuKbthS6hfS+orF/644c=,ej6FYm8DNI8/a8Xi5Dyq9bH2U24=
-39,-159,wOD5qCbUuKbthS6hfS+orF/644c=,ej6FYm8DNI8/a8Xi5Dyq9bH2U24=
-41,-158,wOD5qCbUuKbthS6hfS+orF/644c=,ej6FYm8DNI8/a8Xi5Dyq9bH2U24=
-47,-151,wOD5qCbUuKbthS6hfS+orF/644c=,ej6FYm8DNI8/a8Xi5Dyq9bH2U24=
-48,-151,wOD5qCbUuKbthS6hfS+orF/644c=,ej6FYm8DNI8/a8Xi5Dyq9bH2U24=
-35,-151,wOD5qCbUuKbthS6hfS+orF/644c=,ej6FYm8DNI8/a8Xi5Dyq9bH2U24=
-38,-151,wOD5qCbUuKbthS6hfS+orF/644c=,ej6FYm8DNI8/a8Xi5Dyq9bH2U24=
-37,-151,wOD5qCbUuKbthS6hfS+orF/644c=,ej6FYm8DNI8/a8Xi5Dyq9bH2U24=
-36,-151,wOD5qCbUuKbthS6hfS+orF/644c=,ej6FYm8DNI8/a8Xi5Dyq9bH2U24=
-39,-151,wOD5qCbUuKbthS6hfS+orF/644c=,ej6FYm8DNI8/a8Xi5Dyq9bH2U24=
-42,-151,wOD5qCbUuKbthS6hfS+orF/644c=,ej6FYm8DNI8/a8Xi5Dyq9bH2U24=
-35,-152,wOD5qCbUuKbthS6hfS+orF/644c=,ej6FYm8DNI8/a8Xi5Dyq9bH2U24=
-34,-152,wOD5qCbUuKbthS6hfS+orF/644c=,ej6FYm8DNI8/a8Xi5Dyq9bH2U24=
-36,-152,wOD5qCbUuKbthS6hfS+orF/644c=,ej6FYm8DNI8/a8Xi5Dyq9bH2U24=
-33,-152,wOD5qCbUuKbthS6hfS+orF/644c=,ej6FYm8DNI8/a8Xi5Dyq9bH2U24=
-43,-152,wOD5qCbUuKbthS6hfS+orF/644c=,ej6FYm8DNI8/a8Xi5Dyq9bH2U24=
-44,-152,wOD5qCbUuKbthS6hfS+orF/644c=,ej6FYm8DNI8/a8Xi5Dyq9bH2U24=
-45,-152,wOD5qCbUuKbthS6hfS+orF/644c=,ej6FYm8DNI8/a8Xi5Dyq9bH2U24=
-40,-159,wOD5qCbUuKbthS6hfS+orF/644c=,ej6FYm8DNI8/a8Xi5Dyq9bH2U24=
-42,-158,wOD5qCbUuKbthS6hfS+orF/644c=,ej6FYm8DNI8/a8Xi5Dyq9bH2U24=
-47,-152,wOD5qCbUuKbthS6hfS+orF/644c=,ej6FYm8DNI8/a8Xi5Dyq9bH2U24=
-48,-152,wOD5qCbUuKbthS6hfS+orF/644c=,ej6FYm8DNI8/a8Xi5Dyq9bH2U24=
-38,-152,wOD5qCbUuKbthS6hfS+orF/644c=,ej6FYm8DNI8/a8Xi5Dyq9bH2U24=
-41,-152,wOD5qCbUuKbthS6hfS+orF/644c=,ej6FYm8DNI8/a8Xi5Dyq9bH2U24=
-37,-152,wOD5qCbUuKbthS6hfS+orF/644c=,ej6FYm8DNI8/a8Xi5Dyq9bH2U24=
-41,-151,wOD5qCbUuKbthS6hfS+orF/644c=,ej6FYm8DNI8/a8Xi5Dyq9bH2U24=
-35,-149,wOD5qCbUuKbthS6hfS+orF/644c=,ej6FYm8DNI8/a8Xi5Dyq9bH2U24=
-39,-149,wOD5qCbUuKbthS6hfS+orF/644c=,ej6FYm8DNI8/a8Xi5Dyq9bH2U24=
-35,-153,wOD5qCbUuKbthS6hfS+orF/644c=,ej6FYm8DNI8/a8Xi5Dyq9bH2U24=
-43,-153,wOD5qCbUuKbthS6hfS+orF/644c=,ej6FYm8DNI8/a8Xi5Dyq9bH2U24=
-44,-153,wOD5qCbUuKbthS6hfS+orF/644c=,ej6FYm8DNI8/a8Xi5Dyq9bH2U24=
-45,-153,wOD5qCbUuKbthS6hfS+orF/644c=,ej6FYm8DNI8/a8Xi5Dyq9bH2U24=
-46,-153,wOD5qCbUuKbthS6hfS+orF/644c=,ej6FYm8DNI8/a8Xi5Dyq9bH2U24=
-43,-158,wOD5qCbUuKbthS6hfS+orF/644c=,ej6FYm8DNI8/a8Xi5Dyq9bH2U24=
-41,-159,wOD5qCbUuKbthS6hfS+orF/644c=,ej6FYm8DNI8/a8Xi5Dyq9bH2U24=
-47,-153,wOD5qCbUuKbthS6hfS+orF/644c=,ej6FYm8DNI8/a8Xi5Dyq9bH2U24=
-48,-153,wOD5qCbUuKbthS6hfS+orF/644c=,ej6FYm8DNI8/a8Xi5Dyq9bH2U24=
-38,-153,wOD5qCbUuKbthS6hfS+orF/644c=,ej6FYm8DNI8/a8Xi5Dyq9bH2U24=
-39,-153,wOD5qCbUuKbthS6hfS+orF/644c=,ej6FYm8DNI8/a8Xi5Dyq9bH2U24=
-36,-153,wOD5qCbUuKbthS6hfS+orF/644c=,ej6FYm8DNI8/a8Xi5Dyq9bH2U24=
-41,-153,wOD5qCbUuKbthS6hfS+orF/644c=,ej6FYm8DNI8/a8Xi5Dyq9bH2U24=
-40,-153,wOD5qCbUuKbthS6hfS+orF/644c=,ej6FYm8DNI8/a8Xi5Dyq9bH2U24=
-33,-154,wOD5qCbUuKbthS6hfS+orF/644c=,ej6FYm8DNI8/a8Xi5Dyq9bH2U24=
-34,-154,wOD5qCbUuKbthS6hfS+orF/644c=,ej6FYm8DNI8/a8Xi5Dyq9bH2U24=
-38,-154,wOD5qCbUuKbthS6hfS+orF/644c=,ej6FYm8DNI8/a8Xi5Dyq9bH2U24=
-43,-154,wOD5qCbUuKbthS6hfS+orF/644c=,ej6FYm8DNI8/a8Xi5Dyq9bH2U24=
-44,-154,wOD5qCbUuKbthS6hfS+orF/644c=,ej6FYm8DNI8/a8Xi5Dyq9bH2U24=
-45,-154,wOD5qCbUuKbthS6hfS+orF/644c=,ej6FYm8DNI8/a8Xi5Dyq9bH2U24=
-46,-154,wOD5qCbUuKbthS6hfS+orF/644c=,ej6FYm8DNI8/a8Xi5Dyq9bH2U24=
-42,-159,wOD5qCbUuKbthS6hfS+orF/644c=,ej6FYm8DNI8/a8Xi5Dyq9bH2U24=
-44,-158,wOD5qCbUuKbthS6hfS+orF/644c=,ej6FYm8DNI8/a8Xi5Dyq9bH2U24=
-47,-154,wOD5qCbUuKbthS6hfS+orF/644c=,ej6FYm8DNI8/a8Xi5Dyq9bH2U24=
-48,-154,wOD5qCbUuKbthS6hfS+orF/644c=,ej6FYm8DNI8/a8Xi5Dyq9bH2U24=
-39,-154,wOD5qCbUuKbthS6hfS+orF/644c=,ej6FYm8DNI8/a8Xi5Dyq9bH2U24=
-42,-154,wOD5qCbUuKbthS6hfS+orF/644c=,ej6FYm8DNI8/a8Xi5Dyq9bH2U24=
-40,-154,wOD5qCbUuKbthS6hfS+orF/644c=,ej6FYm8DNI8/a8Xi5Dyq9bH2U24=
-41,-154,wOD5qCbUuKbthS6hfS+orF/644c=,ej6FYm8DNI8/a8Xi5Dyq9bH2U24=
-36,-154,wOD5qCbUuKbthS6hfS+orF/644c=,ej6FYm8DNI8/a8Xi5Dyq9bH2U24=
-33,-155,wOD5qCbUuKbthS6hfS+orF/644c=,ej6FYm8DNI8/a8Xi5Dyq9bH2U24=
-37,-154,wOD5qCbUuKbthS6hfS+orF/644c=,ej6FYm8DNI8/a8Xi5Dyq9bH2U24=
-33,-145,wOD5qCbUuKbthS6hfS+orF/644c=,ej6FYm8DNI8/a8Xi5Dyq9bH2U24=
-36,-155,wOD5qCbUuKbthS6hfS+orF/644c=,ej6FYm8DNI8/a8Xi5Dyq9bH2U24=
-34,-155,wOD5qCbUuKbthS6hfS+orF/644c=,ej6FYm8DNI8/a8Xi5Dyq9bH2U24=
-43,-155,wOD5qCbUuKbthS6hfS+orF/644c=,ej6FYm8DNI8/a8Xi5Dyq9bH2U24=
-44,-155,wOD5qCbUuKbthS6hfS+orF/644c=,ej6FYm8DNI8/a8Xi5Dyq9bH2U24=
-45,-155,wOD5qCbUuKbthS6hfS+orF/644c=,ej6FYm8DNI8/a8Xi5Dyq9bH2U24=
-46,-155,wOD5qCbUuKbthS6hfS+orF/644c=,ej6FYm8DNI8/a8Xi5Dyq9bH2U24=
-43,-159,wOD5qCbUuKbthS6hfS+orF/644c=,ej6FYm8DNI8/a8Xi5Dyq9bH2U24=
-45,-158,wOD5qCbUuKbthS6hfS+orF/644c=,ej6FYm8DNI8/a8Xi5Dyq9bH2U24=
-47,-155,wOD5qCbUuKbthS6hfS+orF/644c=,ej6FYm8DNI8/a8Xi5Dyq9bH2U24=
-48,-155,wOD5qCbUuKbthS6hfS+orF/644c=,ej6FYm8DNI8/a8Xi5Dyq9bH2U24=
-42,-155,wOD5qCbUuKbthS6hfS+orF/644c=,ej6FYm8DNI8/a8Xi5Dyq9bH2U24=
-37,-155,wOD5qCbUuKbthS6hfS+orF/644c=,ej6FYm8DNI8/a8Xi5Dyq9bH2U24=
-38,-155,wOD5qCbUuKbthS6hfS+orF/644c=,ej6FYm8DNI8/a8Xi5Dyq9bH2U24=
-39,-155,wOD5qCbUuKbthS6hfS+orF/644c=,ej6FYm8DNI8/a8Xi5Dyq9bH2U24=
-44,-159,wOD5qCbUuKbthS6hfS+orF/644c=,ej6FYm8DNI8/a8Xi5Dyq9bH2U24=
-41,-155,wOD5qCbUuKbthS6hfS+orF/644c=,ej6FYm8DNI8/a8Xi5Dyq9bH2U24=
-40,-155,wOD5qCbUuKbthS6hfS+orF/644c=,ej6FYm8DNI8/a8Xi5Dyq9bH2U24=
-33,-156,wOD5qCbUuKbthS6hfS+orF/644c=,ej6FYm8DNI8/a8Xi5Dyq9bH2U24=
-35,-155,wOD5qCbUuKbthS6hfS+orF/644c=,ej6FYm8DNI8/a8Xi5Dyq9bH2U24=
-41,-156,wOD5qCbUuKbthS6hfS+orF/644c=,ej6FYm8DNI8/a8Xi5Dyq9bH2U24=
-35,-156,wOD5qCbUuKbthS6hfS+orF/644c=,ej6FYm8DNI8/a8Xi5Dyq9bH2U24=
-42,-156,wOD5qCbUuKbthS6hfS+orF/644c=,ej6FYm8DNI8/a8Xi5Dyq9bH2U24=
-43,-156,wOD5qCbUuKbthS6hfS+orF/644c=,ej6FYm8DNI8/a8Xi5Dyq9bH2U24=
-44,-156,wOD5qCbUuKbthS6hfS+orF/644c=,ej6FYm8DNI8/a8Xi5Dyq9bH2U24=
-45,-156,wOD5qCbUuKbthS6hfS+orF/644c=,ej6FYm8DNI8/a8Xi5Dyq9bH2U24=
-46,-156,wOD5qCbUuKbthS6hfS+orF/644c=,ej6FYm8DNI8/a8Xi5Dyq9bH2U24=
-47,-156,wOD5qCbUuKbthS6hfS+orF/644c=,ej6FYm8DNI8/a8Xi5Dyq9bH2U24=
-45,-159,wOD5qCbUuKbthS6hfS+orF/644c=,ej6FYm8DNI8/a8Xi5Dyq9bH2U24=
-46,-158,wOD5qCbUuKbthS6hfS+orF/644c=,ej6FYm8DNI8/a8Xi5Dyq9bH2U24=
-48,-156,wOD5qCbUuKbthS6hfS+orF/644c=,ej6FYm8DNI8/a8Xi5Dyq9bH2U24=
-40,-156,wOD5qCbUuKbthS6hfS+orF/644c=,ej6FYm8DNI8/a8Xi5Dyq9bH2U24=
-47,-158,wOD5qCbUuKbthS6hfS+orF/644c=,ej6FYm8DNI8/a8Xi5Dyq9bH2U24=
-34,-156,wOD5qCbUuKbthS6hfS+orF/644c=,ej6FYm8DNI8/a8Xi5Dyq9bH2U24=
-36,-156,wOD5qCbUuKbthS6hfS+orF/644c=,ej6FYm8DNI8/a8Xi5Dyq9bH2U24=
-48,-160,wOD5qCbUuKbthS6hfS+orF/644c=,ej6FYm8DNI8/a8Xi5Dyq9bH2U24=
-37,-156,wOD5qCbUuKbthS6hfS+orF/644c=,ej6FYm8DNI8/a8Xi5Dyq9bH2U24=
-39,-156,wOD5qCbUuKbthS6hfS+orF/644c=,ej6FYm8DNI8/a8Xi5Dyq9bH2U24=
-33,-157,wOD5qCbUuKbthS6hfS+orF/644c=,ej6FYm8DNI8/a8Xi5Dyq9bH2U24=
-40,-157,wOD5qCbUuKbthS6hfS+orF/644c=,ej6FYm8DNI8/a8Xi5Dyq9bH2U24=
-41,-157,wOD5qCbUuKbthS6hfS+orF/644c=,ej6FYm8DNI8/a8Xi5Dyq9bH2U24=
-42,-157,wOD5qCbUuKbthS6hfS+orF/644c=,ej6FYm8DNI8/a8Xi5Dyq9bH2U24=
-43,-157,wOD5qCbUuKbthS6hfS+orF/644c=,ej6FYm8DNI8/a8Xi5Dyq9bH2U24=
-44,-157,wOD5qCbUuKbthS6hfS+orF/644c=,ej6FYm8DNI8/a8Xi5Dyq9bH2U24=
-45,-157,wOD5qCbUuKbthS6hfS+orF/644c=,ej6FYm8DNI8/a8Xi5Dyq9bH2U24=
-46,-159,wOD5qCbUuKbthS6hfS+orF/644c=,ej6FYm8DNI8/a8Xi5Dyq9bH2U24=
-48,-158,wOD5qCbUuKbthS6hfS+orF/644c=,ej6FYm8DNI8/a8Xi5Dyq9bH2U24=
-46,-157,wOD5qCbUuKbthS6hfS+orF/644c=,ej6FYm8DNI8/a8Xi5Dyq9bH2U24=
-47,-157,wOD5qCbUuKbthS6hfS+orF/644c=,ej6FYm8DNI8/a8Xi5Dyq9bH2U24=
-48,-157,wOD5qCbUuKbthS6hfS+orF/644c=,ej6FYm8DNI8/a8Xi5Dyq9bH2U24=
-39,-157,wOD5qCbUuKbthS6hfS+orF/644c=,ej6FYm8DNI8/a8Xi5Dyq9bH2U24=
-38,-157,wOD5qCbUuKbthS6hfS+orF/644c=,ej6FYm8DNI8/a8Xi5Dyq9bH2U24=
-34,-158,wOD5qCbUuKbthS6hfS+orF/644c=,ej6FYm8DNI8/a8Xi5Dyq9bH2U24=
-37,-157,wOD5qCbUuKbthS6hfS+orF/644c=,ej6FYm8DNI8/a8Xi5Dyq9bH2U24=
-36,-157,wOD5qCbUuKbthS6hfS+orF/644c=,ej6FYm8DNI8/a8Xi5Dyq9bH2U24=
-35,-157,wOD5qCbUuKbthS6hfS+orF/644c=,ej6FYm8DNI8/a8Xi5Dyq9bH2U24=
-39,-152,wOD5qCbUuKbthS6hfS+orF/644c=,ej6FYm8DNI8/a8Xi5Dyq9bH2U24=
-42,-153,wOD5qCbUuKbthS6hfS+orF/644c=,ej6FYm8DNI8/a8Xi5Dyq9bH2U24=
-34,-153,wOD5qCbUuKbthS6hfS+orF/644c=,ej6FYm8DNI8/a8Xi5Dyq9bH2U24=
-38,-156,wOD5qCbUuKbthS6hfS+orF/644c=,ej6FYm8DNI8/a8Xi5Dyq9bH2U24=
-40,-151,wOD5qCbUuKbthS6hfS+orF/644c=,ej6FYm8DNI8/a8Xi5Dyq9bH2U24=
-42,-152,wOD5qCbUuKbthS6hfS+orF/644c=,ej6FYm8DNI8/a8Xi5Dyq9bH2U24=
-33,-153,wOD5qCbUuKbthS6hfS+orF/644c=,ej6FYm8DNI8/a8Xi5Dyq9bH2U24=
-37,-153,wOD5qCbUuKbthS6hfS+orF/644c=,ej6FYm8DNI8/a8Xi5Dyq9bH2U24=
-35,-154,wOD5qCbUuKbthS6hfS+orF/644c=,ej6FYm8DNI8/a8Xi5Dyq9bH2U24=
-40,-152,wOD5qCbUuKbthS6hfS+orF/644c=,ej6FYm8DNI8/a8Xi5Dyq9bH2U24=
-33,-158,wOD5qCbUuKbthS6hfS+orF/644c=,ej6FYm8DNI8/a8Xi5Dyq9bH2U24=
-34,-157,wOD5qCbUuKbthS6hfS+orF/644c=,ej6FYm8DNI8/a8Xi5Dyq9bH2U24=
-38,-145,wOD5qCbUuKbthS6hfS+orF/644c=,ej6FYm8DNI8/a8Xi5Dyq9bH2U24=
-33,-146,wOD5qCbUuKbthS6hfS+orF/644c=,ej6FYm8DNI8/a8Xi5Dyq9bH2U24=
-35,-150,wOD5qCbUuKbthS6hfS+orF/644c=,ej6FYm8DNI8/a8Xi5Dyq9bH2U24=
-46,-152,wOD5qCbUuKbthS6hfS+orF/644c=,ej6FYm8DNI8/a8Xi5Dyq9bH2U24=
-34,-145,wOD5qCbUuKbthS6hfS+orF/644c=,ej6FYm8DNI8/a8Xi5Dyq9bH2U24=
-63,-147,XSadtWuFyoc9UdFhRy9rVr9ko4s=,cD6tVwo/IWzDVcmiNqi0ZKyNnhA=
-64,-147,XSadtWuFyoc9UdFhRy9rVr9ko4s=,cD6tVwo/IWzDVcmiNqi0ZKyNnhA=
-49,-148,XSadtWuFyoc9UdFhRy9rVr9ko4s=,cD6tVwo/IWzDVcmiNqi0ZKyNnhA=
-49,-145,XSadtWuFyoc9UdFhRy9rVr9ko4s=,cD6tVwo/IWzDVcmiNqi0ZKyNnhA=
-50,-148,XSadtWuFyoc9UdFhRy9rVr9ko4s=,cD6tVwo/IWzDVcmiNqi0ZKyNnhA=
-51,-148,XSadtWuFyoc9UdFhRy9rVr9ko4s=,cD6tVwo/IWzDVcmiNqi0ZKyNnhA=
-53,-148,XSadtWuFyoc9UdFhRy9rVr9ko4s=,cD6tVwo/IWzDVcmiNqi0ZKyNnhA=
-52,-148,XSadtWuFyoc9UdFhRy9rVr9ko4s=,cD6tVwo/IWzDVcmiNqi0ZKyNnhA=
-50,-145,XSadtWuFyoc9UdFhRy9rVr9ko4s=,cD6tVwo/IWzDVcmiNqi0ZKyNnhA=
-53,-145,XSadtWuFyoc9UdFhRy9rVr9ko4s=,cD6tVwo/IWzDVcmiNqi0ZKyNnhA=
-52,-145,XSadtWuFyoc9UdFhRy9rVr9ko4s=,cD6tVwo/IWzDVcmiNqi0ZKyNnhA=
-56,-145,XSadtWuFyoc9UdFhRy9rVr9ko4s=,cD6tVwo/IWzDVcmiNqi0ZKyNnhA=
-55,-145,XSadtWuFyoc9UdFhRy9rVr9ko4s=,cD6tVwo/IWzDVcmiNqi0ZKyNnhA=
-54,-145,XSadtWuFyoc9UdFhRy9rVr9ko4s=,cD6tVwo/IWzDVcmiNqi0ZKyNnhA=
-51,-145,XSadtWuFyoc9UdFhRy9rVr9ko4s=,cD6tVwo/IWzDVcmiNqi0ZKyNnhA=
-55,-148,XSadtWuFyoc9UdFhRy9rVr9ko4s=,cD6tVwo/IWzDVcmiNqi0ZKyNnhA=
-57,-145,XSadtWuFyoc9UdFhRy9rVr9ko4s=,cD6tVwo/IWzDVcmiNqi0ZKyNnhA=
-56,-148,XSadtWuFyoc9UdFhRy9rVr9ko4s=,cD6tVwo/IWzDVcmiNqi0ZKyNnhA=
-57,-148,XSadtWuFyoc9UdFhRy9rVr9ko4s=,cD6tVwo/IWzDVcmiNqi0ZKyNnhA=
-59,-145,XSadtWuFyoc9UdFhRy9rVr9ko4s=,cD6tVwo/IWzDVcmiNqi0ZKyNnhA=
-54,-148,XSadtWuFyoc9UdFhRy9rVr9ko4s=,cD6tVwo/IWzDVcmiNqi0ZKyNnhA=
-59,-148,XSadtWuFyoc9UdFhRy9rVr9ko4s=,cD6tVwo/IWzDVcmiNqi0ZKyNnhA=
-60,-148,XSadtWuFyoc9UdFhRy9rVr9ko4s=,cD6tVwo/IWzDVcmiNqi0ZKyNnhA=
-58,-145,XSadtWuFyoc9UdFhRy9rVr9ko4s=,cD6tVwo/IWzDVcmiNqi0ZKyNnhA=
-61,-148,XSadtWuFyoc9UdFhRy9rVr9ko4s=,cD6tVwo/IWzDVcmiNqi0ZKyNnhA=
-60,-145,XSadtWuFyoc9UdFhRy9rVr9ko4s=,cD6tVwo/IWzDVcmiNqi0ZKyNnhA=
-58,-148,XSadtWuFyoc9UdFhRy9rVr9ko4s=,cD6tVwo/IWzDVcmiNqi0ZKyNnhA=
-64,-148,XSadtWuFyoc9UdFhRy9rVr9ko4s=,cD6tVwo/IWzDVcmiNqi0ZKyNnhA=
-63,-148,XSadtWuFyoc9UdFhRy9rVr9ko4s=,cD6tVwo/IWzDVcmiNqi0ZKyNnhA=
-62,-148,XSadtWuFyoc9UdFhRy9rVr9ko4s=,cD6tVwo/IWzDVcmiNqi0ZKyNnhA=
-49,-149,XSadtWuFyoc9UdFhRy9rVr9ko4s=,cD6tVwo/IWzDVcmiNqi0ZKyNnhA=
-62,-145,XSadtWuFyoc9UdFhRy9rVr9ko4s=,cD6tVwo/IWzDVcmiNqi0ZKyNnhA=
-61,-145,XSadtWuFyoc9UdFhRy9rVr9ko4s=,cD6tVwo/IWzDVcmiNqi0ZKyNnhA=
-63,-145,XSadtWuFyoc9UdFhRy9rVr9ko4s=,cD6tVwo/IWzDVcmiNqi0ZKyNnhA=
-64,-145,XSadtWuFyoc9UdFhRy9rVr9ko4s=,cD6tVwo/IWzDVcmiNqi0ZKyNnhA=
-49,-146,XSadtWuFyoc9UdFhRy9rVr9ko4s=,cD6tVwo/IWzDVcmiNqi0ZKyNnhA=
-50,-149,XSadtWuFyoc9UdFhRy9rVr9ko4s=,cD6tVwo/IWzDVcmiNqi0ZKyNnhA=
-51,-146,XSadtWuFyoc9UdFhRy9rVr9ko4s=,cD6tVwo/IWzDVcmiNqi0ZKyNnhA=
-52,-146,XSadtWuFyoc9UdFhRy9rVr9ko4s=,cD6tVwo/IWzDVcmiNqi0ZKyNnhA=
-54,-146,XSadtWuFyoc9UdFhRy9rVr9ko4s=,cD6tVwo/IWzDVcmiNqi0ZKyNnhA=
-53,-146,XSadtWuFyoc9UdFhRy9rVr9ko4s=,cD6tVwo/IWzDVcmiNqi0ZKyNnhA=
-55,-146,XSadtWuFyoc9UdFhRy9rVr9ko4s=,cD6tVwo/IWzDVcmiNqi0ZKyNnhA=
-56,-146,XSadtWuFyoc9UdFhRy9rVr9ko4s=,cD6tVwo/IWzDVcmiNqi0ZKyNnhA=
-57,-146,XSadtWuFyoc9UdFhRy9rVr9ko4s=,cD6tVwo/IWzDVcmiNqi0ZKyNnhA=
-60,-146,XSadtWuFyoc9UdFhRy9rVr9ko4s=,cD6tVwo/IWzDVcmiNqi0ZKyNnhA=
-50,-146,XSadtWuFyoc9UdFhRy9rVr9ko4s=,cD6tVwo/IWzDVcmiNqi0ZKyNnhA=
-61,-146,XSadtWuFyoc9UdFhRy9rVr9ko4s=,cD6tVwo/IWzDVcmiNqi0ZKyNnhA=
-59,-146,XSadtWuFyoc9UdFhRy9rVr9ko4s=,cD6tVwo/IWzDVcmiNqi0ZKyNnhA=
-62,-146,XSadtWuFyoc9UdFhRy9rVr9ko4s=,cD6tVwo/IWzDVcmiNqi0ZKyNnhA=
-58,-146,XSadtWuFyoc9UdFhRy9rVr9ko4s=,cD6tVwo/IWzDVcmiNqi0ZKyNnhA=
-52,-149,XSadtWuFyoc9UdFhRy9rVr9ko4s=,cD6tVwo/IWzDVcmiNqi0ZKyNnhA=
-51,-149,XSadtWuFyoc9UdFhRy9rVr9ko4s=,cD6tVwo/IWzDVcmiNqi0ZKyNnhA=
-53,-149,XSadtWuFyoc9UdFhRy9rVr9ko4s=,cD6tVwo/IWzDVcmiNqi0ZKyNnhA=
-63,-146,XSadtWuFyoc9UdFhRy9rVr9ko4s=,cD6tVwo/IWzDVcmiNqi0ZKyNnhA=
-64,-146,XSadtWuFyoc9UdFhRy9rVr9ko4s=,cD6tVwo/IWzDVcmiNqi0ZKyNnhA=
-54,-149,XSadtWuFyoc9UdFhRy9rVr9ko4s=,cD6tVwo/IWzDVcmiNqi0ZKyNnhA=
-49,-147,XSadtWuFyoc9UdFhRy9rVr9ko4s=,cD6tVwo/IWzDVcmiNqi0ZKyNnhA=
-50,-147,XSadtWuFyoc9UdFhRy9rVr9ko4s=,cD6tVwo/IWzDVcmiNqi0ZKyNnhA=
-51,-147,XSadtWuFyoc9UdFhRy9rVr9ko4s=,cD6tVwo/IWzDVcmiNqi0ZKyNnhA=
-52,-147,XSadtWuFyoc9UdFhRy9rVr9ko4s=,cD6tVwo/IWzDVcmiNqi0ZKyNnhA=
-55,-147,XSadtWuFyoc9UdFhRy9rVr9ko4s=,cD6tVwo/IWzDVcmiNqi0ZKyNnhA=
-53,-147,XSadtWuFyoc9UdFhRy9rVr9ko4s=,cD6tVwo/IWzDVcmiNqi0ZKyNnhA=
-57,-147,XSadtWuFyoc9UdFhRy9rVr9ko4s=,cD6tVwo/IWzDVcmiNqi0ZKyNnhA=
-54,-147,XSadtWuFyoc9UdFhRy9rVr9ko4s=,cD6tVwo/IWzDVcmiNqi0ZKyNnhA=
-58,-147,XSadtWuFyoc9UdFhRy9rVr9ko4s=,cD6tVwo/IWzDVcmiNqi0ZKyNnhA=
-59,-147,XSadtWuFyoc9UdFhRy9rVr9ko4s=,cD6tVwo/IWzDVcmiNqi0ZKyNnhA=
-61,-147,XSadtWuFyoc9UdFhRy9rVr9ko4s=,cD6tVwo/IWzDVcmiNqi0ZKyNnhA=
-56,-149,XSadtWuFyoc9UdFhRy9rVr9ko4s=,cD6tVwo/IWzDVcmiNqi0ZKyNnhA=
-55,-149,XSadtWuFyoc9UdFhRy9rVr9ko4s=,cD6tVwo/IWzDVcmiNqi0ZKyNnhA=
-56,-147,XSadtWuFyoc9UdFhRy9rVr9ko4s=,cD6tVwo/IWzDVcmiNqi0ZKyNnhA=
-57,-149,XSadtWuFyoc9UdFhRy9rVr9ko4s=,cD6tVwo/IWzDVcmiNqi0ZKyNnhA=
-58,-149,XSadtWuFyoc9UdFhRy9rVr9ko4s=,cD6tVwo/IWzDVcmiNqi0ZKyNnhA=
-62,-147,XSadtWuFyoc9UdFhRy9rVr9ko4s=,cD6tVwo/IWzDVcmiNqi0ZKyNnhA=
-51,-160,XSadtWuFyoc9UdFhRy9rVr9ko4s=,cD6tVwo/IWzDVcmiNqi0ZKyNnhA=
-52,-160,XSadtWuFyoc9UdFhRy9rVr9ko4s=,cD6tVwo/IWzDVcmiNqi0ZKyNnhA=
-59,-149,XSadtWuFyoc9UdFhRy9rVr9ko4s=,cD6tVwo/IWzDVcmiNqi0ZKyNnhA=
-53,-160,XSadtWuFyoc9UdFhRy9rVr9ko4s=,cD6tVwo/IWzDVcmiNqi0ZKyNnhA=
-54,-160,XSadtWuFyoc9UdFhRy9rVr9ko4s=,cD6tVwo/IWzDVcmiNqi0ZKyNnhA=
-56,-160,XSadtWuFyoc9UdFhRy9rVr9ko4s=,cD6tVwo/IWzDVcmiNqi0ZKyNnhA=
-57,-160,XSadtWuFyoc9UdFhRy9rVr9ko4s=,cD6tVwo/IWzDVcmiNqi0ZKyNnhA=
-59,-160,XSadtWuFyoc9UdFhRy9rVr9ko4s=,cD6tVwo/IWzDVcmiNqi0ZKyNnhA=
-58,-160,XSadtWuFyoc9UdFhRy9rVr9ko4s=,cD6tVwo/IWzDVcmiNqi0ZKyNnhA=
-60,-160,XSadtWuFyoc9UdFhRy9rVr9ko4s=,cD6tVwo/IWzDVcmiNqi0ZKyNnhA=
-63,-160,XSadtWuFyoc9UdFhRy9rVr9ko4s=,cD6tVwo/IWzDVcmiNqi0ZKyNnhA=
-62,-160,XSadtWuFyoc9UdFhRy9rVr9ko4s=,cD6tVwo/IWzDVcmiNqi0ZKyNnhA=
-55,-160,XSadtWuFyoc9UdFhRy9rVr9ko4s=,cD6tVwo/IWzDVcmiNqi0ZKyNnhA=
-60,-149,XSadtWuFyoc9UdFhRy9rVr9ko4s=,cD6tVwo/IWzDVcmiNqi0ZKyNnhA=
-64,-160,XSadtWuFyoc9UdFhRy9rVr9ko4s=,cD6tVwo/IWzDVcmiNqi0ZKyNnhA=
-61,-149,XSadtWuFyoc9UdFhRy9rVr9ko4s=,cD6tVwo/IWzDVcmiNqi0ZKyNnhA=
-62,-149,XSadtWuFyoc9UdFhRy9rVr9ko4s=,cD6tVwo/IWzDVcmiNqi0ZKyNnhA=
-63,-149,XSadtWuFyoc9UdFhRy9rVr9ko4s=,cD6tVwo/IWzDVcmiNqi0ZKyNnhA=
-64,-149,XSadtWuFyoc9UdFhRy9rVr9ko4s=,cD6tVwo/IWzDVcmiNqi0ZKyNnhA=
-61,-160,XSadtWuFyoc9UdFhRy9rVr9ko4s=,cD6tVwo/IWzDVcmiNqi0ZKyNnhA=
-49,-150,XSadtWuFyoc9UdFhRy9rVr9ko4s=,cD6tVwo/IWzDVcmiNqi0ZKyNnhA=
-50,-150,XSadtWuFyoc9UdFhRy9rVr9ko4s=,cD6tVwo/IWzDVcmiNqi0ZKyNnhA=
-51,-150,XSadtWuFyoc9UdFhRy9rVr9ko4s=,cD6tVwo/IWzDVcmiNqi0ZKyNnhA=
-52,-150,XSadtWuFyoc9UdFhRy9rVr9ko4s=,cD6tVwo/IWzDVcmiNqi0ZKyNnhA=
-53,-150,XSadtWuFyoc9UdFhRy9rVr9ko4s=,cD6tVwo/IWzDVcmiNqi0ZKyNnhA=
-54,-150,XSadtWuFyoc9UdFhRy9rVr9ko4s=,cD6tVwo/IWzDVcmiNqi0ZKyNnhA=
-55,-150,XSadtWuFyoc9UdFhRy9rVr9ko4s=,cD6tVwo/IWzDVcmiNqi0ZKyNnhA=
-56,-150,XSadtWuFyoc9UdFhRy9rVr9ko4s=,cD6tVwo/IWzDVcmiNqi0ZKyNnhA=
-57,-150,XSadtWuFyoc9UdFhRy9rVr9ko4s=,cD6tVwo/IWzDVcmiNqi0ZKyNnhA=
-59,-150,XSadtWuFyoc9UdFhRy9rVr9ko4s=,cD6tVwo/IWzDVcmiNqi0ZKyNnhA=
-60,-150,XSadtWuFyoc9UdFhRy9rVr9ko4s=,cD6tVwo/IWzDVcmiNqi0ZKyNnhA=
-62,-150,XSadtWuFyoc9UdFhRy9rVr9ko4s=,cD6tVwo/IWzDVcmiNqi0ZKyNnhA=
-63,-150,XSadtWuFyoc9UdFhRy9rVr9ko4s=,cD6tVwo/IWzDVcmiNqi0ZKyNnhA=
-64,-150,XSadtWuFyoc9UdFhRy9rVr9ko4s=,cD6tVwo/IWzDVcmiNqi0ZKyNnhA=
-49,-151,XSadtWuFyoc9UdFhRy9rVr9ko4s=,cD6tVwo/IWzDVcmiNqi0ZKyNnhA=
-51,-151,XSadtWuFyoc9UdFhRy9rVr9ko4s=,cD6tVwo/IWzDVcmiNqi0ZKyNnhA=
-50,-151,XSadtWuFyoc9UdFhRy9rVr9ko4s=,cD6tVwo/IWzDVcmiNqi0ZKyNnhA=
-53,-151,XSadtWuFyoc9UdFhRy9rVr9ko4s=,cD6tVwo/IWzDVcmiNqi0ZKyNnhA=
-52,-151,XSadtWuFyoc9UdFhRy9rVr9ko4s=,cD6tVwo/IWzDVcmiNqi0ZKyNnhA=
-61,-150,XSadtWuFyoc9UdFhRy9rVr9ko4s=,cD6tVwo/IWzDVcmiNqi0ZKyNnhA=
-57,-151,XSadtWuFyoc9UdFhRy9rVr9ko4s=,cD6tVwo/IWzDVcmiNqi0ZKyNnhA=
-54,-151,XSadtWuFyoc9UdFhRy9rVr9ko4s=,cD6tVwo/IWzDVcmiNqi0ZKyNnhA=
-55,-151,XSadtWuFyoc9UdFhRy9rVr9ko4s=,cD6tVwo/IWzDVcmiNqi0ZKyNnhA=
-58,-151,XSadtWuFyoc9UdFhRy9rVr9ko4s=,cD6tVwo/IWzDVcmiNqi0ZKyNnhA=
-56,-151,XSadtWuFyoc9UdFhRy9rVr9ko4s=,cD6tVwo/IWzDVcmiNqi0ZKyNnhA=
-59,-151,XSadtWuFyoc9UdFhRy9rVr9ko4s=,cD6tVwo/IWzDVcmiNqi0ZKyNnhA=
-60,-151,XSadtWuFyoc9UdFhRy9rVr9ko4s=,cD6tVwo/IWzDVcmiNqi0ZKyNnhA=
-62,-151,XSadtWuFyoc9UdFhRy9rVr9ko4s=,cD6tVwo/IWzDVcmiNqi0ZKyNnhA=
-63,-151,XSadtWuFyoc9UdFhRy9rVr9ko4s=,cD6tVwo/IWzDVcmiNqi0ZKyNnhA=
-64,-151,XSadtWuFyoc9UdFhRy9rVr9ko4s=,cD6tVwo/IWzDVcmiNqi0ZKyNnhA=
-49,-152,XSadtWuFyoc9UdFhRy9rVr9ko4s=,cD6tVwo/IWzDVcmiNqi0ZKyNnhA=
-50,-152,XSadtWuFyoc9UdFhRy9rVr9ko4s=,cD6tVwo/IWzDVcmiNqi0ZKyNnhA=
-52,-152,XSadtWuFyoc9UdFhRy9rVr9ko4s=,cD6tVwo/IWzDVcmiNqi0ZKyNnhA=
-51,-152,XSadtWuFyoc9UdFhRy9rVr9ko4s=,cD6tVwo/IWzDVcmiNqi0ZKyNnhA=
-53,-152,XSadtWuFyoc9UdFhRy9rVr9ko4s=,cD6tVwo/IWzDVcmiNqi0ZKyNnhA=
-61,-151,XSadtWuFyoc9UdFhRy9rVr9ko4s=,cD6tVwo/IWzDVcmiNqi0ZKyNnhA=
-55,-152,XSadtWuFyoc9UdFhRy9rVr9ko4s=,cD6tVwo/IWzDVcmiNqi0ZKyNnhA=
-56,-152,XSadtWuFyoc9UdFhRy9rVr9ko4s=,cD6tVwo/IWzDVcmiNqi0ZKyNnhA=
-57,-152,XSadtWuFyoc9UdFhRy9rVr9ko4s=,cD6tVwo/IWzDVcmiNqi0ZKyNnhA=
-58,-152,XSadtWuFyoc9UdFhRy9rVr9ko4s=,cD6tVwo/IWzDVcmiNqi0ZKyNnhA=
-54,-152,XSadtWuFyoc9UdFhRy9rVr9ko4s=,cD6tVwo/IWzDVcmiNqi0ZKyNnhA=
-59,-152,XSadtWuFyoc9UdFhRy9rVr9ko4s=,cD6tVwo/IWzDVcmiNqi0ZKyNnhA=
-60,-152,XSadtWuFyoc9UdFhRy9rVr9ko4s=,cD6tVwo/IWzDVcmiNqi0ZKyNnhA=
-61,-152,XSadtWuFyoc9UdFhRy9rVr9ko4s=,cD6tVwo/IWzDVcmiNqi0ZKyNnhA=
-62,-152,XSadtWuFyoc9UdFhRy9rVr9ko4s=,cD6tVwo/IWzDVcmiNqi0ZKyNnhA=
-63,-152,XSadtWuFyoc9UdFhRy9rVr9ko4s=,cD6tVwo/IWzDVcmiNqi0ZKyNnhA=
-51,-153,XSadtWuFyoc9UdFhRy9rVr9ko4s=,cD6tVwo/IWzDVcmiNqi0ZKyNnhA=
-52,-153,XSadtWuFyoc9UdFhRy9rVr9ko4s=,cD6tVwo/IWzDVcmiNqi0ZKyNnhA=
-50,-153,XSadtWuFyoc9UdFhRy9rVr9ko4s=,cD6tVwo/IWzDVcmiNqi0ZKyNnhA=
-53,-153,XSadtWuFyoc9UdFhRy9rVr9ko4s=,cD6tVwo/IWzDVcmiNqi0ZKyNnhA=
-54,-153,XSadtWuFyoc9UdFhRy9rVr9ko4s=,cD6tVwo/IWzDVcmiNqi0ZKyNnhA=
-55,-153,XSadtWuFyoc9UdFhRy9rVr9ko4s=,cD6tVwo/IWzDVcmiNqi0ZKyNnhA=
-56,-153,XSadtWuFyoc9UdFhRy9rVr9ko4s=,cD6tVwo/IWzDVcmiNqi0ZKyNnhA=
-64,-152,XSadtWuFyoc9UdFhRy9rVr9ko4s=,cD6tVwo/IWzDVcmiNqi0ZKyNnhA=
-49,-153,XSadtWuFyoc9UdFhRy9rVr9ko4s=,cD6tVwo/IWzDVcmiNqi0ZKyNnhA=
-57,-153,XSadtWuFyoc9UdFhRy9rVr9ko4s=,cD6tVwo/IWzDVcmiNqi0ZKyNnhA=
-59,-153,XSadtWuFyoc9UdFhRy9rVr9ko4s=,cD6tVwo/IWzDVcmiNqi0ZKyNnhA=
-58,-153,XSadtWuFyoc9UdFhRy9rVr9ko4s=,cD6tVwo/IWzDVcmiNqi0ZKyNnhA=
-60,-153,XSadtWuFyoc9UdFhRy9rVr9ko4s=,cD6tVwo/IWzDVcmiNqi0ZKyNnhA=
-62,-153,XSadtWuFyoc9UdFhRy9rVr9ko4s=,cD6tVwo/IWzDVcmiNqi0ZKyNnhA=
-63,-153,XSadtWuFyoc9UdFhRy9rVr9ko4s=,cD6tVwo/IWzDVcmiNqi0ZKyNnhA=
-64,-153,XSadtWuFyoc9UdFhRy9rVr9ko4s=,cD6tVwo/IWzDVcmiNqi0ZKyNnhA=
-50,-154,XSadtWuFyoc9UdFhRy9rVr9ko4s=,cD6tVwo/IWzDVcmiNqi0ZKyNnhA=
-49,-154,XSadtWuFyoc9UdFhRy9rVr9ko4s=,cD6tVwo/IWzDVcmiNqi0ZKyNnhA=
-51,-154,XSadtWuFyoc9UdFhRy9rVr9ko4s=,cD6tVwo/IWzDVcmiNqi0ZKyNnhA=
-61,-153,XSadtWuFyoc9UdFhRy9rVr9ko4s=,cD6tVwo/IWzDVcmiNqi0ZKyNnhA=
-58,-150,XSadtWuFyoc9UdFhRy9rVr9ko4s=,cD6tVwo/IWzDVcmiNqi0ZKyNnhA=
-52,-154,XSadtWuFyoc9UdFhRy9rVr9ko4s=,cD6tVwo/IWzDVcmiNqi0ZKyNnhA=
-54,-154,XSadtWuFyoc9UdFhRy9rVr9ko4s=,cD6tVwo/IWzDVcmiNqi0ZKyNnhA=
-53,-154,XSadtWuFyoc9UdFhRy9rVr9ko4s=,cD6tVwo/IWzDVcmiNqi0ZKyNnhA=
-55,-154,XSadtWuFyoc9UdFhRy9rVr9ko4s=,cD6tVwo/IWzDVcmiNqi0ZKyNnhA=
-56,-154,XSadtWuFyoc9UdFhRy9rVr9ko4s=,cD6tVwo/IWzDVcmiNqi0ZKyNnhA=
-57,-154,XSadtWuFyoc9UdFhRy9rVr9ko4s=,cD6tVwo/IWzDVcmiNqi0ZKyNnhA=
-59,-154,XSadtWuFyoc9UdFhRy9rVr9ko4s=,cD6tVwo/IWzDVcmiNqi0ZKyNnhA=
-58,-154,XSadtWuFyoc9UdFhRy9rVr9ko4s=,cD6tVwo/IWzDVcmiNqi0ZKyNnhA=
-60,-154,XSadtWuFyoc9UdFhRy9rVr9ko4s=,cD6tVwo/IWzDVcmiNqi0ZKyNnhA=
-61,-154,XSadtWuFyoc9UdFhRy9rVr9ko4s=,cD6tVwo/IWzDVcmiNqi0ZKyNnhA=
-50,-160,XSadtWuFyoc9UdFhRy9rVr9ko4s=,cD6tVwo/IWzDVcmiNqi0ZKyNnhA=
-62,-154,XSadtWuFyoc9UdFhRy9rVr9ko4s=,cD6tVwo/IWzDVcmiNqi0ZKyNnhA=
-49,-160,XSadtWuFyoc9UdFhRy9rVr9ko4s=,cD6tVwo/IWzDVcmiNqi0ZKyNnhA=
-63,-154,XSadtWuFyoc9UdFhRy9rVr9ko4s=,cD6tVwo/IWzDVcmiNqi0ZKyNnhA=
-64,-159,XSadtWuFyoc9UdFhRy9rVr9ko4s=,cD6tVwo/IWzDVcmiNqi0ZKyNnhA=
-64,-154,XSadtWuFyoc9UdFhRy9rVr9ko4s=,cD6tVwo/IWzDVcmiNqi0ZKyNnhA=
-49,-155,XSadtWuFyoc9UdFhRy9rVr9ko4s=,cD6tVwo/IWzDVcmiNqi0ZKyNnhA=
-63,-159,XSadtWuFyoc9UdFhRy9rVr9ko4s=,cD6tVwo/IWzDVcmiNqi0ZKyNnhA=
-50,-155,XSadtWuFyoc9UdFhRy9rVr9ko4s=,cD6tVwo/IWzDVcmiNqi0ZKyNnhA=
-62,-159,XSadtWuFyoc9UdFhRy9rVr9ko4s=,cD6tVwo/IWzDVcmiNqi0ZKyNnhA=
-51,-155,XSadtWuFyoc9UdFhRy9rVr9ko4s=,cD6tVwo/IWzDVcmiNqi0ZKyNnhA=
-61,-159,XSadtWuFyoc9UdFhRy9rVr9ko4s=,cD6tVwo/IWzDVcmiNqi0ZKyNnhA=
-60,-159,XSadtWuFyoc9UdFhRy9rVr9ko4s=,cD6tVwo/IWzDVcmiNqi0ZKyNnhA=
-52,-155,XSadtWuFyoc9UdFhRy9rVr9ko4s=,cD6tVwo/IWzDVcmiNqi0ZKyNnhA=
-54,-155,XSadtWuFyoc9UdFhRy9rVr9ko4s=,cD6tVwo/IWzDVcmiNqi0ZKyNnhA=
-58,-159,XSadtWuFyoc9UdFhRy9rVr9ko4s=,cD6tVwo/IWzDVcmiNqi0ZKyNnhA=
-55,-155,XSadtWuFyoc9UdFhRy9rVr9ko4s=,cD6tVwo/IWzDVcmiNqi0ZKyNnhA=
-53,-155,XSadtWuFyoc9UdFhRy9rVr9ko4s=,cD6tVwo/IWzDVcmiNqi0ZKyNnhA=
-57,-159,XSadtWuFyoc9UdFhRy9rVr9ko4s=,cD6tVwo/IWzDVcmiNqi0ZKyNnhA=
-57,-155,XSadtWuFyoc9UdFhRy9rVr9ko4s=,cD6tVwo/IWzDVcmiNqi0ZKyNnhA=
-56,-159,XSadtWuFyoc9UdFhRy9rVr9ko4s=,cD6tVwo/IWzDVcmiNqi0ZKyNnhA=
-59,-155,XSadtWuFyoc9UdFhRy9rVr9ko4s=,cD6tVwo/IWzDVcmiNqi0ZKyNnhA=
-56,-155,XSadtWuFyoc9UdFhRy9rVr9ko4s=,cD6tVwo/IWzDVcmiNqi0ZKyNnhA=
-58,-155,XSadtWuFyoc9UdFhRy9rVr9ko4s=,cD6tVwo/IWzDVcmiNqi0ZKyNnhA=
-55,-159,XSadtWuFyoc9UdFhRy9rVr9ko4s=,cD6tVwo/IWzDVcmiNqi0ZKyNnhA=
-54,-159,XSadtWuFyoc9UdFhRy9rVr9ko4s=,cD6tVwo/IWzDVcmiNqi0ZKyNnhA=
-61,-155,XSadtWuFyoc9UdFhRy9rVr9ko4s=,cD6tVwo/IWzDVcmiNqi0ZKyNnhA=
-60,-155,XSadtWuFyoc9UdFhRy9rVr9ko4s=,cD6tVwo/IWzDVcmiNqi0ZKyNnhA=
-53,-159,XSadtWuFyoc9UdFhRy9rVr9ko4s=,cD6tVwo/IWzDVcmiNqi0ZKyNnhA=
-62,-155,XSadtWuFyoc9UdFhRy9rVr9ko4s=,cD6tVwo/IWzDVcmiNqi0ZKyNnhA=
-52,-159,XSadtWuFyoc9UdFhRy9rVr9ko4s=,cD6tVwo/IWzDVcmiNqi0ZKyNnhA=
-64,-155,XSadtWuFyoc9UdFhRy9rVr9ko4s=,cD6tVwo/IWzDVcmiNqi0ZKyNnhA=
-63,-155,XSadtWuFyoc9UdFhRy9rVr9ko4s=,cD6tVwo/IWzDVcmiNqi0ZKyNnhA=
-49,-156,XSadtWuFyoc9UdFhRy9rVr9ko4s=,cD6tVwo/IWzDVcmiNqi0ZKyNnhA=
-51,-156,XSadtWuFyoc9UdFhRy9rVr9ko4s=,cD6tVwo/IWzDVcmiNqi0ZKyNnhA=
-50,-156,XSadtWuFyoc9UdFhRy9rVr9ko4s=,cD6tVwo/IWzDVcmiNqi0ZKyNnhA=
-51,-159,XSadtWuFyoc9UdFhRy9rVr9ko4s=,cD6tVwo/IWzDVcmiNqi0ZKyNnhA=
-50,-159,XSadtWuFyoc9UdFhRy9rVr9ko4s=,cD6tVwo/IWzDVcmiNqi0ZKyNnhA=
-52,-156,XSadtWuFyoc9UdFhRy9rVr9ko4s=,cD6tVwo/IWzDVcmiNqi0ZKyNnhA=
-53,-156,XSadtWuFyoc9UdFhRy9rVr9ko4s=,cD6tVwo/IWzDVcmiNqi0ZKyNnhA=
-55,-156,XSadtWuFyoc9UdFhRy9rVr9ko4s=,cD6tVwo/IWzDVcmiNqi0ZKyNnhA=
-57,-156,XSadtWuFyoc9UdFhRy9rVr9ko4s=,cD6tVwo/IWzDVcmiNqi0ZKyNnhA=
-49,-159,XSadtWuFyoc9UdFhRy9rVr9ko4s=,cD6tVwo/IWzDVcmiNqi0ZKyNnhA=
-54,-156,XSadtWuFyoc9UdFhRy9rVr9ko4s=,cD6tVwo/IWzDVcmiNqi0ZKyNnhA=
-58,-156,XSadtWuFyoc9UdFhRy9rVr9ko4s=,cD6tVwo/IWzDVcmiNqi0ZKyNnhA=
-59,-156,XSadtWuFyoc9UdFhRy9rVr9ko4s=,cD6tVwo/IWzDVcmiNqi0ZKyNnhA=
-61,-156,XSadtWuFyoc9UdFhRy9rVr9ko4s=,cD6tVwo/IWzDVcmiNqi0ZKyNnhA=
-60,-156,XSadtWuFyoc9UdFhRy9rVr9ko4s=,cD6tVwo/IWzDVcmiNqi0ZKyNnhA=
-63,-156,XSadtWuFyoc9UdFhRy9rVr9ko4s=,cD6tVwo/IWzDVcmiNqi0ZKyNnhA=
-64,-156,XSadtWuFyoc9UdFhRy9rVr9ko4s=,cD6tVwo/IWzDVcmiNqi0ZKyNnhA=
-49,-157,XSadtWuFyoc9UdFhRy9rVr9ko4s=,cD6tVwo/IWzDVcmiNqi0ZKyNnhA=
-64,-158,XSadtWuFyoc9UdFhRy9rVr9ko4s=,cD6tVwo/IWzDVcmiNqi0ZKyNnhA=
-50,-157,XSadtWuFyoc9UdFhRy9rVr9ko4s=,cD6tVwo/IWzDVcmiNqi0ZKyNnhA=
-51,-157,XSadtWuFyoc9UdFhRy9rVr9ko4s=,cD6tVwo/IWzDVcmiNqi0ZKyNnhA=
-52,-157,XSadtWuFyoc9UdFhRy9rVr9ko4s=,cD6tVwo/IWzDVcmiNqi0ZKyNnhA=
-62,-156,XSadtWuFyoc9UdFhRy9rVr9ko4s=,cD6tVwo/IWzDVcmiNqi0ZKyNnhA=
-53,-157,XSadtWuFyoc9UdFhRy9rVr9ko4s=,cD6tVwo/IWzDVcmiNqi0ZKyNnhA=
-63,-158,XSadtWuFyoc9UdFhRy9rVr9ko4s=,cD6tVwo/IWzDVcmiNqi0ZKyNnhA=
-54,-157,XSadtWuFyoc9UdFhRy9rVr9ko4s=,cD6tVwo/IWzDVcmiNqi0ZKyNnhA=
-56,-157,XSadtWuFyoc9UdFhRy9rVr9ko4s=,cD6tVwo/IWzDVcmiNqi0ZKyNnhA=
-58,-157,XSadtWuFyoc9UdFhRy9rVr9ko4s=,cD6tVwo/IWzDVcmiNqi0ZKyNnhA=
-57,-157,XSadtWuFyoc9UdFhRy9rVr9ko4s=,cD6tVwo/IWzDVcmiNqi0ZKyNnhA=
-59,-157,XSadtWuFyoc9UdFhRy9rVr9ko4s=,cD6tVwo/IWzDVcmiNqi0ZKyNnhA=
-60,-157,XSadtWuFyoc9UdFhRy9rVr9ko4s=,cD6tVwo/IWzDVcmiNqi0ZKyNnhA=
-62,-158,XSadtWuFyoc9UdFhRy9rVr9ko4s=,cD6tVwo/IWzDVcmiNqi0ZKyNnhA=
-62,-157,XSadtWuFyoc9UdFhRy9rVr9ko4s=,cD6tVwo/IWzDVcmiNqi0ZKyNnhA=
-61,-157,XSadtWuFyoc9UdFhRy9rVr9ko4s=,cD6tVwo/IWzDVcmiNqi0ZKyNnhA=
-63,-157,XSadtWuFyoc9UdFhRy9rVr9ko4s=,cD6tVwo/IWzDVcmiNqi0ZKyNnhA=
-64,-157,XSadtWuFyoc9UdFhRy9rVr9ko4s=,cD6tVwo/IWzDVcmiNqi0ZKyNnhA=
-61,-158,XSadtWuFyoc9UdFhRy9rVr9ko4s=,cD6tVwo/IWzDVcmiNqi0ZKyNnhA=
-49,-158,XSadtWuFyoc9UdFhRy9rVr9ko4s=,cD6tVwo/IWzDVcmiNqi0ZKyNnhA=
-50,-158,XSadtWuFyoc9UdFhRy9rVr9ko4s=,cD6tVwo/IWzDVcmiNqi0ZKyNnhA=
-51,-158,XSadtWuFyoc9UdFhRy9rVr9ko4s=,cD6tVwo/IWzDVcmiNqi0ZKyNnhA=
-52,-158,XSadtWuFyoc9UdFhRy9rVr9ko4s=,cD6tVwo/IWzDVcmiNqi0ZKyNnhA=
-60,-158,XSadtWuFyoc9UdFhRy9rVr9ko4s=,cD6tVwo/IWzDVcmiNqi0ZKyNnhA=
-53,-158,XSadtWuFyoc9UdFhRy9rVr9ko4s=,cD6tVwo/IWzDVcmiNqi0ZKyNnhA=
-54,-158,XSadtWuFyoc9UdFhRy9rVr9ko4s=,cD6tVwo/IWzDVcmiNqi0ZKyNnhA=
-56,-158,XSadtWuFyoc9UdFhRy9rVr9ko4s=,cD6tVwo/IWzDVcmiNqi0ZKyNnhA=
-59,-158,XSadtWuFyoc9UdFhRy9rVr9ko4s=,cD6tVwo/IWzDVcmiNqi0ZKyNnhA=
-57,-158,XSadtWuFyoc9UdFhRy9rVr9ko4s=,cD6tVwo/IWzDVcmiNqi0ZKyNnhA=
-58,-158,XSadtWuFyoc9UdFhRy9rVr9ko4s=,cD6tVwo/IWzDVcmiNqi0ZKyNnhA=
-55,-158,XSadtWuFyoc9UdFhRy9rVr9ko4s=,cD6tVwo/IWzDVcmiNqi0ZKyNnhA=
-55,-157,XSadtWuFyoc9UdFhRy9rVr9ko4s=,cD6tVwo/IWzDVcmiNqi0ZKyNnhA=
-56,-156,XSadtWuFyoc9UdFhRy9rVr9ko4s=,cD6tVwo/IWzDVcmiNqi0ZKyNnhA=
-59,-159,XSadtWuFyoc9UdFhRy9rVr9ko4s=,cD6tVwo/IWzDVcmiNqi0ZKyNnhA=
-60,-147,XSadtWuFyoc9UdFhRy9rVr9ko4s=,cD6tVwo/IWzDVcmiNqi0ZKyNnhA=
-49,-129,1vgBgKQR/efm1DFT/V3pPaPt8no=,wsNhTOEMjmThr6pEAhW6ztIw3RM=
-53,-141,1vgBgKQR/efm1DFT/V3pPaPt8no=,wsNhTOEMjmThr6pEAhW6ztIw3RM=
-51,-142,1vgBgKQR/efm1DFT/V3pPaPt8no=,wsNhTOEMjmThr6pEAhW6ztIw3RM=
-51,-129,1vgBgKQR/efm1DFT/V3pPaPt8no=,wsNhTOEMjmThr6pEAhW6ztIw3RM=
-50,-129,1vgBgKQR/efm1DFT/V3pPaPt8no=,wsNhTOEMjmThr6pEAhW6ztIw3RM=
-52,-129,1vgBgKQR/efm1DFT/V3pPaPt8no=,wsNhTOEMjmThr6pEAhW6ztIw3RM=
-50,-143,1vgBgKQR/efm1DFT/V3pPaPt8no=,wsNhTOEMjmThr6pEAhW6ztIw3RM=
-61,-144,1vgBgKQR/efm1DFT/V3pPaPt8no=,wsNhTOEMjmThr6pEAhW6ztIw3RM=
-53,-129,1vgBgKQR/efm1DFT/V3pPaPt8no=,wsNhTOEMjmThr6pEAhW6ztIw3RM=
-49,-143,1vgBgKQR/efm1DFT/V3pPaPt8no=,wsNhTOEMjmThr6pEAhW6ztIw3RM=
-51,-143,1vgBgKQR/efm1DFT/V3pPaPt8no=,wsNhTOEMjmThr6pEAhW6ztIw3RM=
-52,-143,1vgBgKQR/efm1DFT/V3pPaPt8no=,wsNhTOEMjmThr6pEAhW6ztIw3RM=
-53,-143,1vgBgKQR/efm1DFT/V3pPaPt8no=,wsNhTOEMjmThr6pEAhW6ztIw3RM=
-54,-143,1vgBgKQR/efm1DFT/V3pPaPt8no=,wsNhTOEMjmThr6pEAhW6ztIw3RM=
-54,-129,1vgBgKQR/efm1DFT/V3pPaPt8no=,wsNhTOEMjmThr6pEAhW6ztIw3RM=
-55,-129,1vgBgKQR/efm1DFT/V3pPaPt8no=,wsNhTOEMjmThr6pEAhW6ztIw3RM=
-55,-143,1vgBgKQR/efm1DFT/V3pPaPt8no=,wsNhTOEMjmThr6pEAhW6ztIw3RM=
-56,-143,1vgBgKQR/efm1DFT/V3pPaPt8no=,wsNhTOEMjmThr6pEAhW6ztIw3RM=
-57,-129,1vgBgKQR/efm1DFT/V3pPaPt8no=,wsNhTOEMjmThr6pEAhW6ztIw3RM=
-58,-143,1vgBgKQR/efm1DFT/V3pPaPt8no=,wsNhTOEMjmThr6pEAhW6ztIw3RM=
-56,-129,1vgBgKQR/efm1DFT/V3pPaPt8no=,wsNhTOEMjmThr6pEAhW6ztIw3RM=
-60,-129,1vgBgKQR/efm1DFT/V3pPaPt8no=,wsNhTOEMjmThr6pEAhW6ztIw3RM=
-60,-144,1vgBgKQR/efm1DFT/V3pPaPt8no=,wsNhTOEMjmThr6pEAhW6ztIw3RM=
-61,-129,1vgBgKQR/efm1DFT/V3pPaPt8no=,wsNhTOEMjmThr6pEAhW6ztIw3RM=
-57,-143,1vgBgKQR/efm1DFT/V3pPaPt8no=,wsNhTOEMjmThr6pEAhW6ztIw3RM=
-64,-144,1vgBgKQR/efm1DFT/V3pPaPt8no=,wsNhTOEMjmThr6pEAhW6ztIw3RM=
-58,-129,1vgBgKQR/efm1DFT/V3pPaPt8no=,wsNhTOEMjmThr6pEAhW6ztIw3RM=
-63,-129,1vgBgKQR/efm1DFT/V3pPaPt8no=,wsNhTOEMjmThr6pEAhW6ztIw3RM=
-62,-129,1vgBgKQR/efm1DFT/V3pPaPt8no=,wsNhTOEMjmThr6pEAhW6ztIw3RM=
-59,-129,1vgBgKQR/efm1DFT/V3pPaPt8no=,wsNhTOEMjmThr6pEAhW6ztIw3RM=
-59,-143,1vgBgKQR/efm1DFT/V3pPaPt8no=,wsNhTOEMjmThr6pEAhW6ztIw3RM=
-50,-142,1vgBgKQR/efm1DFT/V3pPaPt8no=,wsNhTOEMjmThr6pEAhW6ztIw3RM=
-54,-141,1vgBgKQR/efm1DFT/V3pPaPt8no=,wsNhTOEMjmThr6pEAhW6ztIw3RM=
-60,-143,1vgBgKQR/efm1DFT/V3pPaPt8no=,wsNhTOEMjmThr6pEAhW6ztIw3RM=
-52,-141,1vgBgKQR/efm1DFT/V3pPaPt8no=,wsNhTOEMjmThr6pEAhW6ztIw3RM=
-52,-142,1vgBgKQR/efm1DFT/V3pPaPt8no=,wsNhTOEMjmThr6pEAhW6ztIw3RM=
-62,-143,1vgBgKQR/efm1DFT/V3pPaPt8no=,wsNhTOEMjmThr6pEAhW6ztIw3RM=
-64,-129,1vgBgKQR/efm1DFT/V3pPaPt8no=,wsNhTOEMjmThr6pEAhW6ztIw3RM=
-51,-141,1vgBgKQR/efm1DFT/V3pPaPt8no=,wsNhTOEMjmThr6pEAhW6ztIw3RM=
-53,-142,1vgBgKQR/efm1DFT/V3pPaPt8no=,wsNhTOEMjmThr6pEAhW6ztIw3RM=
-49,-130,1vgBgKQR/efm1DFT/V3pPaPt8no=,wsNhTOEMjmThr6pEAhW6ztIw3RM=
-50,-130,1vgBgKQR/efm1DFT/V3pPaPt8no=,wsNhTOEMjmThr6pEAhW6ztIw3RM=
-62,-144,1vgBgKQR/efm1DFT/V3pPaPt8no=,wsNhTOEMjmThr6pEAhW6ztIw3RM=
-50,-141,1vgBgKQR/efm1DFT/V3pPaPt8no=,wsNhTOEMjmThr6pEAhW6ztIw3RM=
-53,-130,1vgBgKQR/efm1DFT/V3pPaPt8no=,wsNhTOEMjmThr6pEAhW6ztIw3RM=
-52,-130,1vgBgKQR/efm1DFT/V3pPaPt8no=,wsNhTOEMjmThr6pEAhW6ztIw3RM=
-54,-130,1vgBgKQR/efm1DFT/V3pPaPt8no=,wsNhTOEMjmThr6pEAhW6ztIw3RM=
-61,-143,1vgBgKQR/efm1DFT/V3pPaPt8no=,wsNhTOEMjmThr6pEAhW6ztIw3RM=
-51,-130,1vgBgKQR/efm1DFT/V3pPaPt8no=,wsNhTOEMjmThr6pEAhW6ztIw3RM=
-49,-141,1vgBgKQR/efm1DFT/V3pPaPt8no=,wsNhTOEMjmThr6pEAhW6ztIw3RM=
-56,-130,1vgBgKQR/efm1DFT/V3pPaPt8no=,wsNhTOEMjmThr6pEAhW6ztIw3RM=
-55,-130,1vgBgKQR/efm1DFT/V3pPaPt8no=,wsNhTOEMjmThr6pEAhW6ztIw3RM=
-57,-130,1vgBgKQR/efm1DFT/V3pPaPt8no=,wsNhTOEMjmThr6pEAhW6ztIw3RM=
-64,-140,1vgBgKQR/efm1DFT/V3pPaPt8no=,wsNhTOEMjmThr6pEAhW6ztIw3RM=
-59,-130,1vgBgKQR/efm1DFT/V3pPaPt8no=,wsNhTOEMjmThr6pEAhW6ztIw3RM=
-60,-130,1vgBgKQR/efm1DFT/V3pPaPt8no=,wsNhTOEMjmThr6pEAhW6ztIw3RM=
-58,-130,1vgBgKQR/efm1DFT/V3pPaPt8no=,wsNhTOEMjmThr6pEAhW6ztIw3RM=
-61,-130,1vgBgKQR/efm1DFT/V3pPaPt8no=,wsNhTOEMjmThr6pEAhW6ztIw3RM=
-62,-130,1vgBgKQR/efm1DFT/V3pPaPt8no=,wsNhTOEMjmThr6pEAhW6ztIw3RM=
-63,-140,1vgBgKQR/efm1DFT/V3pPaPt8no=,wsNhTOEMjmThr6pEAhW6ztIw3RM=
-63,-130,1vgBgKQR/efm1DFT/V3pPaPt8no=,wsNhTOEMjmThr6pEAhW6ztIw3RM=
-64,-130,1vgBgKQR/efm1DFT/V3pPaPt8no=,wsNhTOEMjmThr6pEAhW6ztIw3RM=
-49,-131,1vgBgKQR/efm1DFT/V3pPaPt8no=,wsNhTOEMjmThr6pEAhW6ztIw3RM=
-62,-140,1vgBgKQR/efm1DFT/V3pPaPt8no=,wsNhTOEMjmThr6pEAhW6ztIw3RM=
-55,-141,1vgBgKQR/efm1DFT/V3pPaPt8no=,wsNhTOEMjmThr6pEAhW6ztIw3RM=
-50,-131,1vgBgKQR/efm1DFT/V3pPaPt8no=,wsNhTOEMjmThr6pEAhW6ztIw3RM=
-51,-131,1vgBgKQR/efm1DFT/V3pPaPt8no=,wsNhTOEMjmThr6pEAhW6ztIw3RM=
-52,-131,1vgBgKQR/efm1DFT/V3pPaPt8no=,wsNhTOEMjmThr6pEAhW6ztIw3RM=
-54,-142,1vgBgKQR/efm1DFT/V3pPaPt8no=,wsNhTOEMjmThr6pEAhW6ztIw3RM=
-54,-131,1vgBgKQR/efm1DFT/V3pPaPt8no=,wsNhTOEMjmThr6pEAhW6ztIw3RM=
-61,-140,1vgBgKQR/efm1DFT/V3pPaPt8no=,wsNhTOEMjmThr6pEAhW6ztIw3RM=
-53,-131,1vgBgKQR/efm1DFT/V3pPaPt8no=,wsNhTOEMjmThr6pEAhW6ztIw3RM=
-55,-131,1vgBgKQR/efm1DFT/V3pPaPt8no=,wsNhTOEMjmThr6pEAhW6ztIw3RM=
-56,-131,1vgBgKQR/efm1DFT/V3pPaPt8no=,wsNhTOEMjmThr6pEAhW6ztIw3RM=
-60,-140,1vgBgKQR/efm1DFT/V3pPaPt8no=,wsNhTOEMjmThr6pEAhW6ztIw3RM=
-58,-131,1vgBgKQR/efm1DFT/V3pPaPt8no=,wsNhTOEMjmThr6pEAhW6ztIw3RM=
-57,-131,1vgBgKQR/efm1DFT/V3pPaPt8no=,wsNhTOEMjmThr6pEAhW6ztIw3RM=
-59,-131,1vgBgKQR/efm1DFT/V3pPaPt8no=,wsNhTOEMjmThr6pEAhW6ztIw3RM=
-60,-131,1vgBgKQR/efm1DFT/V3pPaPt8no=,wsNhTOEMjmThr6pEAhW6ztIw3RM=
-61,-131,1vgBgKQR/efm1DFT/V3pPaPt8no=,wsNhTOEMjmThr6pEAhW6ztIw3RM=
-59,-140,1vgBgKQR/efm1DFT/V3pPaPt8no=,wsNhTOEMjmThr6pEAhW6ztIw3RM=
-63,-131,1vgBgKQR/efm1DFT/V3pPaPt8no=,wsNhTOEMjmThr6pEAhW6ztIw3RM=
-64,-131,1vgBgKQR/efm1DFT/V3pPaPt8no=,wsNhTOEMjmThr6pEAhW6ztIw3RM=
-49,-132,1vgBgKQR/efm1DFT/V3pPaPt8no=,wsNhTOEMjmThr6pEAhW6ztIw3RM=
-58,-140,1vgBgKQR/efm1DFT/V3pPaPt8no=,wsNhTOEMjmThr6pEAhW6ztIw3RM=
-51,-132,1vgBgKQR/efm1DFT/V3pPaPt8no=,wsNhTOEMjmThr6pEAhW6ztIw3RM=
-57,-140,1vgBgKQR/efm1DFT/V3pPaPt8no=,wsNhTOEMjmThr6pEAhW6ztIw3RM=
-64,-143,1vgBgKQR/efm1DFT/V3pPaPt8no=,wsNhTOEMjmThr6pEAhW6ztIw3RM=
-52,-132,1vgBgKQR/efm1DFT/V3pPaPt8no=,wsNhTOEMjmThr6pEAhW6ztIw3RM=
-49,-144,1vgBgKQR/efm1DFT/V3pPaPt8no=,wsNhTOEMjmThr6pEAhW6ztIw3RM=
-62,-131,1vgBgKQR/efm1DFT/V3pPaPt8no=,wsNhTOEMjmThr6pEAhW6ztIw3RM=
-51,-144,1vgBgKQR/efm1DFT/V3pPaPt8no=,wsNhTOEMjmThr6pEAhW6ztIw3RM=
-56,-140,1vgBgKQR/efm1DFT/V3pPaPt8no=,wsNhTOEMjmThr6pEAhW6ztIw3RM=
-52,-144,1vgBgKQR/efm1DFT/V3pPaPt8no=,wsNhTOEMjmThr6pEAhW6ztIw3RM=
-63,-143,1vgBgKQR/efm1DFT/V3pPaPt8no=,wsNhTOEMjmThr6pEAhW6ztIw3RM=
-53,-144,1vgBgKQR/efm1DFT/V3pPaPt8no=,wsNhTOEMjmThr6pEAhW6ztIw3RM=
-55,-140,1vgBgKQR/efm1DFT/V3pPaPt8no=,wsNhTOEMjmThr6pEAhW6ztIw3RM=
-50,-144,1vgBgKQR/efm1DFT/V3pPaPt8no=,wsNhTOEMjmThr6pEAhW6ztIw3RM=
-54,-144,1vgBgKQR/efm1DFT/V3pPaPt8no=,wsNhTOEMjmThr6pEAhW6ztIw3RM=
-55,-144,1vgBgKQR/efm1DFT/V3pPaPt8no=,wsNhTOEMjmThr6pEAhW6ztIw3RM=
-56,-144,1vgBgKQR/efm1DFT/V3pPaPt8no=,wsNhTOEMjmThr6pEAhW6ztIw3RM=
-57,-144,1vgBgKQR/efm1DFT/V3pPaPt8no=,wsNhTOEMjmThr6pEAhW6ztIw3RM=
-64,-142,1vgBgKQR/efm1DFT/V3pPaPt8no=,wsNhTOEMjmThr6pEAhW6ztIw3RM=
-58,-144,1vgBgKQR/efm1DFT/V3pPaPt8no=,wsNhTOEMjmThr6pEAhW6ztIw3RM=
-59,-144,1vgBgKQR/efm1DFT/V3pPaPt8no=,wsNhTOEMjmThr6pEAhW6ztIw3RM=
-63,-144,1vgBgKQR/efm1DFT/V3pPaPt8no=,wsNhTOEMjmThr6pEAhW6ztIw3RM=
-53,-132,1vgBgKQR/efm1DFT/V3pPaPt8no=,wsNhTOEMjmThr6pEAhW6ztIw3RM=
-54,-132,1vgBgKQR/efm1DFT/V3pPaPt8no=,wsNhTOEMjmThr6pEAhW6ztIw3RM=
-49,-142,1vgBgKQR/efm1DFT/V3pPaPt8no=,wsNhTOEMjmThr6pEAhW6ztIw3RM=
-55,-132,1vgBgKQR/efm1DFT/V3pPaPt8no=,wsNhTOEMjmThr6pEAhW6ztIw3RM=
-56,-132,1vgBgKQR/efm1DFT/V3pPaPt8no=,wsNhTOEMjmThr6pEAhW6ztIw3RM=
-56,-141,1vgBgKQR/efm1DFT/V3pPaPt8no=,wsNhTOEMjmThr6pEAhW6ztIw3RM=
-55,-142,1vgBgKQR/efm1DFT/V3pPaPt8no=,wsNhTOEMjmThr6pEAhW6ztIw3RM=
-57,-132,1vgBgKQR/efm1DFT/V3pPaPt8no=,wsNhTOEMjmThr6pEAhW6ztIw3RM=
-59,-132,1vgBgKQR/efm1DFT/V3pPaPt8no=,wsNhTOEMjmThr6pEAhW6ztIw3RM=
-58,-132,1vgBgKQR/efm1DFT/V3pPaPt8no=,wsNhTOEMjmThr6pEAhW6ztIw3RM=
-54,-140,1vgBgKQR/efm1DFT/V3pPaPt8no=,wsNhTOEMjmThr6pEAhW6ztIw3RM=
-60,-132,1vgBgKQR/efm1DFT/V3pPaPt8no=,wsNhTOEMjmThr6pEAhW6ztIw3RM=
-61,-132,1vgBgKQR/efm1DFT/V3pPaPt8no=,wsNhTOEMjmThr6pEAhW6ztIw3RM=
-63,-132,1vgBgKQR/efm1DFT/V3pPaPt8no=,wsNhTOEMjmThr6pEAhW6ztIw3RM=
-62,-132,1vgBgKQR/efm1DFT/V3pPaPt8no=,wsNhTOEMjmThr6pEAhW6ztIw3RM=
-64,-132,1vgBgKQR/efm1DFT/V3pPaPt8no=,wsNhTOEMjmThr6pEAhW6ztIw3RM=
-53,-140,1vgBgKQR/efm1DFT/V3pPaPt8no=,wsNhTOEMjmThr6pEAhW6ztIw3RM=
-49,-133,1vgBgKQR/efm1DFT/V3pPaPt8no=,wsNhTOEMjmThr6pEAhW6ztIw3RM=
-51,-133,1vgBgKQR/efm1DFT/V3pPaPt8no=,wsNhTOEMjmThr6pEAhW6ztIw3RM=
-53,-133,1vgBgKQR/efm1DFT/V3pPaPt8no=,wsNhTOEMjmThr6pEAhW6ztIw3RM=
-52,-133,1vgBgKQR/efm1DFT/V3pPaPt8no=,wsNhTOEMjmThr6pEAhW6ztIw3RM=
-52,-140,1vgBgKQR/efm1DFT/V3pPaPt8no=,wsNhTOEMjmThr6pEAhW6ztIw3RM=
-57,-141,1vgBgKQR/efm1DFT/V3pPaPt8no=,wsNhTOEMjmThr6pEAhW6ztIw3RM=
-54,-133,1vgBgKQR/efm1DFT/V3pPaPt8no=,wsNhTOEMjmThr6pEAhW6ztIw3RM=
-56,-142,1vgBgKQR/efm1DFT/V3pPaPt8no=,wsNhTOEMjmThr6pEAhW6ztIw3RM=
-55,-133,1vgBgKQR/efm1DFT/V3pPaPt8no=,wsNhTOEMjmThr6pEAhW6ztIw3RM=
-51,-140,1vgBgKQR/efm1DFT/V3pPaPt8no=,wsNhTOEMjmThr6pEAhW6ztIw3RM=
-50,-133,1vgBgKQR/efm1DFT/V3pPaPt8no=,wsNhTOEMjmThr6pEAhW6ztIw3RM=
-56,-133,1vgBgKQR/efm1DFT/V3pPaPt8no=,wsNhTOEMjmThr6pEAhW6ztIw3RM=
-57,-133,1vgBgKQR/efm1DFT/V3pPaPt8no=,wsNhTOEMjmThr6pEAhW6ztIw3RM=
-58,-133,1vgBgKQR/efm1DFT/V3pPaPt8no=,wsNhTOEMjmThr6pEAhW6ztIw3RM=
-59,-133,1vgBgKQR/efm1DFT/V3pPaPt8no=,wsNhTOEMjmThr6pEAhW6ztIw3RM=
-60,-133,1vgBgKQR/efm1DFT/V3pPaPt8no=,wsNhTOEMjmThr6pEAhW6ztIw3RM=
-62,-133,1vgBgKQR/efm1DFT/V3pPaPt8no=,wsNhTOEMjmThr6pEAhW6ztIw3RM=
-61,-133,1vgBgKQR/efm1DFT/V3pPaPt8no=,wsNhTOEMjmThr6pEAhW6ztIw3RM=
-50,-140,1vgBgKQR/efm1DFT/V3pPaPt8no=,wsNhTOEMjmThr6pEAhW6ztIw3RM=
-63,-133,1vgBgKQR/efm1DFT/V3pPaPt8no=,wsNhTOEMjmThr6pEAhW6ztIw3RM=
-64,-133,1vgBgKQR/efm1DFT/V3pPaPt8no=,wsNhTOEMjmThr6pEAhW6ztIw3RM=
-49,-134,1vgBgKQR/efm1DFT/V3pPaPt8no=,wsNhTOEMjmThr6pEAhW6ztIw3RM=
-49,-140,1vgBgKQR/efm1DFT/V3pPaPt8no=,wsNhTOEMjmThr6pEAhW6ztIw3RM=
-50,-134,1vgBgKQR/efm1DFT/V3pPaPt8no=,wsNhTOEMjmThr6pEAhW6ztIw3RM=
-51,-134,1vgBgKQR/efm1DFT/V3pPaPt8no=,wsNhTOEMjmThr6pEAhW6ztIw3RM=
-58,-141,1vgBgKQR/efm1DFT/V3pPaPt8no=,wsNhTOEMjmThr6pEAhW6ztIw3RM=
-53,-134,1vgBgKQR/efm1DFT/V3pPaPt8no=,wsNhTOEMjmThr6pEAhW6ztIw3RM=
-54,-134,1vgBgKQR/efm1DFT/V3pPaPt8no=,wsNhTOEMjmThr6pEAhW6ztIw3RM=
-64,-139,1vgBgKQR/efm1DFT/V3pPaPt8no=,wsNhTOEMjmThr6pEAhW6ztIw3RM=
-57,-142,1vgBgKQR/efm1DFT/V3pPaPt8no=,wsNhTOEMjmThr6pEAhW6ztIw3RM=
-55,-134,1vgBgKQR/efm1DFT/V3pPaPt8no=,wsNhTOEMjmThr6pEAhW6ztIw3RM=
-52,-134,1vgBgKQR/efm1DFT/V3pPaPt8no=,wsNhTOEMjmThr6pEAhW6ztIw3RM=
-56,-134,1vgBgKQR/efm1DFT/V3pPaPt8no=,wsNhTOEMjmThr6pEAhW6ztIw3RM=
-57,-134,1vgBgKQR/efm1DFT/V3pPaPt8no=,wsNhTOEMjmThr6pEAhW6ztIw3RM=
-58,-134,1vgBgKQR/efm1DFT/V3pPaPt8no=,wsNhTOEMjmThr6pEAhW6ztIw3RM=
-63,-139,1vgBgKQR/efm1DFT/V3pPaPt8no=,wsNhTOEMjmThr6pEAhW6ztIw3RM=
-59,-134,1vgBgKQR/efm1DFT/V3pPaPt8no=,wsNhTOEMjmThr6pEAhW6ztIw3RM=
-60,-134,1vgBgKQR/efm1DFT/V3pPaPt8no=,wsNhTOEMjmThr6pEAhW6ztIw3RM=
-61,-134,1vgBgKQR/efm1DFT/V3pPaPt8no=,wsNhTOEMjmThr6pEAhW6ztIw3RM=
-62,-134,1vgBgKQR/efm1DFT/V3pPaPt8no=,wsNhTOEMjmThr6pEAhW6ztIw3RM=
-63,-134,1vgBgKQR/efm1DFT/V3pPaPt8no=,wsNhTOEMjmThr6pEAhW6ztIw3RM=
-64,-134,1vgBgKQR/efm1DFT/V3pPaPt8no=,wsNhTOEMjmThr6pEAhW6ztIw3RM=
-62,-139,1vgBgKQR/efm1DFT/V3pPaPt8no=,wsNhTOEMjmThr6pEAhW6ztIw3RM=
-49,-135,1vgBgKQR/efm1DFT/V3pPaPt8no=,wsNhTOEMjmThr6pEAhW6ztIw3RM=
-50,-135,1vgBgKQR/efm1DFT/V3pPaPt8no=,wsNhTOEMjmThr6pEAhW6ztIw3RM=
-59,-141,1vgBgKQR/efm1DFT/V3pPaPt8no=,wsNhTOEMjmThr6pEAhW6ztIw3RM=
-58,-142,1vgBgKQR/efm1DFT/V3pPaPt8no=,wsNhTOEMjmThr6pEAhW6ztIw3RM=
-51,-135,1vgBgKQR/efm1DFT/V3pPaPt8no=,wsNhTOEMjmThr6pEAhW6ztIw3RM=
-52,-135,1vgBgKQR/efm1DFT/V3pPaPt8no=,wsNhTOEMjmThr6pEAhW6ztIw3RM=
-61,-139,1vgBgKQR/efm1DFT/V3pPaPt8no=,wsNhTOEMjmThr6pEAhW6ztIw3RM=
-53,-135,1vgBgKQR/efm1DFT/V3pPaPt8no=,wsNhTOEMjmThr6pEAhW6ztIw3RM=
-60,-139,1vgBgKQR/efm1DFT/V3pPaPt8no=,wsNhTOEMjmThr6pEAhW6ztIw3RM=
-54,-135,1vgBgKQR/efm1DFT/V3pPaPt8no=,wsNhTOEMjmThr6pEAhW6ztIw3RM=
-55,-135,1vgBgKQR/efm1DFT/V3pPaPt8no=,wsNhTOEMjmThr6pEAhW6ztIw3RM=
-56,-135,1vgBgKQR/efm1DFT/V3pPaPt8no=,wsNhTOEMjmThr6pEAhW6ztIw3RM=
-57,-135,1vgBgKQR/efm1DFT/V3pPaPt8no=,wsNhTOEMjmThr6pEAhW6ztIw3RM=
-58,-135,1vgBgKQR/efm1DFT/V3pPaPt8no=,wsNhTOEMjmThr6pEAhW6ztIw3RM=
-60,-135,1vgBgKQR/efm1DFT/V3pPaPt8no=,wsNhTOEMjmThr6pEAhW6ztIw3RM=
-61,-135,1vgBgKQR/efm1DFT/V3pPaPt8no=,wsNhTOEMjmThr6pEAhW6ztIw3RM=
-59,-139,1vgBgKQR/efm1DFT/V3pPaPt8no=,wsNhTOEMjmThr6pEAhW6ztIw3RM=
-62,-135,1vgBgKQR/efm1DFT/V3pPaPt8no=,wsNhTOEMjmThr6pEAhW6ztIw3RM=
-63,-135,1vgBgKQR/efm1DFT/V3pPaPt8no=,wsNhTOEMjmThr6pEAhW6ztIw3RM=
-64,-135,1vgBgKQR/efm1DFT/V3pPaPt8no=,wsNhTOEMjmThr6pEAhW6ztIw3RM=
-59,-142,1vgBgKQR/efm1DFT/V3pPaPt8no=,wsNhTOEMjmThr6pEAhW6ztIw3RM=
-58,-139,1vgBgKQR/efm1DFT/V3pPaPt8no=,wsNhTOEMjmThr6pEAhW6ztIw3RM=
-60,-141,1vgBgKQR/efm1DFT/V3pPaPt8no=,wsNhTOEMjmThr6pEAhW6ztIw3RM=
-59,-135,1vgBgKQR/efm1DFT/V3pPaPt8no=,wsNhTOEMjmThr6pEAhW6ztIw3RM=
-49,-136,1vgBgKQR/efm1DFT/V3pPaPt8no=,wsNhTOEMjmThr6pEAhW6ztIw3RM=
-50,-136,1vgBgKQR/efm1DFT/V3pPaPt8no=,wsNhTOEMjmThr6pEAhW6ztIw3RM=
-52,-136,1vgBgKQR/efm1DFT/V3pPaPt8no=,wsNhTOEMjmThr6pEAhW6ztIw3RM=
-51,-136,1vgBgKQR/efm1DFT/V3pPaPt8no=,wsNhTOEMjmThr6pEAhW6ztIw3RM=
-57,-139,1vgBgKQR/efm1DFT/V3pPaPt8no=,wsNhTOEMjmThr6pEAhW6ztIw3RM=
-54,-136,1vgBgKQR/efm1DFT/V3pPaPt8no=,wsNhTOEMjmThr6pEAhW6ztIw3RM=
-53,-136,1vgBgKQR/efm1DFT/V3pPaPt8no=,wsNhTOEMjmThr6pEAhW6ztIw3RM=
-55,-136,1vgBgKQR/efm1DFT/V3pPaPt8no=,wsNhTOEMjmThr6pEAhW6ztIw3RM=
-56,-136,1vgBgKQR/efm1DFT/V3pPaPt8no=,wsNhTOEMjmThr6pEAhW6ztIw3RM=
-63,-142,1vgBgKQR/efm1DFT/V3pPaPt8no=,wsNhTOEMjmThr6pEAhW6ztIw3RM=
-58,-136,1vgBgKQR/efm1DFT/V3pPaPt8no=,wsNhTOEMjmThr6pEAhW6ztIw3RM=
-57,-136,1vgBgKQR/efm1DFT/V3pPaPt8no=,wsNhTOEMjmThr6pEAhW6ztIw3RM=
-59,-136,1vgBgKQR/efm1DFT/V3pPaPt8no=,wsNhTOEMjmThr6pEAhW6ztIw3RM=
-60,-136,1vgBgKQR/efm1DFT/V3pPaPt8no=,wsNhTOEMjmThr6pEAhW6ztIw3RM=
-61,-136,1vgBgKQR/efm1DFT/V3pPaPt8no=,wsNhTOEMjmThr6pEAhW6ztIw3RM=
-62,-136,1vgBgKQR/efm1DFT/V3pPaPt8no=,wsNhTOEMjmThr6pEAhW6ztIw3RM=
-64,-141,1vgBgKQR/efm1DFT/V3pPaPt8no=,wsNhTOEMjmThr6pEAhW6ztIw3RM=
-61,-141,1vgBgKQR/efm1DFT/V3pPaPt8no=,wsNhTOEMjmThr6pEAhW6ztIw3RM=
-64,-136,1vgBgKQR/efm1DFT/V3pPaPt8no=,wsNhTOEMjmThr6pEAhW6ztIw3RM=
-63,-136,1vgBgKQR/efm1DFT/V3pPaPt8no=,wsNhTOEMjmThr6pEAhW6ztIw3RM=
-60,-142,1vgBgKQR/efm1DFT/V3pPaPt8no=,wsNhTOEMjmThr6pEAhW6ztIw3RM=
-49,-137,1vgBgKQR/efm1DFT/V3pPaPt8no=,wsNhTOEMjmThr6pEAhW6ztIw3RM=
-50,-137,1vgBgKQR/efm1DFT/V3pPaPt8no=,wsNhTOEMjmThr6pEAhW6ztIw3RM=
-56,-139,1vgBgKQR/efm1DFT/V3pPaPt8no=,wsNhTOEMjmThr6pEAhW6ztIw3RM=
-52,-137,1vgBgKQR/efm1DFT/V3pPaPt8no=,wsNhTOEMjmThr6pEAhW6ztIw3RM=
-51,-137,1vgBgKQR/efm1DFT/V3pPaPt8no=,wsNhTOEMjmThr6pEAhW6ztIw3RM=
-54,-137,1vgBgKQR/efm1DFT/V3pPaPt8no=,wsNhTOEMjmThr6pEAhW6ztIw3RM=
-53,-137,1vgBgKQR/efm1DFT/V3pPaPt8no=,wsNhTOEMjmThr6pEAhW6ztIw3RM=
-55,-137,1vgBgKQR/efm1DFT/V3pPaPt8no=,wsNhTOEMjmThr6pEAhW6ztIw3RM=
-55,-139,1vgBgKQR/efm1DFT/V3pPaPt8no=,wsNhTOEMjmThr6pEAhW6ztIw3RM=
-57,-137,1vgBgKQR/efm1DFT/V3pPaPt8no=,wsNhTOEMjmThr6pEAhW6ztIw3RM=
-58,-137,1vgBgKQR/efm1DFT/V3pPaPt8no=,wsNhTOEMjmThr6pEAhW6ztIw3RM=
-54,-139,1vgBgKQR/efm1DFT/V3pPaPt8no=,wsNhTOEMjmThr6pEAhW6ztIw3RM=
-59,-137,1vgBgKQR/efm1DFT/V3pPaPt8no=,wsNhTOEMjmThr6pEAhW6ztIw3RM=
-62,-141,1vgBgKQR/efm1DFT/V3pPaPt8no=,wsNhTOEMjmThr6pEAhW6ztIw3RM=
-56,-137,1vgBgKQR/efm1DFT/V3pPaPt8no=,wsNhTOEMjmThr6pEAhW6ztIw3RM=
-62,-137,1vgBgKQR/efm1DFT/V3pPaPt8no=,wsNhTOEMjmThr6pEAhW6ztIw3RM=
-61,-142,1vgBgKQR/efm1DFT/V3pPaPt8no=,wsNhTOEMjmThr6pEAhW6ztIw3RM=
-53,-139,1vgBgKQR/efm1DFT/V3pPaPt8no=,wsNhTOEMjmThr6pEAhW6ztIw3RM=
-64,-137,1vgBgKQR/efm1DFT/V3pPaPt8no=,wsNhTOEMjmThr6pEAhW6ztIw3RM=
-49,-138,1vgBgKQR/efm1DFT/V3pPaPt8no=,wsNhTOEMjmThr6pEAhW6ztIw3RM=
-62,-138,1vgBgKQR/efm1DFT/V3pPaPt8no=,wsNhTOEMjmThr6pEAhW6ztIw3RM=
-64,-138,1vgBgKQR/efm1DFT/V3pPaPt8no=,wsNhTOEMjmThr6pEAhW6ztIw3RM=
-49,-139,1vgBgKQR/efm1DFT/V3pPaPt8no=,wsNhTOEMjmThr6pEAhW6ztIw3RM=
-50,-139,1vgBgKQR/efm1DFT/V3pPaPt8no=,wsNhTOEMjmThr6pEAhW6ztIw3RM=
-63,-138,1vgBgKQR/efm1DFT/V3pPaPt8no=,wsNhTOEMjmThr6pEAhW6ztIw3RM=
-51,-139,1vgBgKQR/efm1DFT/V3pPaPt8no=,wsNhTOEMjmThr6pEAhW6ztIw3RM=
-50,-138,1vgBgKQR/efm1DFT/V3pPaPt8no=,wsNhTOEMjmThr6pEAhW6ztIw3RM=
-52,-138,1vgBgKQR/efm1DFT/V3pPaPt8no=,wsNhTOEMjmThr6pEAhW6ztIw3RM=
-51,-138,1vgBgKQR/efm1DFT/V3pPaPt8no=,wsNhTOEMjmThr6pEAhW6ztIw3RM=
-52,-139,1vgBgKQR/efm1DFT/V3pPaPt8no=,wsNhTOEMjmThr6pEAhW6ztIw3RM=
-60,-137,1vgBgKQR/efm1DFT/V3pPaPt8no=,wsNhTOEMjmThr6pEAhW6ztIw3RM=
-54,-138,1vgBgKQR/efm1DFT/V3pPaPt8no=,wsNhTOEMjmThr6pEAhW6ztIw3RM=
-58,-138,1vgBgKQR/efm1DFT/V3pPaPt8no=,wsNhTOEMjmThr6pEAhW6ztIw3RM=
-53,-138,1vgBgKQR/efm1DFT/V3pPaPt8no=,wsNhTOEMjmThr6pEAhW6ztIw3RM=
-63,-141,1vgBgKQR/efm1DFT/V3pPaPt8no=,wsNhTOEMjmThr6pEAhW6ztIw3RM=
-50,-132,1vgBgKQR/efm1DFT/V3pPaPt8no=,wsNhTOEMjmThr6pEAhW6ztIw3RM=
-62,-142,1vgBgKQR/efm1DFT/V3pPaPt8no=,wsNhTOEMjmThr6pEAhW6ztIw3RM=
-57,-138,1vgBgKQR/efm1DFT/V3pPaPt8no=,wsNhTOEMjmThr6pEAhW6ztIw3RM=
-59,-138,1vgBgKQR/efm1DFT/V3pPaPt8no=,wsNhTOEMjmThr6pEAhW6ztIw3RM=
-61,-138,1vgBgKQR/efm1DFT/V3pPaPt8no=,wsNhTOEMjmThr6pEAhW6ztIw3RM=
-63,-137,1vgBgKQR/efm1DFT/V3pPaPt8no=,wsNhTOEMjmThr6pEAhW6ztIw3RM=
-61,-137,1vgBgKQR/efm1DFT/V3pPaPt8no=,wsNhTOEMjmThr6pEAhW6ztIw3RM=
-55,-138,1vgBgKQR/efm1DFT/V3pPaPt8no=,wsNhTOEMjmThr6pEAhW6ztIw3RM=
-60,-138,1vgBgKQR/efm1DFT/V3pPaPt8no=,wsNhTOEMjmThr6pEAhW6ztIw3RM=
-56,-138,1vgBgKQR/efm1DFT/V3pPaPt8no=,wsNhTOEMjmThr6pEAhW6ztIw3RM=
