51,-80,OOtLPaPzgdejyiK9+nX7tWdPrV0=,iipJfO1Hn602P4+f1OGljG7KRAg=
62,-78,OOtLPaPzgdejyiK9+nX7tWdPrV0=,iipJfO1Hn602P4+f1OGljG7KRAg=
63,-78,OOtLPaPzgdejyiK9+nX7tWdPrV0=,iipJfO1Hn602P4+f1OGljG7KRAg=
48,-77,OOtLPaPzgdejyiK9+nX7tWdPrV0=,iipJfO1Hn602P4+f1OGljG7KRAg=
49,-77,OOtLPaPzgdejyiK9+nX7tWdPrV0=,iipJfO1Hn602P4+f1OGljG7KRAg=
50,-77,OOtLPaPzgdejyiK9+nX7tWdPrV0=,iipJfO1Hn602P4+f1OGljG7KRAg=
48,-78,OOtLPaPzgdejyiK9+nX7tWdPrV0=,iipJfO1Hn602P4+f1OGljG7KRAg=
52,-80,OOtLPaPzgdejyiK9+nX7tWdPrV0=,iipJfO1Hn602P4+f1OGljG7KRAg=
51,-77,OOtLPaPzgdejyiK9+nX7tWdPrV0=,iipJfO1Hn602P4+f1OGljG7KRAg=
52,-77,OOtLPaPzgdejyiK9+nX7tWdPrV0=,iipJfO1Hn602P4+f1OGljG7KRAg=
53,-77,OOtLPaPzgdejyiK9+nX7tWdPrV0=,iipJfO1Hn602P4+f1OGljG7KRAg=
54,-77,OOtLPaPzgdejyiK9+nX7tWdPrV0=,iipJfO1Hn602P4+f1OGljG7KRAg=
55,-77,OOtLPaPzgdejyiK9+nX7tWdPrV0=,iipJfO1Hn602P4+f1OGljG7KRAg=
56,-77,OOtLPaPzgdejyiK9+nX7tWdPrV0=,iipJfO1Hn602P4+f1OGljG7KRAg=
57,-77,OOtLPaPzgdejyiK9+nX7tWdPrV0=,iipJfO1Hn602P4+f1OGljG7KRAg=
58,-77,OOtLPaPzgdejyiK9+nX7tWdPrV0=,iipJfO1Hn602P4+f1OGljG7KRAg=
60,-65,OOtLPaPzgdejyiK9+nX7tWdPrV0=,iipJfO1Hn602P4+f1OGljG7KRAg=
63,-65,OOtLPaPzgdejyiK9+nX7tWdPrV0=,iipJfO1Hn602P4+f1OGljG7KRAg=
59,-77,OOtLPaPzgdejyiK9+nX7tWdPrV0=,iipJfO1Hn602P4+f1OGljG7KRAg=
60,-77,OOtLPaPzgdejyiK9+nX7tWdPrV0=,iipJfO1Hn602P4+f1OGljG7KRAg=
61,-65,OOtLPaPzgdejyiK9+nX7tWdPrV0=,iipJfO1Hn602P4+f1OGljG7KRAg=
62,-65,OOtLPaPzgdejyiK9+nX7tWdPrV0=,iipJfO1Hn602P4+f1OGljG7KRAg=
61,-77,OOtLPaPzgdejyiK9+nX7tWdPrV0=,iipJfO1Hn602P4+f1OGljG7KRAg=
58,-65,OOtLPaPzgdejyiK9+nX7tWdPrV0=,iipJfO1Hn602P4+f1OGljG7KRAg=
53,-65,OOtLPaPzgdejyiK9+nX7tWdPrV0=,iipJfO1Hn602P4+f1OGljG7KRAg=
52,-65,OOtLPaPzgdejyiK9+nX7tWdPrV0=,iipJfO1Hn602P4+f1OGljG7KRAg=
50,-65,OOtLPaPzgdejyiK9+nX7tWdPrV0=,iipJfO1Hn602P4+f1OGljG7KRAg=
49,-79,OOtLPaPzgdejyiK9+nX7tWdPrV0=,iipJfO1Hn602P4+f1OGljG7KRAg=
61,-78,OOtLPaPzgdejyiK9+nX7tWdPrV0=,iipJfO1Hn602P4+f1OGljG7KRAg=
62,-79,OOtLPaPzgdejyiK9+nX7tWdPrV0=,iipJfO1Hn602P4+f1OGljG7KRAg=
49,-65,OOtLPaPzgdejyiK9+nX7tWdPrV0=,iipJfO1Hn602P4+f1OGljG7KRAg=
51,-65,OOtLPaPzgdejyiK9+nX7tWdPrV0=,iipJfO1Hn602P4+f1OGljG7KRAg=
63,-79,OOtLPaPzgdejyiK9+nX7tWdPrV0=,iipJfO1Hn602P4+f1OGljG7KRAg=
59,-79,OOtLPaPzgdejyiK9+nX7tWdPrV0=,iipJfO1Hn602P4+f1OGljG7KRAg=
61,-79,OOtLPaPzgdejyiK9+nX7tWdPrV0=,iipJfO1Hn602P4+f1OGljG7KRAg=
60,-79,OOtLPaPzgdejyiK9+nX7tWdPrV0=,iipJfO1Hn602P4+f1OGljG7KRAg=
58,-79,OOtLPaPzgdejyiK9+nX7tWdPrV0=,iipJfO1Hn602P4+f1OGljG7KRAg=
57,-79,OOtLPaPzgdejyiK9+nX7tWdPrV0=,iipJfO1Hn602P4+f1OGljG7KRAg=
56,-79,OOtLPaPzgdejyiK9+nX7tWdPrV0=,iipJfO1Hn602P4+f1OGljG7KRAg=
55,-79,OOtLPaPzgdejyiK9+nX7tWdPrV0=,iipJfO1Hn602P4+f1OGljG7KRAg=
54,-79,OOtLPaPzgdejyiK9+nX7tWdPrV0=,iipJfO1Hn602P4+f1OGljG7KRAg=
53,-79,OOtLPaPzgdejyiK9+nX7tWdPrV0=,iipJfO1Hn602P4+f1OGljG7KRAg=
52,-79,OOtLPaPzgdejyiK9+nX7tWdPrV0=,iipJfO1Hn602P4+f1OGljG7KRAg=
51,-79,OOtLPaPzgdejyiK9+nX7tWdPrV0=,iipJfO1Hn602P4+f1OGljG7KRAg=
48,-65,OOtLPaPzgdejyiK9+nX7tWdPrV0=,iipJfO1Hn602P4+f1OGljG7KRAg=
62,-77,OOtLPaPzgdejyiK9+nX7tWdPrV0=,iipJfO1Hn602P4+f1OGljG7KRAg=
49,-78,OOtLPaPzgdejyiK9+nX7tWdPrV0=,iipJfO1Hn602P4+f1OGljG7KRAg=
50,-79,OOtLPaPzgdejyiK9+nX7tWdPrV0=,iipJfO1Hn602P4+f1OGljG7KRAg=
57,-65,OOtLPaPzgdejyiK9+nX7tWdPrV0=,iipJfO1Hn602P4+f1OGljG7KRAg=
59,-65,OOtLPaPzgdejyiK9+nX7tWdPrV0=,iipJfO1Hn602P4+f1OGljG7KRAg=
50,-80,OOtLPaPzgdejyiK9+nX7tWdPrV0=,iipJfO1Hn602P4+f1OGljG7KRAg=
60,-78,OOtLPaPzgdejyiK9+nX7tWdPrV0=,iipJfO1Hn602P4+f1OGljG7KRAg=
56,-65,OOtLPaPzgdejyiK9+nX7tWdPrV0=,iipJfO1Hn602P4+f1OGljG7KRAg=
54,-65,OOtLPaPzgdejyiK9+nX7tWdPrV0=,iipJfO1Hn602P4+f1OGljG7KRAg=
55,-65,OOtLPaPzgdejyiK9+nX7tWdPrV0=,iipJfO1Hn602P4+f1OGljG7KRAg=
63,-77,OOtLPaPzgdejyiK9+nX7tWdPrV0=,iipJfO1Hn602P4+f1OGljG7KRAg=
48,-76,OOtLPaPzgdejyiK9+nX7tWdPrV0=,iipJfO1Hn602P4+f1OGljG7KRAg=
49,-76,OOtLPaPzgdejyiK9+nX7tWdPrV0=,iipJfO1Hn602P4+f1OGljG7KRAg=
51,-76,OOtLPaPzgdejyiK9+nX7tWdPrV0=,iipJfO1Hn602P4+f1OGljG7KRAg=
50,-76,OOtLPaPzgdejyiK9+nX7tWdPrV0=,iipJfO1Hn602P4+f1OGljG7KRAg=
52,-76,OOtLPaPzgdejyiK9+nX7tWdPrV0=,iipJfO1Hn602P4+f1OGljG7KRAg=
50,-78,OOtLPaPzgdejyiK9+nX7tWdPrV0=,iipJfO1Hn602P4+f1OGljG7KRAg=
53,-80,OOtLPaPzgdejyiK9+nX7tWdPrV0=,iipJfO1Hn602P4+f1OGljG7KRAg=
53,-76,OOtLPaPzgdejyiK9+nX7tWdPrV0=,iipJfO1Hn602P4+f1OGljG7KRAg=
54,-76,OOtLPaPzgdejyiK9+nX7tWdPrV0=,iipJfO1Hn602P4+f1OGljG7KRAg=
55,-76,OOtLPaPzgdejyiK9+nX7tWdPrV0=,iipJfO1Hn602P4+f1OGljG7KRAg=
57,-76,OOtLPaPzgdejyiK9+nX7tWdPrV0=,iipJfO1Hn602P4+f1OGljG7KRAg=
56,-76,OOtLPaPzgdejyiK9+nX7tWdPrV0=,iipJfO1Hn602P4+f1OGljG7KRAg=
59,-76,OOtLPaPzgdejyiK9+nX7tWdPrV0=,iipJfO1Hn602P4+f1OGljG7KRAg=
58,-76,OOtLPaPzgdejyiK9+nX7tWdPrV0=,iipJfO1Hn602P4+f1OGljG7KRAg=
62,-66,OOtLPaPzgdejyiK9+nX7tWdPrV0=,iipJfO1Hn602P4+f1OGljG7KRAg=
63,-66,OOtLPaPzgdejyiK9+nX7tWdPrV0=,iipJfO1Hn602P4+f1OGljG7KRAg=
61,-66,OOtLPaPzgdejyiK9+nX7tWdPrV0=,iipJfO1Hn602P4+f1OGljG7KRAg=
60,-66,OOtLPaPzgdejyiK9+nX7tWdPrV0=,iipJfO1Hn602P4+f1OGljG7KRAg=
59,-66,OOtLPaPzgdejyiK9+nX7tWdPrV0=,iipJfO1Hn602P4+f1OGljG7KRAg=
53,-66,OOtLPaPzgdejyiK9+nX7tWdPrV0=,iipJfO1Hn602P4+f1OGljG7KRAg=
51,-66,OOtLPaPzgdejyiK9+nX7tWdPrV0=,iipJfO1Hn602P4+f1OGljG7KRAg=
52,-66,OOtLPaPzgdejyiK9+nX7tWdPrV0=,iipJfO1Hn602P4+f1OGljG7KRAg=
50,-66,OOtLPaPzgdejyiK9+nX7tWdPrV0=,iipJfO1Hn602P4+f1OGljG7KRAg=
49,-66,OOtLPaPzgdejyiK9+nX7tWdPrV0=,iipJfO1Hn602P4+f1OGljG7KRAg=
48,-66,OOtLPaPzgdejyiK9+nX7tWdPrV0=,iipJfO1Hn602P4+f1OGljG7KRAg=
57,-66,OOtLPaPzgdejyiK9+nX7tWdPrV0=,iipJfO1Hn602P4+f1OGljG7KRAg=
58,-66,OOtLPaPzgdejyiK9+nX7tWdPrV0=,iipJfO1Hn602P4+f1OGljG7KRAg=
60,-76,OOtLPaPzgdejyiK9+nX7tWdPrV0=,iipJfO1Hn602P4+f1OGljG7KRAg=
48,-79,OOtLPaPzgdejyiK9+nX7tWdPrV0=,iipJfO1Hn602P4+f1OGljG7KRAg=
63,-80,OOtLPaPzgdejyiK9+nX7tWdPrV0=,iipJfO1Hn602P4+f1OGljG7KRAg=
54,-66,OOtLPaPzgdejyiK9+nX7tWdPrV0=,iipJfO1Hn602P4+f1OGljG7KRAg=
59,-78,OOtLPaPzgdejyiK9+nX7tWdPrV0=,iipJfO1Hn602P4+f1OGljG7KRAg=
55,-66,OOtLPaPzgdejyiK9+nX7tWdPrV0=,iipJfO1Hn602P4+f1OGljG7KRAg=
63,-67,OOtLPaPzgdejyiK9+nX7tWdPrV0=,iipJfO1Hn602P4+f1OGljG7KRAg=
62,-67,OOtLPaPzgdejyiK9+nX7tWdPrV0=,iipJfO1Hn602P4+f1OGljG7KRAg=
61,-67,OOtLPaPzgdejyiK9+nX7tWdPrV0=,iipJfO1Hn602P4+f1OGljG7KRAg=
61,-76,OOtLPaPzgdejyiK9+nX7tWdPrV0=,iipJfO1Hn602P4+f1OGljG7KRAg=
60,-67,OOtLPaPzgdejyiK9+nX7tWdPrV0=,iipJfO1Hn602P4+f1OGljG7KRAg=
53,-67,OOtLPaPzgdejyiK9+nX7tWdPrV0=,iipJfO1Hn602P4+f1OGljG7KRAg=
51,-67,OOtLPaPzgdejyiK9+nX7tWdPrV0=,iipJfO1Hn602P4+f1OGljG7KRAg=
52,-67,OOtLPaPzgdejyiK9+nX7tWdPrV0=,iipJfO1Hn602P4+f1OGljG7KRAg=
50,-67,OOtLPaPzgdejyiK9+nX7tWdPrV0=,iipJfO1Hn602P4+f1OGljG7KRAg=
49,-67,OOtLPaPzgdejyiK9+nX7tWdPrV0=,iipJfO1Hn602P4+f1OGljG7KRAg=
48,-67,OOtLPaPzgdejyiK9+nX7tWdPrV0=,iipJfO1Hn602P4+f1OGljG7KRAg=
49,-80,OOtLPaPzgdejyiK9+nX7tWdPrV0=,iipJfO1Hn602P4+f1OGljG7KRAg=
58,-67,OOtLPaPzgdejyiK9+nX7tWdPrV0=,iipJfO1Hn602P4+f1OGljG7KRAg=
59,-67,OOtLPaPzgdejyiK9+nX7tWdPrV0=,iipJfO1Hn602P4+f1OGljG7KRAg=
54,-67,OOtLPaPzgdejyiK9+nX7tWdPrV0=,iipJfO1Hn602P4+f1OGljG7KRAg=
56,-67,OOtLPaPzgdejyiK9+nX7tWdPrV0=,iipJfO1Hn602P4+f1OGljG7KRAg=
48,-80,OOtLPaPzgdejyiK9+nX7tWdPrV0=,iipJfO1Hn602P4+f1OGljG7KRAg=
62,-80,OOtLPaPzgdejyiK9+nX7tWdPrV0=,iipJfO1Hn602P4+f1OGljG7KRAg=
58,-78,OOtLPaPzgdejyiK9+nX7tWdPrV0=,iipJfO1Hn602P4+f1OGljG7KRAg=
55,-67,OOtLPaPzgdejyiK9+nX7tWdPrV0=,iipJfO1Hn602P4+f1OGljG7KRAg=
62,-76,OOtLPaPzgdejyiK9+nX7tWdPrV0=,iipJfO1Hn602P4+f1OGljG7KRAg=
54,-80,OOtLPaPzgdejyiK9+nX7tWdPrV0=,iipJfO1Hn602P4+f1OGljG7KRAg=
63,-68,OOtLPaPzgdejyiK9+nX7tWdPrV0=,iipJfO1Hn602P4+f1OGljG7KRAg=
62,-68,OOtLPaPzgdejyiK9+nX7tWdPrV0=,iipJfO1Hn602P4+f1OGljG7KRAg=
61,-68,OOtLPaPzgdejyiK9+nX7tWdPrV0=,iipJfO1Hn602P4+f1OGljG7KRAg=
54,-68,OOtLPaPzgdejyiK9+nX7tWdPrV0=,iipJfO1Hn602P4+f1OGljG7KRAg=
60,-68,OOtLPaPzgdejyiK9+nX7tWdPrV0=,iipJfO1Hn602P4+f1OGljG7KRAg=
52,-68,OOtLPaPzgdejyiK9+nX7tWdPrV0=,iipJfO1Hn602P4+f1OGljG7KRAg=
53,-68,OOtLPaPzgdejyiK9+nX7tWdPrV0=,iipJfO1Hn602P4+f1OGljG7KRAg=
51,-68,OOtLPaPzgdejyiK9+nX7tWdPrV0=,iipJfO1Hn602P4+f1OGljG7KRAg=
50,-68,OOtLPaPzgdejyiK9+nX7tWdPrV0=,iipJfO1Hn602P4+f1OGljG7KRAg=
49,-68,OOtLPaPzgdejyiK9+nX7tWdPrV0=,iipJfO1Hn602P4+f1OGljG7KRAg=
48,-68,OOtLPaPzgdejyiK9+nX7tWdPrV0=,iipJfO1Hn602P4+f1OGljG7KRAg=
59,-68,OOtLPaPzgdejyiK9+nX7tWdPrV0=,iipJfO1Hn602P4+f1OGljG7KRAg=
58,-68,OOtLPaPzgdejyiK9+nX7tWdPrV0=,iipJfO1Hn602P4+f1OGljG7KRAg=
57,-68,OOtLPaPzgdejyiK9+nX7tWdPrV0=,iipJfO1Hn602P4+f1OGljG7KRAg=
55,-68,OOtLPaPzgdejyiK9+nX7tWdPrV0=,iipJfO1Hn602P4+f1OGljG7KRAg=
56,-68,OOtLPaPzgdejyiK9+nX7tWdPrV0=,iipJfO1Hn602P4+f1OGljG7KRAg=
61,-80,OOtLPaPzgdejyiK9+nX7tWdPrV0=,iipJfO1Hn602P4+f1OGljG7KRAg=
57,-78,OOtLPaPzgdejyiK9+nX7tWdPrV0=,iipJfO1Hn602P4+f1OGljG7KRAg=
63,-76,OOtLPaPzgdejyiK9+nX7tWdPrV0=,iipJfO1Hn602P4+f1OGljG7KRAg=
48,-75,OOtLPaPzgdejyiK9+nX7tWdPrV0=,iipJfO1Hn602P4+f1OGljG7KRAg=
49,-75,OOtLPaPzgdejyiK9+nX7tWdPrV0=,iipJfO1Hn602P4+f1OGljG7KRAg=
50,-75,OOtLPaPzgdejyiK9+nX7tWdPrV0=,iipJfO1Hn602P4+f1OGljG7KRAg=
51,-75,OOtLPaPzgdejyiK9+nX7tWdPrV0=,iipJfO1Hn602P4+f1OGljG7KRAg=
52,-75,OOtLPaPzgdejyiK9+nX7tWdPrV0=,iipJfO1Hn602P4+f1OGljG7KRAg=
51,-78,OOtLPaPzgdejyiK9+nX7tWdPrV0=,iipJfO1Hn602P4+f1OGljG7KRAg=
53,-75,OOtLPaPzgdejyiK9+nX7tWdPrV0=,iipJfO1Hn602P4+f1OGljG7KRAg=
55,-80,OOtLPaPzgdejyiK9+nX7tWdPrV0=,iipJfO1Hn602P4+f1OGljG7KRAg=
54,-75,OOtLPaPzgdejyiK9+nX7tWdPrV0=,iipJfO1Hn602P4+f1OGljG7KRAg=
55,-75,OOtLPaPzgdejyiK9+nX7tWdPrV0=,iipJfO1Hn602P4+f1OGljG7KRAg=
56,-75,OOtLPaPzgdejyiK9+nX7tWdPrV0=,iipJfO1Hn602P4+f1OGljG7KRAg=
57,-75,OOtLPaPzgdejyiK9+nX7tWdPrV0=,iipJfO1Hn602P4+f1OGljG7KRAg=
58,-75,OOtLPaPzgdejyiK9+nX7tWdPrV0=,iipJfO1Hn602P4+f1OGljG7KRAg=
63,-69,OOtLPaPzgdejyiK9+nX7tWdPrV0=,iipJfO1Hn602P4+f1OGljG7KRAg=
59,-75,OOtLPaPzgdejyiK9+nX7tWdPrV0=,iipJfO1Hn602P4+f1OGljG7KRAg=
61,-69,OOtLPaPzgdejyiK9+nX7tWdPrV0=,iipJfO1Hn602P4+f1OGljG7KRAg=
62,-69,OOtLPaPzgdejyiK9+nX7tWdPrV0=,iipJfO1Hn602P4+f1OGljG7KRAg=
55,-69,OOtLPaPzgdejyiK9+nX7tWdPrV0=,iipJfO1Hn602P4+f1OGljG7KRAg=
54,-69,OOtLPaPzgdejyiK9+nX7tWdPrV0=,iipJfO1Hn602P4+f1OGljG7KRAg=
53,-69,OOtLPaPzgdejyiK9+nX7tWdPrV0=,iipJfO1Hn602P4+f1OGljG7KRAg=
52,-69,OOtLPaPzgdejyiK9+nX7tWdPrV0=,iipJfO1Hn602P4+f1OGljG7KRAg=
51,-69,OOtLPaPzgdejyiK9+nX7tWdPrV0=,iipJfO1Hn602P4+f1OGljG7KRAg=
50,-69,OOtLPaPzgdejyiK9+nX7tWdPrV0=,iipJfO1Hn602P4+f1OGljG7KRAg=
49,-69,OOtLPaPzgdejyiK9+nX7tWdPrV0=,iipJfO1Hn602P4+f1OGljG7KRAg=
48,-69,OOtLPaPzgdejyiK9+nX7tWdPrV0=,iipJfO1Hn602P4+f1OGljG7KRAg=
59,-69,OOtLPaPzgdejyiK9+nX7tWdPrV0=,iipJfO1Hn602P4+f1OGljG7KRAg=
58,-69,OOtLPaPzgdejyiK9+nX7tWdPrV0=,iipJfO1Hn602P4+f1OGljG7KRAg=
56,-69,OOtLPaPzgdejyiK9+nX7tWdPrV0=,iipJfO1Hn602P4+f1OGljG7KRAg=
57,-69,OOtLPaPzgdejyiK9+nX7tWdPrV0=,iipJfO1Hn602P4+f1OGljG7KRAg=
60,-70,OOtLPaPzgdejyiK9+nX7tWdPrV0=,iipJfO1Hn602P4+f1OGljG7KRAg=
60,-80,OOtLPaPzgdejyiK9+nX7tWdPrV0=,iipJfO1Hn602P4+f1OGljG7KRAg=
60,-75,OOtLPaPzgdejyiK9+nX7tWdPrV0=,iipJfO1Hn602P4+f1OGljG7KRAg=
61,-70,OOtLPaPzgdejyiK9+nX7tWdPrV0=,iipJfO1Hn602P4+f1OGljG7KRAg=
56,-78,OOtLPaPzgdejyiK9+nX7tWdPrV0=,iipJfO1Hn602P4+f1OGljG7KRAg=
56,-70,OOtLPaPzgdejyiK9+nX7tWdPrV0=,iipJfO1Hn602P4+f1OGljG7KRAg=
55,-70,OOtLPaPzgdejyiK9+nX7tWdPrV0=,iipJfO1Hn602P4+f1OGljG7KRAg=
54,-70,OOtLPaPzgdejyiK9+nX7tWdPrV0=,iipJfO1Hn602P4+f1OGljG7KRAg=
53,-70,OOtLPaPzgdejyiK9+nX7tWdPrV0=,iipJfO1Hn602P4+f1OGljG7KRAg=
52,-70,OOtLPaPzgdejyiK9+nX7tWdPrV0=,iipJfO1Hn602P4+f1OGljG7KRAg=
51,-70,OOtLPaPzgdejyiK9+nX7tWdPrV0=,iipJfO1Hn602P4+f1OGljG7KRAg=
50,-70,OOtLPaPzgdejyiK9+nX7tWdPrV0=,iipJfO1Hn602P4+f1OGljG7KRAg=
49,-70,OOtLPaPzgdejyiK9+nX7tWdPrV0=,iipJfO1Hn602P4+f1OGljG7KRAg=
48,-70,OOtLPaPzgdejyiK9+nX7tWdPrV0=,iipJfO1Hn602P4+f1OGljG7KRAg=
59,-70,OOtLPaPzgdejyiK9+nX7tWdPrV0=,iipJfO1Hn602P4+f1OGljG7KRAg=
63,-70,OOtLPaPzgdejyiK9+nX7tWdPrV0=,iipJfO1Hn602P4+f1OGljG7KRAg=
57,-70,OOtLPaPzgdejyiK9+nX7tWdPrV0=,iipJfO1Hn602P4+f1OGljG7KRAg=
62,-70,OOtLPaPzgdejyiK9+nX7tWdPrV0=,iipJfO1Hn602P4+f1OGljG7KRAg=
58,-70,OOtLPaPzgdejyiK9+nX7tWdPrV0=,iipJfO1Hn602P4+f1OGljG7KRAg=
60,-71,OOtLPaPzgdejyiK9+nX7tWdPrV0=,iipJfO1Hn602P4+f1OGljG7KRAg=
59,-71,OOtLPaPzgdejyiK9+nX7tWdPrV0=,iipJfO1Hn602P4+f1OGljG7KRAg=
55,-78,OOtLPaPzgdejyiK9+nX7tWdPrV0=,iipJfO1Hn602P4+f1OGljG7KRAg=
59,-80,OOtLPaPzgdejyiK9+nX7tWdPrV0=,iipJfO1Hn602P4+f1OGljG7KRAg=
56,-71,OOtLPaPzgdejyiK9+nX7tWdPrV0=,iipJfO1Hn602P4+f1OGljG7KRAg=
55,-71,OOtLPaPzgdejyiK9+nX7tWdPrV0=,iipJfO1Hn602P4+f1OGljG7KRAg=
54,-71,OOtLPaPzgdejyiK9+nX7tWdPrV0=,iipJfO1Hn602P4+f1OGljG7KRAg=
53,-71,OOtLPaPzgdejyiK9+nX7tWdPrV0=,iipJfO1Hn602P4+f1OGljG7KRAg=
52,-71,OOtLPaPzgdejyiK9+nX7tWdPrV0=,iipJfO1Hn602P4+f1OGljG7KRAg=
58,-71,OOtLPaPzgdejyiK9+nX7tWdPrV0=,iipJfO1Hn602P4+f1OGljG7KRAg=
50,-71,OOtLPaPzgdejyiK9+nX7tWdPrV0=,iipJfO1Hn602P4+f1OGljG7KRAg=
51,-71,OOtLPaPzgdejyiK9+nX7tWdPrV0=,iipJfO1Hn602P4+f1OGljG7KRAg=
48,-71,OOtLPaPzgdejyiK9+nX7tWdPrV0=,iipJfO1Hn602P4+f1OGljG7KRAg=
49,-71,OOtLPaPzgdejyiK9+nX7tWdPrV0=,iipJfO1Hn602P4+f1OGljG7KRAg=
61,-71,OOtLPaPzgdejyiK9+nX7tWdPrV0=,iipJfO1Hn602P4+f1OGljG7KRAg=
61,-75,OOtLPaPzgdejyiK9+nX7tWdPrV0=,iipJfO1Hn602P4+f1OGljG7KRAg=
57,-71,OOtLPaPzgdejyiK9+nX7tWdPrV0=,iipJfO1Hn602P4+f1OGljG7KRAg=
63,-71,OOtLPaPzgdejyiK9+nX7tWdPrV0=,iipJfO1Hn602P4+f1OGljG7KRAg=
57,-72,OOtLPaPzgdejyiK9+nX7tWdPrV0=,iipJfO1Hn602P4+f1OGljG7KRAg=
56,-72,OOtLPaPzgdejyiK9+nX7tWdPrV0=,iipJfO1Hn602P4+f1OGljG7KRAg=
58,-80,OOtLPaPzgdejyiK9+nX7tWdPrV0=,iipJfO1Hn602P4+f1OGljG7KRAg=
54,-78,OOtLPaPzgdejyiK9+nX7tWdPrV0=,iipJfO1Hn602P4+f1OGljG7KRAg=
55,-72,OOtLPaPzgdejyiK9+nX7tWdPrV0=,iipJfO1Hn602P4+f1OGljG7KRAg=
54,-72,OOtLPaPzgdejyiK9+nX7tWdPrV0=,iipJfO1Hn602P4+f1OGljG7KRAg=
53,-72,OOtLPaPzgdejyiK9+nX7tWdPrV0=,iipJfO1Hn602P4+f1OGljG7KRAg=
52,-72,OOtLPaPzgdejyiK9+nX7tWdPrV0=,iipJfO1Hn602P4+f1OGljG7KRAg=
51,-72,OOtLPaPzgdejyiK9+nX7tWdPrV0=,iipJfO1Hn602P4+f1OGljG7KRAg=
50,-72,OOtLPaPzgdejyiK9+nX7tWdPrV0=,iipJfO1Hn602P4+f1OGljG7KRAg=
49,-72,OOtLPaPzgdejyiK9+nX7tWdPrV0=,iipJfO1Hn602P4+f1OGljG7KRAg=
48,-72,OOtLPaPzgdejyiK9+nX7tWdPrV0=,iipJfO1Hn602P4+f1OGljG7KRAg=
60,-72,OOtLPaPzgdejyiK9+nX7tWdPrV0=,iipJfO1Hn602P4+f1OGljG7KRAg=
59,-72,OOtLPaPzgdejyiK9+nX7tWdPrV0=,iipJfO1Hn602P4+f1OGljG7KRAg=
61,-72,OOtLPaPzgdejyiK9+nX7tWdPrV0=,iipJfO1Hn602P4+f1OGljG7KRAg=
58,-72,OOtLPaPzgdejyiK9+nX7tWdPrV0=,iipJfO1Hn602P4+f1OGljG7KRAg=
62,-72,OOtLPaPzgdejyiK9+nX7tWdPrV0=,iipJfO1Hn602P4+f1OGljG7KRAg=
59,-73,OOtLPaPzgdejyiK9+nX7tWdPrV0=,iipJfO1Hn602P4+f1OGljG7KRAg=
61,-73,OOtLPaPzgdejyiK9+nX7tWdPrV0=,iipJfO1Hn602P4+f1OGljG7KRAg=
57,-73,OOtLPaPzgdejyiK9+nX7tWdPrV0=,iipJfO1Hn602P4+f1OGljG7KRAg=
56,-73,OOtLPaPzgdejyiK9+nX7tWdPrV0=,iipJfO1Hn602P4+f1OGljG7KRAg=
55,-73,OOtLPaPzgdejyiK9+nX7tWdPrV0=,iipJfO1Hn602P4+f1OGljG7KRAg=
57,-80,OOtLPaPzgdejyiK9+nX7tWdPrV0=,iipJfO1Hn602P4+f1OGljG7KRAg=
53,-78,OOtLPaPzgdejyiK9+nX7tWdPrV0=,iipJfO1Hn602P4+f1OGljG7KRAg=
54,-73,OOtLPaPzgdejyiK9+nX7tWdPrV0=,iipJfO1Hn602P4+f1OGljG7KRAg=
53,-73,OOtLPaPzgdejyiK9+nX7tWdPrV0=,iipJfO1Hn602P4+f1OGljG7KRAg=
52,-73,OOtLPaPzgdejyiK9+nX7tWdPrV0=,iipJfO1Hn602P4+f1OGljG7KRAg=
51,-73,OOtLPaPzgdejyiK9+nX7tWdPrV0=,iipJfO1Hn602P4+f1OGljG7KRAg=
50,-73,OOtLPaPzgdejyiK9+nX7tWdPrV0=,iipJfO1Hn602P4+f1OGljG7KRAg=
49,-73,OOtLPaPzgdejyiK9+nX7tWdPrV0=,iipJfO1Hn602P4+f1OGljG7KRAg=
48,-73,OOtLPaPzgdejyiK9+nX7tWdPrV0=,iipJfO1Hn602P4+f1OGljG7KRAg=
62,-75,OOtLPaPzgdejyiK9+nX7tWdPrV0=,iipJfO1Hn602P4+f1OGljG7KRAg=
58,-73,OOtLPaPzgdejyiK9+nX7tWdPrV0=,iipJfO1Hn602P4+f1OGljG7KRAg=
60,-73,OOtLPaPzgdejyiK9+nX7tWdPrV0=,iipJfO1Hn602P4+f1OGljG7KRAg=
63,-73,OOtLPaPzgdejyiK9+nX7tWdPrV0=,iipJfO1Hn602P4+f1OGljG7KRAg=
62,-73,OOtLPaPzgdejyiK9+nX7tWdPrV0=,iipJfO1Hn602P4+f1OGljG7KRAg=
58,-74,OOtLPaPzgdejyiK9+nX7tWdPrV0=,iipJfO1Hn602P4+f1OGljG7KRAg=
57,-74,OOtLPaPzgdejyiK9+nX7tWdPrV0=,iipJfO1Hn602P4+f1OGljG7KRAg=
56,-74,OOtLPaPzgdejyiK9+nX7tWdPrV0=,iipJfO1Hn602P4+f1OGljG7KRAg=
55,-74,OOtLPaPzgdejyiK9+nX7tWdPrV0=,iipJfO1Hn602P4+f1OGljG7KRAg=
54,-74,OOtLPaPzgdejyiK9+nX7tWdPrV0=,iipJfO1Hn602P4+f1OGljG7KRAg=
56,-80,OOtLPaPzgdejyiK9+nX7tWdPrV0=,iipJfO1Hn602P4+f1OGljG7KRAg=
52,-78,OOtLPaPzgdejyiK9+nX7tWdPrV0=,iipJfO1Hn602P4+f1OGljG7KRAg=
53,-74,OOtLPaPzgdejyiK9+nX7tWdPrV0=,iipJfO1Hn602P4+f1OGljG7KRAg=
52,-74,OOtLPaPzgdejyiK9+nX7tWdPrV0=,iipJfO1Hn602P4+f1OGljG7KRAg=
51,-74,OOtLPaPzgdejyiK9+nX7tWdPrV0=,iipJfO1Hn602P4+f1OGljG7KRAg=
49,-74,OOtLPaPzgdejyiK9+nX7tWdPrV0=,iipJfO1Hn602P4+f1OGljG7KRAg=
50,-74,OOtLPaPzgdejyiK9+nX7tWdPrV0=,iipJfO1Hn602P4+f1OGljG7KRAg=
48,-74,OOtLPaPzgdejyiK9+nX7tWdPrV0=,iipJfO1Hn602P4+f1OGljG7KRAg=
62,-71,OOtLPaPzgdejyiK9+nX7tWdPrV0=,iipJfO1Hn602P4+f1OGljG7KRAg=
61,-74,OOtLPaPzgdejyiK9+nX7tWdPrV0=,iipJfO1Hn602P4+f1OGljG7KRAg=
59,-74,OOtLPaPzgdejyiK9+nX7tWdPrV0=,iipJfO1Hn602P4+f1OGljG7KRAg=
60,-74,OOtLPaPzgdejyiK9+nX7tWdPrV0=,iipJfO1Hn602P4+f1OGljG7KRAg=
63,-74,OOtLPaPzgdejyiK9+nX7tWdPrV0=,iipJfO1Hn602P4+f1OGljG7KRAg=
63,-75,OOtLPaPzgdejyiK9+nX7tWdPrV0=,iipJfO1Hn602P4+f1OGljG7KRAg=
63,-72,OOtLPaPzgdejyiK9+nX7tWdPrV0=,iipJfO1Hn602P4+f1OGljG7KRAg=
62,-74,OOtLPaPzgdejyiK9+nX7tWdPrV0=,iipJfO1Hn602P4+f1OGljG7KRAg=
56,-66,OOtLPaPzgdejyiK9+nX7tWdPrV0=,iipJfO1Hn602P4+f1OGljG7KRAg=
60,-69,OOtLPaPzgdejyiK9+nX7tWdPrV0=,iipJfO1Hn602P4+f1OGljG7KRAg=
57,-67,OOtLPaPzgdejyiK9+nX7tWdPrV0=,iipJfO1Hn602P4+f1OGljG7KRAg=
51,-96,/RRuyu1htB3klpei8x4sdjCDw1s=,QP1CRFAuhoZDfxnpJ4IwTIUnJ6I=
63,-95,/RRuyu1htB3klpei8x4sdjCDw1s=,QP1CRFAuhoZDfxnpJ4IwTIUnJ6I=
60,-94,/RRuyu1htB3klpei8x4sdjCDw1s=,QP1CRFAuhoZDfxnpJ4IwTIUnJ6I=
59,-94,/RRuyu1htB3klpei8x4sdjCDw1s=,QP1CRFAuhoZDfxnpJ4IwTIUnJ6I=
61,-94,/RRuyu1htB3klpei8x4sdjCDw1s=,QP1CRFAuhoZDfxnpJ4IwTIUnJ6I=
57,-94,/RRuyu1htB3klpei8x4sdjCDw1s=,QP1CRFAuhoZDfxnpJ4IwTIUnJ6I=
56,-94,/RRuyu1htB3klpei8x4sdjCDw1s=,QP1CRFAuhoZDfxnpJ4IwTIUnJ6I=
58,-94,/RRuyu1htB3klpei8x4sdjCDw1s=,QP1CRFAuhoZDfxnpJ4IwTIUnJ6I=
54,-94,/RRuyu1htB3klpei8x4sdjCDw1s=,QP1CRFAuhoZDfxnpJ4IwTIUnJ6I=
55,-94,/RRuyu1htB3klpei8x4sdjCDw1s=,QP1CRFAuhoZDfxnpJ4IwTIUnJ6I=
52,-94,/RRuyu1htB3klpei8x4sdjCDw1s=,QP1CRFAuhoZDfxnpJ4IwTIUnJ6I=
53,-94,/RRuyu1htB3klpei8x4sdjCDw1s=,QP1CRFAuhoZDfxnpJ4IwTIUnJ6I=
49,-94,/RRuyu1htB3klpei8x4sdjCDw1s=,QP1CRFAuhoZDfxnpJ4IwTIUnJ6I=
50,-94,/RRuyu1htB3klpei8x4sdjCDw1s=,QP1CRFAuhoZDfxnpJ4IwTIUnJ6I=
63,-81,/RRuyu1htB3klpei8x4sdjCDw1s=,QP1CRFAuhoZDfxnpJ4IwTIUnJ6I=
62,-81,/RRuyu1htB3klpei8x4sdjCDw1s=,QP1CRFAuhoZDfxnpJ4IwTIUnJ6I=
51,-94,/RRuyu1htB3klpei8x4sdjCDw1s=,QP1CRFAuhoZDfxnpJ4IwTIUnJ6I=
59,-93,/RRuyu1htB3klpei8x4sdjCDw1s=,QP1CRFAuhoZDfxnpJ4IwTIUnJ6I=
60,-93,/RRuyu1htB3klpei8x4sdjCDw1s=,QP1CRFAuhoZDfxnpJ4IwTIUnJ6I=
60,-81,/RRuyu1htB3klpei8x4sdjCDw1s=,QP1CRFAuhoZDfxnpJ4IwTIUnJ6I=
59,-81,/RRuyu1htB3klpei8x4sdjCDw1s=,QP1CRFAuhoZDfxnpJ4IwTIUnJ6I=
48,-94,/RRuyu1htB3klpei8x4sdjCDw1s=,QP1CRFAuhoZDfxnpJ4IwTIUnJ6I=
62,-94,/RRuyu1htB3klpei8x4sdjCDw1s=,QP1CRFAuhoZDfxnpJ4IwTIUnJ6I=
58,-81,/RRuyu1htB3klpei8x4sdjCDw1s=,QP1CRFAuhoZDfxnpJ4IwTIUnJ6I=
52,-96,/RRuyu1htB3klpei8x4sdjCDw1s=,QP1CRFAuhoZDfxnpJ4IwTIUnJ6I=
61,-81,/RRuyu1htB3klpei8x4sdjCDw1s=,QP1CRFAuhoZDfxnpJ4IwTIUnJ6I=
55,-81,/RRuyu1htB3klpei8x4sdjCDw1s=,QP1CRFAuhoZDfxnpJ4IwTIUnJ6I=
57,-81,/RRuyu1htB3klpei8x4sdjCDw1s=,QP1CRFAuhoZDfxnpJ4IwTIUnJ6I=
61,-93,/RRuyu1htB3klpei8x4sdjCDw1s=,QP1CRFAuhoZDfxnpJ4IwTIUnJ6I=
56,-81,/RRuyu1htB3klpei8x4sdjCDw1s=,QP1CRFAuhoZDfxnpJ4IwTIUnJ6I=
52,-81,/RRuyu1htB3klpei8x4sdjCDw1s=,QP1CRFAuhoZDfxnpJ4IwTIUnJ6I=
53,-81,/RRuyu1htB3klpei8x4sdjCDw1s=,QP1CRFAuhoZDfxnpJ4IwTIUnJ6I=
62,-93,/RRuyu1htB3klpei8x4sdjCDw1s=,QP1CRFAuhoZDfxnpJ4IwTIUnJ6I=
50,-81,/RRuyu1htB3klpei8x4sdjCDw1s=,QP1CRFAuhoZDfxnpJ4IwTIUnJ6I=
50,-96,/RRuyu1htB3klpei8x4sdjCDw1s=,QP1CRFAuhoZDfxnpJ4IwTIUnJ6I=
58,-93,/RRuyu1htB3klpei8x4sdjCDw1s=,QP1CRFAuhoZDfxnpJ4IwTIUnJ6I=
49,-81,/RRuyu1htB3klpei8x4sdjCDw1s=,QP1CRFAuhoZDfxnpJ4IwTIUnJ6I=
54,-81,/RRuyu1htB3klpei8x4sdjCDw1s=,QP1CRFAuhoZDfxnpJ4IwTIUnJ6I=
53,-96,/RRuyu1htB3klpei8x4sdjCDw1s=,QP1CRFAuhoZDfxnpJ4IwTIUnJ6I=
50,-95,/RRuyu1htB3klpei8x4sdjCDw1s=,QP1CRFAuhoZDfxnpJ4IwTIUnJ6I=
63,-82,/RRuyu1htB3klpei8x4sdjCDw1s=,QP1CRFAuhoZDfxnpJ4IwTIUnJ6I=
62,-82,/RRuyu1htB3klpei8x4sdjCDw1s=,QP1CRFAuhoZDfxnpJ4IwTIUnJ6I=
62,-95,/RRuyu1htB3klpei8x4sdjCDw1s=,QP1CRFAuhoZDfxnpJ4IwTIUnJ6I=
61,-82,/RRuyu1htB3klpei8x4sdjCDw1s=,QP1CRFAuhoZDfxnpJ4IwTIUnJ6I=
60,-82,/RRuyu1htB3klpei8x4sdjCDw1s=,QP1CRFAuhoZDfxnpJ4IwTIUnJ6I=
63,-93,/RRuyu1htB3klpei8x4sdjCDw1s=,QP1CRFAuhoZDfxnpJ4IwTIUnJ6I=
58,-82,/RRuyu1htB3klpei8x4sdjCDw1s=,QP1CRFAuhoZDfxnpJ4IwTIUnJ6I=
59,-82,/RRuyu1htB3klpei8x4sdjCDw1s=,QP1CRFAuhoZDfxnpJ4IwTIUnJ6I=
57,-82,/RRuyu1htB3klpei8x4sdjCDw1s=,QP1CRFAuhoZDfxnpJ4IwTIUnJ6I=
48,-81,/RRuyu1htB3klpei8x4sdjCDw1s=,QP1CRFAuhoZDfxnpJ4IwTIUnJ6I=
48,-92,/RRuyu1htB3klpei8x4sdjCDw1s=,QP1CRFAuhoZDfxnpJ4IwTIUnJ6I=
56,-82,/RRuyu1htB3klpei8x4sdjCDw1s=,QP1CRFAuhoZDfxnpJ4IwTIUnJ6I=
55,-82,/RRuyu1htB3klpei8x4sdjCDw1s=,QP1CRFAuhoZDfxnpJ4IwTIUnJ6I=
54,-82,/RRuyu1htB3klpei8x4sdjCDw1s=,QP1CRFAuhoZDfxnpJ4IwTIUnJ6I=
53,-82,/RRuyu1htB3klpei8x4sdjCDw1s=,QP1CRFAuhoZDfxnpJ4IwTIUnJ6I=
52,-82,/RRuyu1htB3klpei8x4sdjCDw1s=,QP1CRFAuhoZDfxnpJ4IwTIUnJ6I=
49,-92,/RRuyu1htB3klpei8x4sdjCDw1s=,QP1CRFAuhoZDfxnpJ4IwTIUnJ6I=
51,-82,/RRuyu1htB3klpei8x4sdjCDw1s=,QP1CRFAuhoZDfxnpJ4IwTIUnJ6I=
50,-82,/RRuyu1htB3klpei8x4sdjCDw1s=,QP1CRFAuhoZDfxnpJ4IwTIUnJ6I=
49,-82,/RRuyu1htB3klpei8x4sdjCDw1s=,QP1CRFAuhoZDfxnpJ4IwTIUnJ6I=
57,-93,/RRuyu1htB3klpei8x4sdjCDw1s=,QP1CRFAuhoZDfxnpJ4IwTIUnJ6I=
50,-92,/RRuyu1htB3klpei8x4sdjCDw1s=,QP1CRFAuhoZDfxnpJ4IwTIUnJ6I=
48,-95,/RRuyu1htB3klpei8x4sdjCDw1s=,QP1CRFAuhoZDfxnpJ4IwTIUnJ6I=
49,-95,/RRuyu1htB3klpei8x4sdjCDw1s=,QP1CRFAuhoZDfxnpJ4IwTIUnJ6I=
51,-92,/RRuyu1htB3klpei8x4sdjCDw1s=,QP1CRFAuhoZDfxnpJ4IwTIUnJ6I=
48,-82,/RRuyu1htB3klpei8x4sdjCDw1s=,QP1CRFAuhoZDfxnpJ4IwTIUnJ6I=
49,-96,/RRuyu1htB3klpei8x4sdjCDw1s=,QP1CRFAuhoZDfxnpJ4IwTIUnJ6I=
63,-83,/RRuyu1htB3klpei8x4sdjCDw1s=,QP1CRFAuhoZDfxnpJ4IwTIUnJ6I=
52,-92,/RRuyu1htB3klpei8x4sdjCDw1s=,QP1CRFAuhoZDfxnpJ4IwTIUnJ6I=
62,-83,/RRuyu1htB3klpei8x4sdjCDw1s=,QP1CRFAuhoZDfxnpJ4IwTIUnJ6I=
61,-83,/RRuyu1htB3klpei8x4sdjCDw1s=,QP1CRFAuhoZDfxnpJ4IwTIUnJ6I=
60,-83,/RRuyu1htB3klpei8x4sdjCDw1s=,QP1CRFAuhoZDfxnpJ4IwTIUnJ6I=
58,-83,/RRuyu1htB3klpei8x4sdjCDw1s=,QP1CRFAuhoZDfxnpJ4IwTIUnJ6I=
59,-83,/RRuyu1htB3klpei8x4sdjCDw1s=,QP1CRFAuhoZDfxnpJ4IwTIUnJ6I=
57,-83,/RRuyu1htB3klpei8x4sdjCDw1s=,QP1CRFAuhoZDfxnpJ4IwTIUnJ6I=
56,-83,/RRuyu1htB3klpei8x4sdjCDw1s=,QP1CRFAuhoZDfxnpJ4IwTIUnJ6I=
55,-83,/RRuyu1htB3klpei8x4sdjCDw1s=,QP1CRFAuhoZDfxnpJ4IwTIUnJ6I=
53,-92,/RRuyu1htB3klpei8x4sdjCDw1s=,QP1CRFAuhoZDfxnpJ4IwTIUnJ6I=
54,-83,/RRuyu1htB3klpei8x4sdjCDw1s=,QP1CRFAuhoZDfxnpJ4IwTIUnJ6I=
53,-83,/RRuyu1htB3klpei8x4sdjCDw1s=,QP1CRFAuhoZDfxnpJ4IwTIUnJ6I=
54,-92,/RRuyu1htB3klpei8x4sdjCDw1s=,QP1CRFAuhoZDfxnpJ4IwTIUnJ6I=
51,-83,/RRuyu1htB3klpei8x4sdjCDw1s=,QP1CRFAuhoZDfxnpJ4IwTIUnJ6I=
55,-92,/RRuyu1htB3klpei8x4sdjCDw1s=,QP1CRFAuhoZDfxnpJ4IwTIUnJ6I=
56,-93,/RRuyu1htB3klpei8x4sdjCDw1s=,QP1CRFAuhoZDfxnpJ4IwTIUnJ6I=
61,-95,/RRuyu1htB3klpei8x4sdjCDw1s=,QP1CRFAuhoZDfxnpJ4IwTIUnJ6I=
63,-96,/RRuyu1htB3klpei8x4sdjCDw1s=,QP1CRFAuhoZDfxnpJ4IwTIUnJ6I=
50,-83,/RRuyu1htB3klpei8x4sdjCDw1s=,QP1CRFAuhoZDfxnpJ4IwTIUnJ6I=
49,-83,/RRuyu1htB3klpei8x4sdjCDw1s=,QP1CRFAuhoZDfxnpJ4IwTIUnJ6I=
52,-83,/RRuyu1htB3klpei8x4sdjCDw1s=,QP1CRFAuhoZDfxnpJ4IwTIUnJ6I=
48,-83,/RRuyu1htB3klpei8x4sdjCDw1s=,QP1CRFAuhoZDfxnpJ4IwTIUnJ6I=
56,-92,/RRuyu1htB3klpei8x4sdjCDw1s=,QP1CRFAuhoZDfxnpJ4IwTIUnJ6I=
48,-96,/RRuyu1htB3klpei8x4sdjCDw1s=,QP1CRFAuhoZDfxnpJ4IwTIUnJ6I=
60,-95,/RRuyu1htB3klpei8x4sdjCDw1s=,QP1CRFAuhoZDfxnpJ4IwTIUnJ6I=
62,-84,/RRuyu1htB3klpei8x4sdjCDw1s=,QP1CRFAuhoZDfxnpJ4IwTIUnJ6I=
61,-84,/RRuyu1htB3klpei8x4sdjCDw1s=,QP1CRFAuhoZDfxnpJ4IwTIUnJ6I=
57,-92,/RRuyu1htB3klpei8x4sdjCDw1s=,QP1CRFAuhoZDfxnpJ4IwTIUnJ6I=
60,-84,/RRuyu1htB3klpei8x4sdjCDw1s=,QP1CRFAuhoZDfxnpJ4IwTIUnJ6I=
59,-84,/RRuyu1htB3klpei8x4sdjCDw1s=,QP1CRFAuhoZDfxnpJ4IwTIUnJ6I=
58,-84,/RRuyu1htB3klpei8x4sdjCDw1s=,QP1CRFAuhoZDfxnpJ4IwTIUnJ6I=
58,-92,/RRuyu1htB3klpei8x4sdjCDw1s=,QP1CRFAuhoZDfxnpJ4IwTIUnJ6I=
57,-84,/RRuyu1htB3klpei8x4sdjCDw1s=,QP1CRFAuhoZDfxnpJ4IwTIUnJ6I=
56,-84,/RRuyu1htB3klpei8x4sdjCDw1s=,QP1CRFAuhoZDfxnpJ4IwTIUnJ6I=
54,-84,/RRuyu1htB3klpei8x4sdjCDw1s=,QP1CRFAuhoZDfxnpJ4IwTIUnJ6I=
63,-84,/RRuyu1htB3klpei8x4sdjCDw1s=,QP1CRFAuhoZDfxnpJ4IwTIUnJ6I=
55,-84,/RRuyu1htB3klpei8x4sdjCDw1s=,QP1CRFAuhoZDfxnpJ4IwTIUnJ6I=
59,-92,/RRuyu1htB3klpei8x4sdjCDw1s=,QP1CRFAuhoZDfxnpJ4IwTIUnJ6I=
53,-84,/RRuyu1htB3klpei8x4sdjCDw1s=,QP1CRFAuhoZDfxnpJ4IwTIUnJ6I=
52,-84,/RRuyu1htB3klpei8x4sdjCDw1s=,QP1CRFAuhoZDfxnpJ4IwTIUnJ6I=
62,-96,/RRuyu1htB3klpei8x4sdjCDw1s=,QP1CRFAuhoZDfxnpJ4IwTIUnJ6I=
51,-84,/RRuyu1htB3klpei8x4sdjCDw1s=,QP1CRFAuhoZDfxnpJ4IwTIUnJ6I=
55,-93,/RRuyu1htB3klpei8x4sdjCDw1s=,QP1CRFAuhoZDfxnpJ4IwTIUnJ6I=
63,-94,/RRuyu1htB3klpei8x4sdjCDw1s=,QP1CRFAuhoZDfxnpJ4IwTIUnJ6I=
49,-84,/RRuyu1htB3klpei8x4sdjCDw1s=,QP1CRFAuhoZDfxnpJ4IwTIUnJ6I=
48,-84,/RRuyu1htB3klpei8x4sdjCDw1s=,QP1CRFAuhoZDfxnpJ4IwTIUnJ6I=
59,-95,/RRuyu1htB3klpei8x4sdjCDw1s=,QP1CRFAuhoZDfxnpJ4IwTIUnJ6I=
63,-85,/RRuyu1htB3klpei8x4sdjCDw1s=,QP1CRFAuhoZDfxnpJ4IwTIUnJ6I=
62,-85,/RRuyu1htB3klpei8x4sdjCDw1s=,QP1CRFAuhoZDfxnpJ4IwTIUnJ6I=
54,-96,/RRuyu1htB3klpei8x4sdjCDw1s=,QP1CRFAuhoZDfxnpJ4IwTIUnJ6I=
61,-85,/RRuyu1htB3klpei8x4sdjCDw1s=,QP1CRFAuhoZDfxnpJ4IwTIUnJ6I=
60,-85,/RRuyu1htB3klpei8x4sdjCDw1s=,QP1CRFAuhoZDfxnpJ4IwTIUnJ6I=
59,-85,/RRuyu1htB3klpei8x4sdjCDw1s=,QP1CRFAuhoZDfxnpJ4IwTIUnJ6I=
58,-85,/RRuyu1htB3klpei8x4sdjCDw1s=,QP1CRFAuhoZDfxnpJ4IwTIUnJ6I=
60,-92,/RRuyu1htB3klpei8x4sdjCDw1s=,QP1CRFAuhoZDfxnpJ4IwTIUnJ6I=
57,-85,/RRuyu1htB3klpei8x4sdjCDw1s=,QP1CRFAuhoZDfxnpJ4IwTIUnJ6I=
56,-85,/RRuyu1htB3klpei8x4sdjCDw1s=,QP1CRFAuhoZDfxnpJ4IwTIUnJ6I=
55,-85,/RRuyu1htB3klpei8x4sdjCDw1s=,QP1CRFAuhoZDfxnpJ4IwTIUnJ6I=
54,-85,/RRuyu1htB3klpei8x4sdjCDw1s=,QP1CRFAuhoZDfxnpJ4IwTIUnJ6I=
61,-92,/RRuyu1htB3klpei8x4sdjCDw1s=,QP1CRFAuhoZDfxnpJ4IwTIUnJ6I=
53,-85,/RRuyu1htB3klpei8x4sdjCDw1s=,QP1CRFAuhoZDfxnpJ4IwTIUnJ6I=
61,-96,/RRuyu1htB3klpei8x4sdjCDw1s=,QP1CRFAuhoZDfxnpJ4IwTIUnJ6I=
54,-93,/RRuyu1htB3klpei8x4sdjCDw1s=,QP1CRFAuhoZDfxnpJ4IwTIUnJ6I=
51,-85,/RRuyu1htB3klpei8x4sdjCDw1s=,QP1CRFAuhoZDfxnpJ4IwTIUnJ6I=
62,-92,/RRuyu1htB3klpei8x4sdjCDw1s=,QP1CRFAuhoZDfxnpJ4IwTIUnJ6I=
52,-85,/RRuyu1htB3klpei8x4sdjCDw1s=,QP1CRFAuhoZDfxnpJ4IwTIUnJ6I=
50,-85,/RRuyu1htB3klpei8x4sdjCDw1s=,QP1CRFAuhoZDfxnpJ4IwTIUnJ6I=
49,-85,/RRuyu1htB3klpei8x4sdjCDw1s=,QP1CRFAuhoZDfxnpJ4IwTIUnJ6I=
63,-92,/RRuyu1htB3klpei8x4sdjCDw1s=,QP1CRFAuhoZDfxnpJ4IwTIUnJ6I=
58,-95,/RRuyu1htB3klpei8x4sdjCDw1s=,QP1CRFAuhoZDfxnpJ4IwTIUnJ6I=
63,-86,/RRuyu1htB3klpei8x4sdjCDw1s=,QP1CRFAuhoZDfxnpJ4IwTIUnJ6I=
61,-86,/RRuyu1htB3klpei8x4sdjCDw1s=,QP1CRFAuhoZDfxnpJ4IwTIUnJ6I=
62,-86,/RRuyu1htB3klpei8x4sdjCDw1s=,QP1CRFAuhoZDfxnpJ4IwTIUnJ6I=
48,-91,/RRuyu1htB3klpei8x4sdjCDw1s=,QP1CRFAuhoZDfxnpJ4IwTIUnJ6I=
51,-81,/RRuyu1htB3klpei8x4sdjCDw1s=,QP1CRFAuhoZDfxnpJ4IwTIUnJ6I=
48,-85,/RRuyu1htB3klpei8x4sdjCDw1s=,QP1CRFAuhoZDfxnpJ4IwTIUnJ6I=
60,-86,/RRuyu1htB3klpei8x4sdjCDw1s=,QP1CRFAuhoZDfxnpJ4IwTIUnJ6I=
58,-86,/RRuyu1htB3klpei8x4sdjCDw1s=,QP1CRFAuhoZDfxnpJ4IwTIUnJ6I=
57,-86,/RRuyu1htB3klpei8x4sdjCDw1s=,QP1CRFAuhoZDfxnpJ4IwTIUnJ6I=
59,-86,/RRuyu1htB3klpei8x4sdjCDw1s=,QP1CRFAuhoZDfxnpJ4IwTIUnJ6I=
51,-95,/RRuyu1htB3klpei8x4sdjCDw1s=,QP1CRFAuhoZDfxnpJ4IwTIUnJ6I=
56,-86,/RRuyu1htB3klpei8x4sdjCDw1s=,QP1CRFAuhoZDfxnpJ4IwTIUnJ6I=
55,-86,/RRuyu1htB3klpei8x4sdjCDw1s=,QP1CRFAuhoZDfxnpJ4IwTIUnJ6I=
53,-93,/RRuyu1htB3klpei8x4sdjCDw1s=,QP1CRFAuhoZDfxnpJ4IwTIUnJ6I=
54,-86,/RRuyu1htB3klpei8x4sdjCDw1s=,QP1CRFAuhoZDfxnpJ4IwTIUnJ6I=
60,-96,/RRuyu1htB3klpei8x4sdjCDw1s=,QP1CRFAuhoZDfxnpJ4IwTIUnJ6I=
49,-91,/RRuyu1htB3klpei8x4sdjCDw1s=,QP1CRFAuhoZDfxnpJ4IwTIUnJ6I=
53,-86,/RRuyu1htB3klpei8x4sdjCDw1s=,QP1CRFAuhoZDfxnpJ4IwTIUnJ6I=
50,-86,/RRuyu1htB3klpei8x4sdjCDw1s=,QP1CRFAuhoZDfxnpJ4IwTIUnJ6I=
51,-86,/RRuyu1htB3klpei8x4sdjCDw1s=,QP1CRFAuhoZDfxnpJ4IwTIUnJ6I=
52,-86,/RRuyu1htB3klpei8x4sdjCDw1s=,QP1CRFAuhoZDfxnpJ4IwTIUnJ6I=
48,-86,/RRuyu1htB3klpei8x4sdjCDw1s=,QP1CRFAuhoZDfxnpJ4IwTIUnJ6I=
63,-87,/RRuyu1htB3klpei8x4sdjCDw1s=,QP1CRFAuhoZDfxnpJ4IwTIUnJ6I=
57,-95,/RRuyu1htB3klpei8x4sdjCDw1s=,QP1CRFAuhoZDfxnpJ4IwTIUnJ6I=
50,-91,/RRuyu1htB3klpei8x4sdjCDw1s=,QP1CRFAuhoZDfxnpJ4IwTIUnJ6I=
62,-87,/RRuyu1htB3klpei8x4sdjCDw1s=,QP1CRFAuhoZDfxnpJ4IwTIUnJ6I=
51,-91,/RRuyu1htB3klpei8x4sdjCDw1s=,QP1CRFAuhoZDfxnpJ4IwTIUnJ6I=
61,-87,/RRuyu1htB3klpei8x4sdjCDw1s=,QP1CRFAuhoZDfxnpJ4IwTIUnJ6I=
60,-87,/RRuyu1htB3klpei8x4sdjCDw1s=,QP1CRFAuhoZDfxnpJ4IwTIUnJ6I=
58,-87,/RRuyu1htB3klpei8x4sdjCDw1s=,QP1CRFAuhoZDfxnpJ4IwTIUnJ6I=
59,-87,/RRuyu1htB3klpei8x4sdjCDw1s=,QP1CRFAuhoZDfxnpJ4IwTIUnJ6I=
55,-87,/RRuyu1htB3klpei8x4sdjCDw1s=,QP1CRFAuhoZDfxnpJ4IwTIUnJ6I=
57,-87,/RRuyu1htB3klpei8x4sdjCDw1s=,QP1CRFAuhoZDfxnpJ4IwTIUnJ6I=
59,-96,/RRuyu1htB3klpei8x4sdjCDw1s=,QP1CRFAuhoZDfxnpJ4IwTIUnJ6I=
52,-93,/RRuyu1htB3klpei8x4sdjCDw1s=,QP1CRFAuhoZDfxnpJ4IwTIUnJ6I=
54,-87,/RRuyu1htB3klpei8x4sdjCDw1s=,QP1CRFAuhoZDfxnpJ4IwTIUnJ6I=
53,-87,/RRuyu1htB3klpei8x4sdjCDw1s=,QP1CRFAuhoZDfxnpJ4IwTIUnJ6I=
52,-87,/RRuyu1htB3klpei8x4sdjCDw1s=,QP1CRFAuhoZDfxnpJ4IwTIUnJ6I=
51,-87,/RRuyu1htB3klpei8x4sdjCDw1s=,QP1CRFAuhoZDfxnpJ4IwTIUnJ6I=
50,-87,/RRuyu1htB3klpei8x4sdjCDw1s=,QP1CRFAuhoZDfxnpJ4IwTIUnJ6I=
56,-87,/RRuyu1htB3klpei8x4sdjCDw1s=,QP1CRFAuhoZDfxnpJ4IwTIUnJ6I=
49,-87,/RRuyu1htB3klpei8x4sdjCDw1s=,QP1CRFAuhoZDfxnpJ4IwTIUnJ6I=
48,-87,/RRuyu1htB3klpei8x4sdjCDw1s=,QP1CRFAuhoZDfxnpJ4IwTIUnJ6I=
56,-95,/RRuyu1htB3klpei8x4sdjCDw1s=,QP1CRFAuhoZDfxnpJ4IwTIUnJ6I=
52,-91,/RRuyu1htB3klpei8x4sdjCDw1s=,QP1CRFAuhoZDfxnpJ4IwTIUnJ6I=
62,-88,/RRuyu1htB3klpei8x4sdjCDw1s=,QP1CRFAuhoZDfxnpJ4IwTIUnJ6I=
63,-88,/RRuyu1htB3klpei8x4sdjCDw1s=,QP1CRFAuhoZDfxnpJ4IwTIUnJ6I=
61,-88,/RRuyu1htB3klpei8x4sdjCDw1s=,QP1CRFAuhoZDfxnpJ4IwTIUnJ6I=
60,-88,/RRuyu1htB3klpei8x4sdjCDw1s=,QP1CRFAuhoZDfxnpJ4IwTIUnJ6I=
59,-88,/RRuyu1htB3klpei8x4sdjCDw1s=,QP1CRFAuhoZDfxnpJ4IwTIUnJ6I=
57,-88,/RRuyu1htB3klpei8x4sdjCDw1s=,QP1CRFAuhoZDfxnpJ4IwTIUnJ6I=
58,-88,/RRuyu1htB3klpei8x4sdjCDw1s=,QP1CRFAuhoZDfxnpJ4IwTIUnJ6I=
53,-91,/RRuyu1htB3klpei8x4sdjCDw1s=,QP1CRFAuhoZDfxnpJ4IwTIUnJ6I=
56,-88,/RRuyu1htB3klpei8x4sdjCDw1s=,QP1CRFAuhoZDfxnpJ4IwTIUnJ6I=
58,-96,/RRuyu1htB3klpei8x4sdjCDw1s=,QP1CRFAuhoZDfxnpJ4IwTIUnJ6I=
54,-91,/RRuyu1htB3klpei8x4sdjCDw1s=,QP1CRFAuhoZDfxnpJ4IwTIUnJ6I=
55,-88,/RRuyu1htB3klpei8x4sdjCDw1s=,QP1CRFAuhoZDfxnpJ4IwTIUnJ6I=
51,-93,/RRuyu1htB3klpei8x4sdjCDw1s=,QP1CRFAuhoZDfxnpJ4IwTIUnJ6I=
52,-88,/RRuyu1htB3klpei8x4sdjCDw1s=,QP1CRFAuhoZDfxnpJ4IwTIUnJ6I=
54,-88,/RRuyu1htB3klpei8x4sdjCDw1s=,QP1CRFAuhoZDfxnpJ4IwTIUnJ6I=
53,-88,/RRuyu1htB3klpei8x4sdjCDw1s=,QP1CRFAuhoZDfxnpJ4IwTIUnJ6I=
51,-88,/RRuyu1htB3klpei8x4sdjCDw1s=,QP1CRFAuhoZDfxnpJ4IwTIUnJ6I=
50,-88,/RRuyu1htB3klpei8x4sdjCDw1s=,QP1CRFAuhoZDfxnpJ4IwTIUnJ6I=
55,-91,/RRuyu1htB3klpei8x4sdjCDw1s=,QP1CRFAuhoZDfxnpJ4IwTIUnJ6I=
49,-88,/RRuyu1htB3klpei8x4sdjCDw1s=,QP1CRFAuhoZDfxnpJ4IwTIUnJ6I=
48,-88,/RRuyu1htB3klpei8x4sdjCDw1s=,QP1CRFAuhoZDfxnpJ4IwTIUnJ6I=
55,-95,/RRuyu1htB3klpei8x4sdjCDw1s=,QP1CRFAuhoZDfxnpJ4IwTIUnJ6I=
62,-89,/RRuyu1htB3klpei8x4sdjCDw1s=,QP1CRFAuhoZDfxnpJ4IwTIUnJ6I=
63,-89,/RRuyu1htB3klpei8x4sdjCDw1s=,QP1CRFAuhoZDfxnpJ4IwTIUnJ6I=
61,-89,/RRuyu1htB3klpei8x4sdjCDw1s=,QP1CRFAuhoZDfxnpJ4IwTIUnJ6I=
56,-91,/RRuyu1htB3klpei8x4sdjCDw1s=,QP1CRFAuhoZDfxnpJ4IwTIUnJ6I=
60,-89,/RRuyu1htB3klpei8x4sdjCDw1s=,QP1CRFAuhoZDfxnpJ4IwTIUnJ6I=
59,-89,/RRuyu1htB3klpei8x4sdjCDw1s=,QP1CRFAuhoZDfxnpJ4IwTIUnJ6I=
58,-89,/RRuyu1htB3klpei8x4sdjCDw1s=,QP1CRFAuhoZDfxnpJ4IwTIUnJ6I=
57,-89,/RRuyu1htB3klpei8x4sdjCDw1s=,QP1CRFAuhoZDfxnpJ4IwTIUnJ6I=
57,-96,/RRuyu1htB3klpei8x4sdjCDw1s=,QP1CRFAuhoZDfxnpJ4IwTIUnJ6I=
56,-89,/RRuyu1htB3klpei8x4sdjCDw1s=,QP1CRFAuhoZDfxnpJ4IwTIUnJ6I=
57,-91,/RRuyu1htB3klpei8x4sdjCDw1s=,QP1CRFAuhoZDfxnpJ4IwTIUnJ6I=
55,-89,/RRuyu1htB3klpei8x4sdjCDw1s=,QP1CRFAuhoZDfxnpJ4IwTIUnJ6I=
50,-93,/RRuyu1htB3klpei8x4sdjCDw1s=,QP1CRFAuhoZDfxnpJ4IwTIUnJ6I=
54,-89,/RRuyu1htB3klpei8x4sdjCDw1s=,QP1CRFAuhoZDfxnpJ4IwTIUnJ6I=
53,-89,/RRuyu1htB3klpei8x4sdjCDw1s=,QP1CRFAuhoZDfxnpJ4IwTIUnJ6I=
51,-89,/RRuyu1htB3klpei8x4sdjCDw1s=,QP1CRFAuhoZDfxnpJ4IwTIUnJ6I=
52,-89,/RRuyu1htB3klpei8x4sdjCDw1s=,QP1CRFAuhoZDfxnpJ4IwTIUnJ6I=
58,-91,/RRuyu1htB3klpei8x4sdjCDw1s=,QP1CRFAuhoZDfxnpJ4IwTIUnJ6I=
49,-89,/RRuyu1htB3klpei8x4sdjCDw1s=,QP1CRFAuhoZDfxnpJ4IwTIUnJ6I=
50,-89,/RRuyu1htB3klpei8x4sdjCDw1s=,QP1CRFAuhoZDfxnpJ4IwTIUnJ6I=
54,-95,/RRuyu1htB3klpei8x4sdjCDw1s=,QP1CRFAuhoZDfxnpJ4IwTIUnJ6I=
48,-89,/RRuyu1htB3klpei8x4sdjCDw1s=,QP1CRFAuhoZDfxnpJ4IwTIUnJ6I=
63,-90,/RRuyu1htB3klpei8x4sdjCDw1s=,QP1CRFAuhoZDfxnpJ4IwTIUnJ6I=
52,-95,/RRuyu1htB3klpei8x4sdjCDw1s=,QP1CRFAuhoZDfxnpJ4IwTIUnJ6I=
60,-90,/RRuyu1htB3klpei8x4sdjCDw1s=,QP1CRFAuhoZDfxnpJ4IwTIUnJ6I=
62,-90,/RRuyu1htB3klpei8x4sdjCDw1s=,QP1CRFAuhoZDfxnpJ4IwTIUnJ6I=
61,-90,/RRuyu1htB3klpei8x4sdjCDw1s=,QP1CRFAuhoZDfxnpJ4IwTIUnJ6I=
59,-90,/RRuyu1htB3klpei8x4sdjCDw1s=,QP1CRFAuhoZDfxnpJ4IwTIUnJ6I=
58,-90,/RRuyu1htB3klpei8x4sdjCDw1s=,QP1CRFAuhoZDfxnpJ4IwTIUnJ6I=
56,-96,/RRuyu1htB3klpei8x4sdjCDw1s=,QP1CRFAuhoZDfxnpJ4IwTIUnJ6I=
48,-93,/RRuyu1htB3klpei8x4sdjCDw1s=,QP1CRFAuhoZDfxnpJ4IwTIUnJ6I=
57,-90,/RRuyu1htB3klpei8x4sdjCDw1s=,QP1CRFAuhoZDfxnpJ4IwTIUnJ6I=
49,-93,/RRuyu1htB3klpei8x4sdjCDw1s=,QP1CRFAuhoZDfxnpJ4IwTIUnJ6I=
56,-90,/RRuyu1htB3klpei8x4sdjCDw1s=,QP1CRFAuhoZDfxnpJ4IwTIUnJ6I=
54,-90,/RRuyu1htB3klpei8x4sdjCDw1s=,QP1CRFAuhoZDfxnpJ4IwTIUnJ6I=
53,-90,/RRuyu1htB3klpei8x4sdjCDw1s=,QP1CRFAuhoZDfxnpJ4IwTIUnJ6I=
55,-90,/RRuyu1htB3klpei8x4sdjCDw1s=,QP1CRFAuhoZDfxnpJ4IwTIUnJ6I=
55,-96,/RRuyu1htB3klpei8x4sdjCDw1s=,QP1CRFAuhoZDfxnpJ4IwTIUnJ6I=
52,-90,/RRuyu1htB3klpei8x4sdjCDw1s=,QP1CRFAuhoZDfxnpJ4IwTIUnJ6I=
50,-90,/RRuyu1htB3klpei8x4sdjCDw1s=,QP1CRFAuhoZDfxnpJ4IwTIUnJ6I=
51,-90,/RRuyu1htB3klpei8x4sdjCDw1s=,QP1CRFAuhoZDfxnpJ4IwTIUnJ6I=
48,-90,/RRuyu1htB3klpei8x4sdjCDw1s=,QP1CRFAuhoZDfxnpJ4IwTIUnJ6I=
49,-90,/RRuyu1htB3klpei8x4sdjCDw1s=,QP1CRFAuhoZDfxnpJ4IwTIUnJ6I=
59,-91,/RRuyu1htB3klpei8x4sdjCDw1s=,QP1CRFAuhoZDfxnpJ4IwTIUnJ6I=
62,-91,/RRuyu1htB3klpei8x4sdjCDw1s=,QP1CRFAuhoZDfxnpJ4IwTIUnJ6I=
53,-95,/RRuyu1htB3klpei8x4sdjCDw1s=,QP1CRFAuhoZDfxnpJ4IwTIUnJ6I=
63,-91,/RRuyu1htB3klpei8x4sdjCDw1s=,QP1CRFAuhoZDfxnpJ4IwTIUnJ6I=
61,-91,/RRuyu1htB3klpei8x4sdjCDw1s=,QP1CRFAuhoZDfxnpJ4IwTIUnJ6I=
60,-91,/RRuyu1htB3klpei8x4sdjCDw1s=,QP1CRFAuhoZDfxnpJ4IwTIUnJ6I=
49,-86,/RRuyu1htB3klpei8x4sdjCDw1s=,QP1CRFAuhoZDfxnpJ4IwTIUnJ6I=
50,-84,/RRuyu1htB3klpei8x4sdjCDw1s=,QP1CRFAuhoZDfxnpJ4IwTIUnJ6I=
35,-80,CTazd7NTBwVKabIJgMErnE7skPs=,CBM7jzS7NBAG4SDeOEMIsTWWJfM=
44,-77,CTazd7NTBwVKabIJgMErnE7skPs=,CBM7jzS7NBAG4SDeOEMIsTWWJfM=
46,-78,CTazd7NTBwVKabIJgMErnE7skPs=,CBM7jzS7NBAG4SDeOEMIsTWWJfM=
47,-79,CTazd7NTBwVKabIJgMErnE7skPs=,CBM7jzS7NBAG4SDeOEMIsTWWJfM=
45,-78,CTazd7NTBwVKabIJgMErnE7skPs=,CBM7jzS7NBAG4SDeOEMIsTWWJfM=
43,-78,CTazd7NTBwVKabIJgMErnE7skPs=,CBM7jzS7NBAG4SDeOEMIsTWWJfM=
36,-80,CTazd7NTBwVKabIJgMErnE7skPs=,CBM7jzS7NBAG4SDeOEMIsTWWJfM=
44,-78,CTazd7NTBwVKabIJgMErnE7skPs=,CBM7jzS7NBAG4SDeOEMIsTWWJfM=
45,-77,CTazd7NTBwVKabIJgMErnE7skPs=,CBM7jzS7NBAG4SDeOEMIsTWWJfM=
41,-78,CTazd7NTBwVKabIJgMErnE7skPs=,CBM7jzS7NBAG4SDeOEMIsTWWJfM=
46,-77,CTazd7NTBwVKabIJgMErnE7skPs=,CBM7jzS7NBAG4SDeOEMIsTWWJfM=
40,-78,CTazd7NTBwVKabIJgMErnE7skPs=,CBM7jzS7NBAG4SDeOEMIsTWWJfM=
38,-78,CTazd7NTBwVKabIJgMErnE7skPs=,CBM7jzS7NBAG4SDeOEMIsTWWJfM=
42,-78,CTazd7NTBwVKabIJgMErnE7skPs=,CBM7jzS7NBAG4SDeOEMIsTWWJfM=
39,-78,CTazd7NTBwVKabIJgMErnE7skPs=,CBM7jzS7NBAG4SDeOEMIsTWWJfM=
37,-80,CTazd7NTBwVKabIJgMErnE7skPs=,CBM7jzS7NBAG4SDeOEMIsTWWJfM=
37,-78,CTazd7NTBwVKabIJgMErnE7skPs=,CBM7jzS7NBAG4SDeOEMIsTWWJfM=
35,-78,CTazd7NTBwVKabIJgMErnE7skPs=,CBM7jzS7NBAG4SDeOEMIsTWWJfM=
36,-78,CTazd7NTBwVKabIJgMErnE7skPs=,CBM7jzS7NBAG4SDeOEMIsTWWJfM=
34,-78,CTazd7NTBwVKabIJgMErnE7skPs=,CBM7jzS7NBAG4SDeOEMIsTWWJfM=
33,-78,CTazd7NTBwVKabIJgMErnE7skPs=,CBM7jzS7NBAG4SDeOEMIsTWWJfM=
47,-65,CTazd7NTBwVKabIJgMErnE7skPs=,CBM7jzS7NBAG4SDeOEMIsTWWJfM=
34,-79,CTazd7NTBwVKabIJgMErnE7skPs=,CBM7jzS7NBAG4SDeOEMIsTWWJfM=
47,-77,CTazd7NTBwVKabIJgMErnE7skPs=,CBM7jzS7NBAG4SDeOEMIsTWWJfM=
43,-77,CTazd7NTBwVKabIJgMErnE7skPs=,CBM7jzS7NBAG4SDeOEMIsTWWJfM=
32,-78,CTazd7NTBwVKabIJgMErnE7skPs=,CBM7jzS7NBAG4SDeOEMIsTWWJfM=
46,-65,CTazd7NTBwVKabIJgMErnE7skPs=,CBM7jzS7NBAG4SDeOEMIsTWWJfM=
32,-76,CTazd7NTBwVKabIJgMErnE7skPs=,CBM7jzS7NBAG4SDeOEMIsTWWJfM=
44,-65,CTazd7NTBwVKabIJgMErnE7skPs=,CBM7jzS7NBAG4SDeOEMIsTWWJfM=
45,-65,CTazd7NTBwVKabIJgMErnE7skPs=,CBM7jzS7NBAG4SDeOEMIsTWWJfM=
33,-76,CTazd7NTBwVKabIJgMErnE7skPs=,CBM7jzS7NBAG4SDeOEMIsTWWJfM=
41,-65,CTazd7NTBwVKabIJgMErnE7skPs=,CBM7jzS7NBAG4SDeOEMIsTWWJfM=
43,-65,CTazd7NTBwVKabIJgMErnE7skPs=,CBM7jzS7NBAG4SDeOEMIsTWWJfM=
34,-76,CTazd7NTBwVKabIJgMErnE7skPs=,CBM7jzS7NBAG4SDeOEMIsTWWJfM=
40,-65,CTazd7NTBwVKabIJgMErnE7skPs=,CBM7jzS7NBAG4SDeOEMIsTWWJfM=
39,-65,CTazd7NTBwVKabIJgMErnE7skPs=,CBM7jzS7NBAG4SDeOEMIsTWWJfM=
38,-65,CTazd7NTBwVKabIJgMErnE7skPs=,CBM7jzS7NBAG4SDeOEMIsTWWJfM=
35,-76,CTazd7NTBwVKabIJgMErnE7skPs=,CBM7jzS7NBAG4SDeOEMIsTWWJfM=
37,-65,CTazd7NTBwVKabIJgMErnE7skPs=,CBM7jzS7NBAG4SDeOEMIsTWWJfM=
42,-65,CTazd7NTBwVKabIJgMErnE7skPs=,CBM7jzS7NBAG4SDeOEMIsTWWJfM=
34,-65,CTazd7NTBwVKabIJgMErnE7skPs=,CBM7jzS7NBAG4SDeOEMIsTWWJfM=
36,-76,CTazd7NTBwVKabIJgMErnE7skPs=,CBM7jzS7NBAG4SDeOEMIsTWWJfM=
35,-65,CTazd7NTBwVKabIJgMErnE7skPs=,CBM7jzS7NBAG4SDeOEMIsTWWJfM=
42,-77,CTazd7NTBwVKabIJgMErnE7skPs=,CBM7jzS7NBAG4SDeOEMIsTWWJfM=
33,-65,CTazd7NTBwVKabIJgMErnE7skPs=,CBM7jzS7NBAG4SDeOEMIsTWWJfM=
32,-65,CTazd7NTBwVKabIJgMErnE7skPs=,CBM7jzS7NBAG4SDeOEMIsTWWJfM=
37,-76,CTazd7NTBwVKabIJgMErnE7skPs=,CBM7jzS7NBAG4SDeOEMIsTWWJfM=
38,-76,CTazd7NTBwVKabIJgMErnE7skPs=,CBM7jzS7NBAG4SDeOEMIsTWWJfM=
34,-80,CTazd7NTBwVKabIJgMErnE7skPs=,CBM7jzS7NBAG4SDeOEMIsTWWJfM=
47,-66,CTazd7NTBwVKabIJgMErnE7skPs=,CBM7jzS7NBAG4SDeOEMIsTWWJfM=
46,-79,CTazd7NTBwVKabIJgMErnE7skPs=,CBM7jzS7NBAG4SDeOEMIsTWWJfM=
36,-65,CTazd7NTBwVKabIJgMErnE7skPs=,CBM7jzS7NBAG4SDeOEMIsTWWJfM=
46,-66,CTazd7NTBwVKabIJgMErnE7skPs=,CBM7jzS7NBAG4SDeOEMIsTWWJfM=
44,-66,CTazd7NTBwVKabIJgMErnE7skPs=,CBM7jzS7NBAG4SDeOEMIsTWWJfM=
39,-76,CTazd7NTBwVKabIJgMErnE7skPs=,CBM7jzS7NBAG4SDeOEMIsTWWJfM=
45,-66,CTazd7NTBwVKabIJgMErnE7skPs=,CBM7jzS7NBAG4SDeOEMIsTWWJfM=
43,-66,CTazd7NTBwVKabIJgMErnE7skPs=,CBM7jzS7NBAG4SDeOEMIsTWWJfM=
42,-66,CTazd7NTBwVKabIJgMErnE7skPs=,CBM7jzS7NBAG4SDeOEMIsTWWJfM=
41,-66,CTazd7NTBwVKabIJgMErnE7skPs=,CBM7jzS7NBAG4SDeOEMIsTWWJfM=
40,-66,CTazd7NTBwVKabIJgMErnE7skPs=,CBM7jzS7NBAG4SDeOEMIsTWWJfM=
40,-76,CTazd7NTBwVKabIJgMErnE7skPs=,CBM7jzS7NBAG4SDeOEMIsTWWJfM=
39,-66,CTazd7NTBwVKabIJgMErnE7skPs=,CBM7jzS7NBAG4SDeOEMIsTWWJfM=
38,-66,CTazd7NTBwVKabIJgMErnE7skPs=,CBM7jzS7NBAG4SDeOEMIsTWWJfM=
37,-66,CTazd7NTBwVKabIJgMErnE7skPs=,CBM7jzS7NBAG4SDeOEMIsTWWJfM=
36,-66,CTazd7NTBwVKabIJgMErnE7skPs=,CBM7jzS7NBAG4SDeOEMIsTWWJfM=
35,-66,CTazd7NTBwVKabIJgMErnE7skPs=,CBM7jzS7NBAG4SDeOEMIsTWWJfM=
41,-76,CTazd7NTBwVKabIJgMErnE7skPs=,CBM7jzS7NBAG4SDeOEMIsTWWJfM=
34,-66,CTazd7NTBwVKabIJgMErnE7skPs=,CBM7jzS7NBAG4SDeOEMIsTWWJfM=
33,-79,CTazd7NTBwVKabIJgMErnE7skPs=,CBM7jzS7NBAG4SDeOEMIsTWWJfM=
41,-77,CTazd7NTBwVKabIJgMErnE7skPs=,CBM7jzS7NBAG4SDeOEMIsTWWJfM=
32,-79,CTazd7NTBwVKabIJgMErnE7skPs=,CBM7jzS7NBAG4SDeOEMIsTWWJfM=
42,-76,CTazd7NTBwVKabIJgMErnE7skPs=,CBM7jzS7NBAG4SDeOEMIsTWWJfM=
33,-66,CTazd7NTBwVKabIJgMErnE7skPs=,CBM7jzS7NBAG4SDeOEMIsTWWJfM=
43,-76,CTazd7NTBwVKabIJgMErnE7skPs=,CBM7jzS7NBAG4SDeOEMIsTWWJfM=
33,-80,CTazd7NTBwVKabIJgMErnE7skPs=,CBM7jzS7NBAG4SDeOEMIsTWWJfM=
47,-67,CTazd7NTBwVKabIJgMErnE7skPs=,CBM7jzS7NBAG4SDeOEMIsTWWJfM=
45,-67,CTazd7NTBwVKabIJgMErnE7skPs=,CBM7jzS7NBAG4SDeOEMIsTWWJfM=
44,-67,CTazd7NTBwVKabIJgMErnE7skPs=,CBM7jzS7NBAG4SDeOEMIsTWWJfM=
46,-67,CTazd7NTBwVKabIJgMErnE7skPs=,CBM7jzS7NBAG4SDeOEMIsTWWJfM=
47,-78,CTazd7NTBwVKabIJgMErnE7skPs=,CBM7jzS7NBAG4SDeOEMIsTWWJfM=
43,-67,CTazd7NTBwVKabIJgMErnE7skPs=,CBM7jzS7NBAG4SDeOEMIsTWWJfM=
42,-67,CTazd7NTBwVKabIJgMErnE7skPs=,CBM7jzS7NBAG4SDeOEMIsTWWJfM=
32,-66,CTazd7NTBwVKabIJgMErnE7skPs=,CBM7jzS7NBAG4SDeOEMIsTWWJfM=
41,-67,CTazd7NTBwVKabIJgMErnE7skPs=,CBM7jzS7NBAG4SDeOEMIsTWWJfM=
40,-67,CTazd7NTBwVKabIJgMErnE7skPs=,CBM7jzS7NBAG4SDeOEMIsTWWJfM=
38,-80,CTazd7NTBwVKabIJgMErnE7skPs=,CBM7jzS7NBAG4SDeOEMIsTWWJfM=
39,-67,CTazd7NTBwVKabIJgMErnE7skPs=,CBM7jzS7NBAG4SDeOEMIsTWWJfM=
38,-67,CTazd7NTBwVKabIJgMErnE7skPs=,CBM7jzS7NBAG4SDeOEMIsTWWJfM=
37,-67,CTazd7NTBwVKabIJgMErnE7skPs=,CBM7jzS7NBAG4SDeOEMIsTWWJfM=
36,-67,CTazd7NTBwVKabIJgMErnE7skPs=,CBM7jzS7NBAG4SDeOEMIsTWWJfM=
44,-76,CTazd7NTBwVKabIJgMErnE7skPs=,CBM7jzS7NBAG4SDeOEMIsTWWJfM=
35,-67,CTazd7NTBwVKabIJgMErnE7skPs=,CBM7jzS7NBAG4SDeOEMIsTWWJfM=
45,-79,CTazd7NTBwVKabIJgMErnE7skPs=,CBM7jzS7NBAG4SDeOEMIsTWWJfM=
47,-80,CTazd7NTBwVKabIJgMErnE7skPs=,CBM7jzS7NBAG4SDeOEMIsTWWJfM=
45,-76,CTazd7NTBwVKabIJgMErnE7skPs=,CBM7jzS7NBAG4SDeOEMIsTWWJfM=
34,-67,CTazd7NTBwVKabIJgMErnE7skPs=,CBM7jzS7NBAG4SDeOEMIsTWWJfM=
40,-77,CTazd7NTBwVKabIJgMErnE7skPs=,CBM7jzS7NBAG4SDeOEMIsTWWJfM=
33,-67,CTazd7NTBwVKabIJgMErnE7skPs=,CBM7jzS7NBAG4SDeOEMIsTWWJfM=
32,-67,CTazd7NTBwVKabIJgMErnE7skPs=,CBM7jzS7NBAG4SDeOEMIsTWWJfM=
44,-79,CTazd7NTBwVKabIJgMErnE7skPs=,CBM7jzS7NBAG4SDeOEMIsTWWJfM=
47,-68,CTazd7NTBwVKabIJgMErnE7skPs=,CBM7jzS7NBAG4SDeOEMIsTWWJfM=
46,-76,CTazd7NTBwVKabIJgMErnE7skPs=,CBM7jzS7NBAG4SDeOEMIsTWWJfM=
46,-68,CTazd7NTBwVKabIJgMErnE7skPs=,CBM7jzS7NBAG4SDeOEMIsTWWJfM=
45,-68,CTazd7NTBwVKabIJgMErnE7skPs=,CBM7jzS7NBAG4SDeOEMIsTWWJfM=
32,-80,CTazd7NTBwVKabIJgMErnE7skPs=,CBM7jzS7NBAG4SDeOEMIsTWWJfM=
47,-76,CTazd7NTBwVKabIJgMErnE7skPs=,CBM7jzS7NBAG4SDeOEMIsTWWJfM=
43,-68,CTazd7NTBwVKabIJgMErnE7skPs=,CBM7jzS7NBAG4SDeOEMIsTWWJfM=
44,-68,CTazd7NTBwVKabIJgMErnE7skPs=,CBM7jzS7NBAG4SDeOEMIsTWWJfM=
42,-68,CTazd7NTBwVKabIJgMErnE7skPs=,CBM7jzS7NBAG4SDeOEMIsTWWJfM=
41,-68,CTazd7NTBwVKabIJgMErnE7skPs=,CBM7jzS7NBAG4SDeOEMIsTWWJfM=
32,-75,CTazd7NTBwVKabIJgMErnE7skPs=,CBM7jzS7NBAG4SDeOEMIsTWWJfM=
40,-68,CTazd7NTBwVKabIJgMErnE7skPs=,CBM7jzS7NBAG4SDeOEMIsTWWJfM=
39,-68,CTazd7NTBwVKabIJgMErnE7skPs=,CBM7jzS7NBAG4SDeOEMIsTWWJfM=
38,-68,CTazd7NTBwVKabIJgMErnE7skPs=,CBM7jzS7NBAG4SDeOEMIsTWWJfM=
37,-68,CTazd7NTBwVKabIJgMErnE7skPs=,CBM7jzS7NBAG4SDeOEMIsTWWJfM=
35,-79,CTazd7NTBwVKabIJgMErnE7skPs=,CBM7jzS7NBAG4SDeOEMIsTWWJfM=
46,-80,CTazd7NTBwVKabIJgMErnE7skPs=,CBM7jzS7NBAG4SDeOEMIsTWWJfM=
36,-68,CTazd7NTBwVKabIJgMErnE7skPs=,CBM7jzS7NBAG4SDeOEMIsTWWJfM=
39,-77,CTazd7NTBwVKabIJgMErnE7skPs=,CBM7jzS7NBAG4SDeOEMIsTWWJfM=
35,-68,CTazd7NTBwVKabIJgMErnE7skPs=,CBM7jzS7NBAG4SDeOEMIsTWWJfM=
34,-68,CTazd7NTBwVKabIJgMErnE7skPs=,CBM7jzS7NBAG4SDeOEMIsTWWJfM=
33,-68,CTazd7NTBwVKabIJgMErnE7skPs=,CBM7jzS7NBAG4SDeOEMIsTWWJfM=
33,-75,CTazd7NTBwVKabIJgMErnE7skPs=,CBM7jzS7NBAG4SDeOEMIsTWWJfM=
32,-68,CTazd7NTBwVKabIJgMErnE7skPs=,CBM7jzS7NBAG4SDeOEMIsTWWJfM=
43,-79,CTazd7NTBwVKabIJgMErnE7skPs=,CBM7jzS7NBAG4SDeOEMIsTWWJfM=
47,-69,CTazd7NTBwVKabIJgMErnE7skPs=,CBM7jzS7NBAG4SDeOEMIsTWWJfM=
45,-69,CTazd7NTBwVKabIJgMErnE7skPs=,CBM7jzS7NBAG4SDeOEMIsTWWJfM=
34,-75,CTazd7NTBwVKabIJgMErnE7skPs=,CBM7jzS7NBAG4SDeOEMIsTWWJfM=
44,-69,CTazd7NTBwVKabIJgMErnE7skPs=,CBM7jzS7NBAG4SDeOEMIsTWWJfM=
43,-69,CTazd7NTBwVKabIJgMErnE7skPs=,CBM7jzS7NBAG4SDeOEMIsTWWJfM=
42,-69,CTazd7NTBwVKabIJgMErnE7skPs=,CBM7jzS7NBAG4SDeOEMIsTWWJfM=
41,-69,CTazd7NTBwVKabIJgMErnE7skPs=,CBM7jzS7NBAG4SDeOEMIsTWWJfM=
35,-75,CTazd7NTBwVKabIJgMErnE7skPs=,CBM7jzS7NBAG4SDeOEMIsTWWJfM=
46,-69,CTazd7NTBwVKabIJgMErnE7skPs=,CBM7jzS7NBAG4SDeOEMIsTWWJfM=
40,-69,CTazd7NTBwVKabIJgMErnE7skPs=,CBM7jzS7NBAG4SDeOEMIsTWWJfM=
38,-69,CTazd7NTBwVKabIJgMErnE7skPs=,CBM7jzS7NBAG4SDeOEMIsTWWJfM=
36,-75,CTazd7NTBwVKabIJgMErnE7skPs=,CBM7jzS7NBAG4SDeOEMIsTWWJfM=
37,-69,CTazd7NTBwVKabIJgMErnE7skPs=,CBM7jzS7NBAG4SDeOEMIsTWWJfM=
39,-69,CTazd7NTBwVKabIJgMErnE7skPs=,CBM7jzS7NBAG4SDeOEMIsTWWJfM=
38,-77,CTazd7NTBwVKabIJgMErnE7skPs=,CBM7jzS7NBAG4SDeOEMIsTWWJfM=
45,-80,CTazd7NTBwVKabIJgMErnE7skPs=,CBM7jzS7NBAG4SDeOEMIsTWWJfM=
36,-69,CTazd7NTBwVKabIJgMErnE7skPs=,CBM7jzS7NBAG4SDeOEMIsTWWJfM=
35,-69,CTazd7NTBwVKabIJgMErnE7skPs=,CBM7jzS7NBAG4SDeOEMIsTWWJfM=
37,-75,CTazd7NTBwVKabIJgMErnE7skPs=,CBM7jzS7NBAG4SDeOEMIsTWWJfM=
34,-69,CTazd7NTBwVKabIJgMErnE7skPs=,CBM7jzS7NBAG4SDeOEMIsTWWJfM=
33,-69,CTazd7NTBwVKabIJgMErnE7skPs=,CBM7jzS7NBAG4SDeOEMIsTWWJfM=
32,-69,CTazd7NTBwVKabIJgMErnE7skPs=,CBM7jzS7NBAG4SDeOEMIsTWWJfM=
42,-79,CTazd7NTBwVKabIJgMErnE7skPs=,CBM7jzS7NBAG4SDeOEMIsTWWJfM=
47,-70,CTazd7NTBwVKabIJgMErnE7skPs=,CBM7jzS7NBAG4SDeOEMIsTWWJfM=
46,-70,CTazd7NTBwVKabIJgMErnE7skPs=,CBM7jzS7NBAG4SDeOEMIsTWWJfM=
38,-75,CTazd7NTBwVKabIJgMErnE7skPs=,CBM7jzS7NBAG4SDeOEMIsTWWJfM=
45,-70,CTazd7NTBwVKabIJgMErnE7skPs=,CBM7jzS7NBAG4SDeOEMIsTWWJfM=
43,-70,CTazd7NTBwVKabIJgMErnE7skPs=,CBM7jzS7NBAG4SDeOEMIsTWWJfM=
42,-70,CTazd7NTBwVKabIJgMErnE7skPs=,CBM7jzS7NBAG4SDeOEMIsTWWJfM=
39,-75,CTazd7NTBwVKabIJgMErnE7skPs=,CBM7jzS7NBAG4SDeOEMIsTWWJfM=
41,-70,CTazd7NTBwVKabIJgMErnE7skPs=,CBM7jzS7NBAG4SDeOEMIsTWWJfM=
40,-70,CTazd7NTBwVKabIJgMErnE7skPs=,CBM7jzS7NBAG4SDeOEMIsTWWJfM=
39,-70,CTazd7NTBwVKabIJgMErnE7skPs=,CBM7jzS7NBAG4SDeOEMIsTWWJfM=
40,-75,CTazd7NTBwVKabIJgMErnE7skPs=,CBM7jzS7NBAG4SDeOEMIsTWWJfM=
44,-70,CTazd7NTBwVKabIJgMErnE7skPs=,CBM7jzS7NBAG4SDeOEMIsTWWJfM=
38,-70,CTazd7NTBwVKabIJgMErnE7skPs=,CBM7jzS7NBAG4SDeOEMIsTWWJfM=
37,-77,CTazd7NTBwVKabIJgMErnE7skPs=,CBM7jzS7NBAG4SDeOEMIsTWWJfM=
44,-80,CTazd7NTBwVKabIJgMErnE7skPs=,CBM7jzS7NBAG4SDeOEMIsTWWJfM=
37,-70,CTazd7NTBwVKabIJgMErnE7skPs=,CBM7jzS7NBAG4SDeOEMIsTWWJfM=
36,-70,CTazd7NTBwVKabIJgMErnE7skPs=,CBM7jzS7NBAG4SDeOEMIsTWWJfM=
35,-70,CTazd7NTBwVKabIJgMErnE7skPs=,CBM7jzS7NBAG4SDeOEMIsTWWJfM=
41,-75,CTazd7NTBwVKabIJgMErnE7skPs=,CBM7jzS7NBAG4SDeOEMIsTWWJfM=
33,-70,CTazd7NTBwVKabIJgMErnE7skPs=,CBM7jzS7NBAG4SDeOEMIsTWWJfM=
34,-70,CTazd7NTBwVKabIJgMErnE7skPs=,CBM7jzS7NBAG4SDeOEMIsTWWJfM=
32,-70,CTazd7NTBwVKabIJgMErnE7skPs=,CBM7jzS7NBAG4SDeOEMIsTWWJfM=
42,-75,CTazd7NTBwVKabIJgMErnE7skPs=,CBM7jzS7NBAG4SDeOEMIsTWWJfM=
47,-71,CTazd7NTBwVKabIJgMErnE7skPs=,CBM7jzS7NBAG4SDeOEMIsTWWJfM=
46,-71,CTazd7NTBwVKabIJgMErnE7skPs=,CBM7jzS7NBAG4SDeOEMIsTWWJfM=
45,-71,CTazd7NTBwVKabIJgMErnE7skPs=,CBM7jzS7NBAG4SDeOEMIsTWWJfM=
44,-71,CTazd7NTBwVKabIJgMErnE7skPs=,CBM7jzS7NBAG4SDeOEMIsTWWJfM=
43,-71,CTazd7NTBwVKabIJgMErnE7skPs=,CBM7jzS7NBAG4SDeOEMIsTWWJfM=
42,-71,CTazd7NTBwVKabIJgMErnE7skPs=,CBM7jzS7NBAG4SDeOEMIsTWWJfM=
36,-79,CTazd7NTBwVKabIJgMErnE7skPs=,CBM7jzS7NBAG4SDeOEMIsTWWJfM=
41,-71,CTazd7NTBwVKabIJgMErnE7skPs=,CBM7jzS7NBAG4SDeOEMIsTWWJfM=
39,-71,CTazd7NTBwVKabIJgMErnE7skPs=,CBM7jzS7NBAG4SDeOEMIsTWWJfM=
40,-71,CTazd7NTBwVKabIJgMErnE7skPs=,CBM7jzS7NBAG4SDeOEMIsTWWJfM=
43,-80,CTazd7NTBwVKabIJgMErnE7skPs=,CBM7jzS7NBAG4SDeOEMIsTWWJfM=
32,-77,CTazd7NTBwVKabIJgMErnE7skPs=,CBM7jzS7NBAG4SDeOEMIsTWWJfM=
41,-79,CTazd7NTBwVKabIJgMErnE7skPs=,CBM7jzS7NBAG4SDeOEMIsTWWJfM=
38,-71,CTazd7NTBwVKabIJgMErnE7skPs=,CBM7jzS7NBAG4SDeOEMIsTWWJfM=
36,-71,CTazd7NTBwVKabIJgMErnE7skPs=,CBM7jzS7NBAG4SDeOEMIsTWWJfM=
37,-71,CTazd7NTBwVKabIJgMErnE7skPs=,CBM7jzS7NBAG4SDeOEMIsTWWJfM=
39,-80,CTazd7NTBwVKabIJgMErnE7skPs=,CBM7jzS7NBAG4SDeOEMIsTWWJfM=
35,-71,CTazd7NTBwVKabIJgMErnE7skPs=,CBM7jzS7NBAG4SDeOEMIsTWWJfM=
36,-77,CTazd7NTBwVKabIJgMErnE7skPs=,CBM7jzS7NBAG4SDeOEMIsTWWJfM=
34,-71,CTazd7NTBwVKabIJgMErnE7skPs=,CBM7jzS7NBAG4SDeOEMIsTWWJfM=
33,-71,CTazd7NTBwVKabIJgMErnE7skPs=,CBM7jzS7NBAG4SDeOEMIsTWWJfM=
32,-71,CTazd7NTBwVKabIJgMErnE7skPs=,CBM7jzS7NBAG4SDeOEMIsTWWJfM=
43,-75,CTazd7NTBwVKabIJgMErnE7skPs=,CBM7jzS7NBAG4SDeOEMIsTWWJfM=
47,-72,CTazd7NTBwVKabIJgMErnE7skPs=,CBM7jzS7NBAG4SDeOEMIsTWWJfM=
45,-72,CTazd7NTBwVKabIJgMErnE7skPs=,CBM7jzS7NBAG4SDeOEMIsTWWJfM=
46,-72,CTazd7NTBwVKabIJgMErnE7skPs=,CBM7jzS7NBAG4SDeOEMIsTWWJfM=
40,-79,CTazd7NTBwVKabIJgMErnE7skPs=,CBM7jzS7NBAG4SDeOEMIsTWWJfM=
44,-75,CTazd7NTBwVKabIJgMErnE7skPs=,CBM7jzS7NBAG4SDeOEMIsTWWJfM=
44,-72,CTazd7NTBwVKabIJgMErnE7skPs=,CBM7jzS7NBAG4SDeOEMIsTWWJfM=
43,-72,CTazd7NTBwVKabIJgMErnE7skPs=,CBM7jzS7NBAG4SDeOEMIsTWWJfM=
42,-72,CTazd7NTBwVKabIJgMErnE7skPs=,CBM7jzS7NBAG4SDeOEMIsTWWJfM=
41,-72,CTazd7NTBwVKabIJgMErnE7skPs=,CBM7jzS7NBAG4SDeOEMIsTWWJfM=
40,-72,CTazd7NTBwVKabIJgMErnE7skPs=,CBM7jzS7NBAG4SDeOEMIsTWWJfM=
45,-75,CTazd7NTBwVKabIJgMErnE7skPs=,CBM7jzS7NBAG4SDeOEMIsTWWJfM=
42,-80,CTazd7NTBwVKabIJgMErnE7skPs=,CBM7jzS7NBAG4SDeOEMIsTWWJfM=
39,-72,CTazd7NTBwVKabIJgMErnE7skPs=,CBM7jzS7NBAG4SDeOEMIsTWWJfM=
35,-77,CTazd7NTBwVKabIJgMErnE7skPs=,CBM7jzS7NBAG4SDeOEMIsTWWJfM=
38,-72,CTazd7NTBwVKabIJgMErnE7skPs=,CBM7jzS7NBAG4SDeOEMIsTWWJfM=
46,-75,CTazd7NTBwVKabIJgMErnE7skPs=,CBM7jzS7NBAG4SDeOEMIsTWWJfM=
37,-72,CTazd7NTBwVKabIJgMErnE7skPs=,CBM7jzS7NBAG4SDeOEMIsTWWJfM=
35,-72,CTazd7NTBwVKabIJgMErnE7skPs=,CBM7jzS7NBAG4SDeOEMIsTWWJfM=
34,-72,CTazd7NTBwVKabIJgMErnE7skPs=,CBM7jzS7NBAG4SDeOEMIsTWWJfM=
33,-72,CTazd7NTBwVKabIJgMErnE7skPs=,CBM7jzS7NBAG4SDeOEMIsTWWJfM=
32,-72,CTazd7NTBwVKabIJgMErnE7skPs=,CBM7jzS7NBAG4SDeOEMIsTWWJfM=
36,-72,CTazd7NTBwVKabIJgMErnE7skPs=,CBM7jzS7NBAG4SDeOEMIsTWWJfM=
47,-75,CTazd7NTBwVKabIJgMErnE7skPs=,CBM7jzS7NBAG4SDeOEMIsTWWJfM=
47,-73,CTazd7NTBwVKabIJgMErnE7skPs=,CBM7jzS7NBAG4SDeOEMIsTWWJfM=
46,-73,CTazd7NTBwVKabIJgMErnE7skPs=,CBM7jzS7NBAG4SDeOEMIsTWWJfM=
45,-73,CTazd7NTBwVKabIJgMErnE7skPs=,CBM7jzS7NBAG4SDeOEMIsTWWJfM=
39,-79,CTazd7NTBwVKabIJgMErnE7skPs=,CBM7jzS7NBAG4SDeOEMIsTWWJfM=
44,-73,CTazd7NTBwVKabIJgMErnE7skPs=,CBM7jzS7NBAG4SDeOEMIsTWWJfM=
42,-73,CTazd7NTBwVKabIJgMErnE7skPs=,CBM7jzS7NBAG4SDeOEMIsTWWJfM=
43,-73,CTazd7NTBwVKabIJgMErnE7skPs=,CBM7jzS7NBAG4SDeOEMIsTWWJfM=
41,-73,CTazd7NTBwVKabIJgMErnE7skPs=,CBM7jzS7NBAG4SDeOEMIsTWWJfM=
37,-79,CTazd7NTBwVKabIJgMErnE7skPs=,CBM7jzS7NBAG4SDeOEMIsTWWJfM=
34,-77,CTazd7NTBwVKabIJgMErnE7skPs=,CBM7jzS7NBAG4SDeOEMIsTWWJfM=
41,-80,CTazd7NTBwVKabIJgMErnE7skPs=,CBM7jzS7NBAG4SDeOEMIsTWWJfM=
39,-73,CTazd7NTBwVKabIJgMErnE7skPs=,CBM7jzS7NBAG4SDeOEMIsTWWJfM=
38,-73,CTazd7NTBwVKabIJgMErnE7skPs=,CBM7jzS7NBAG4SDeOEMIsTWWJfM=
40,-73,CTazd7NTBwVKabIJgMErnE7skPs=,CBM7jzS7NBAG4SDeOEMIsTWWJfM=
32,-74,CTazd7NTBwVKabIJgMErnE7skPs=,CBM7jzS7NBAG4SDeOEMIsTWWJfM=
37,-73,CTazd7NTBwVKabIJgMErnE7skPs=,CBM7jzS7NBAG4SDeOEMIsTWWJfM=
35,-73,CTazd7NTBwVKabIJgMErnE7skPs=,CBM7jzS7NBAG4SDeOEMIsTWWJfM=
34,-73,CTazd7NTBwVKabIJgMErnE7skPs=,CBM7jzS7NBAG4SDeOEMIsTWWJfM=
33,-73,CTazd7NTBwVKabIJgMErnE7skPs=,CBM7jzS7NBAG4SDeOEMIsTWWJfM=
36,-73,CTazd7NTBwVKabIJgMErnE7skPs=,CBM7jzS7NBAG4SDeOEMIsTWWJfM=
32,-73,CTazd7NTBwVKabIJgMErnE7skPs=,CBM7jzS7NBAG4SDeOEMIsTWWJfM=
33,-74,CTazd7NTBwVKabIJgMErnE7skPs=,CBM7jzS7NBAG4SDeOEMIsTWWJfM=
38,-79,CTazd7NTBwVKabIJgMErnE7skPs=,CBM7jzS7NBAG4SDeOEMIsTWWJfM=
47,-74,CTazd7NTBwVKabIJgMErnE7skPs=,CBM7jzS7NBAG4SDeOEMIsTWWJfM=
46,-74,CTazd7NTBwVKabIJgMErnE7skPs=,CBM7jzS7NBAG4SDeOEMIsTWWJfM=
45,-74,CTazd7NTBwVKabIJgMErnE7skPs=,CBM7jzS7NBAG4SDeOEMIsTWWJfM=
44,-74,CTazd7NTBwVKabIJgMErnE7skPs=,CBM7jzS7NBAG4SDeOEMIsTWWJfM=
34,-74,CTazd7NTBwVKabIJgMErnE7skPs=,CBM7jzS7NBAG4SDeOEMIsTWWJfM=
43,-74,CTazd7NTBwVKabIJgMErnE7skPs=,CBM7jzS7NBAG4SDeOEMIsTWWJfM=
40,-80,CTazd7NTBwVKabIJgMErnE7skPs=,CBM7jzS7NBAG4SDeOEMIsTWWJfM=
33,-77,CTazd7NTBwVKabIJgMErnE7skPs=,CBM7jzS7NBAG4SDeOEMIsTWWJfM=
37,-74,CTazd7NTBwVKabIJgMErnE7skPs=,CBM7jzS7NBAG4SDeOEMIsTWWJfM=
40,-74,CTazd7NTBwVKabIJgMErnE7skPs=,CBM7jzS7NBAG4SDeOEMIsTWWJfM=
42,-74,CTazd7NTBwVKabIJgMErnE7skPs=,CBM7jzS7NBAG4SDeOEMIsTWWJfM=
35,-74,CTazd7NTBwVKabIJgMErnE7skPs=,CBM7jzS7NBAG4SDeOEMIsTWWJfM=
38,-74,CTazd7NTBwVKabIJgMErnE7skPs=,CBM7jzS7NBAG4SDeOEMIsTWWJfM=
41,-74,CTazd7NTBwVKabIJgMErnE7skPs=,CBM7jzS7NBAG4SDeOEMIsTWWJfM=
36,-74,CTazd7NTBwVKabIJgMErnE7skPs=,CBM7jzS7NBAG4SDeOEMIsTWWJfM=
39,-74,CTazd7NTBwVKabIJgMErnE7skPs=,CBM7jzS7NBAG4SDeOEMIsTWWJfM=
35,-96,AhAvWgVX0D3CWj7vXZXd4kmCJc0=,6NV9gXYmChcEhkr/zLm2KBWUa/c=
47,-81,AhAvWgVX0D3CWj7vXZXd4kmCJc0=,6NV9gXYmChcEhkr/zLm2KBWUa/c=
47,-95,AhAvWgVX0D3CWj7vXZXd4kmCJc0=,6NV9gXYmChcEhkr/zLm2KBWUa/c=
46,-81,AhAvWgVX0D3CWj7vXZXd4kmCJc0=,6NV9gXYmChcEhkr/zLm2KBWUa/c=
42,-94,AhAvWgVX0D3CWj7vXZXd4kmCJc0=,6NV9gXYmChcEhkr/zLm2KBWUa/c=
44,-94,AhAvWgVX0D3CWj7vXZXd4kmCJc0=,6NV9gXYmChcEhkr/zLm2KBWUa/c=
45,-94,AhAvWgVX0D3CWj7vXZXd4kmCJc0=,6NV9gXYmChcEhkr/zLm2KBWUa/c=
40,-94,AhAvWgVX0D3CWj7vXZXd4kmCJc0=,6NV9gXYmChcEhkr/zLm2KBWUa/c=
41,-94,AhAvWgVX0D3CWj7vXZXd4kmCJc0=,6NV9gXYmChcEhkr/zLm2KBWUa/c=
43,-94,AhAvWgVX0D3CWj7vXZXd4kmCJc0=,6NV9gXYmChcEhkr/zLm2KBWUa/c=
39,-94,AhAvWgVX0D3CWj7vXZXd4kmCJc0=,6NV9gXYmChcEhkr/zLm2KBWUa/c=
38,-94,AhAvWgVX0D3CWj7vXZXd4kmCJc0=,6NV9gXYmChcEhkr/zLm2KBWUa/c=
34,-94,AhAvWgVX0D3CWj7vXZXd4kmCJc0=,6NV9gXYmChcEhkr/zLm2KBWUa/c=
37,-94,AhAvWgVX0D3CWj7vXZXd4kmCJc0=,6NV9gXYmChcEhkr/zLm2KBWUa/c=
35,-94,AhAvWgVX0D3CWj7vXZXd4kmCJc0=,6NV9gXYmChcEhkr/zLm2KBWUa/c=
32,-94,AhAvWgVX0D3CWj7vXZXd4kmCJc0=,6NV9gXYmChcEhkr/zLm2KBWUa/c=
36,-94,AhAvWgVX0D3CWj7vXZXd4kmCJc0=,6NV9gXYmChcEhkr/zLm2KBWUa/c=
33,-94,AhAvWgVX0D3CWj7vXZXd4kmCJc0=,6NV9gXYmChcEhkr/zLm2KBWUa/c=
43,-93,AhAvWgVX0D3CWj7vXZXd4kmCJc0=,6NV9gXYmChcEhkr/zLm2KBWUa/c=
45,-81,AhAvWgVX0D3CWj7vXZXd4kmCJc0=,6NV9gXYmChcEhkr/zLm2KBWUa/c=
43,-81,AhAvWgVX0D3CWj7vXZXd4kmCJc0=,6NV9gXYmChcEhkr/zLm2KBWUa/c=
44,-81,AhAvWgVX0D3CWj7vXZXd4kmCJc0=,6NV9gXYmChcEhkr/zLm2KBWUa/c=
32,-96,AhAvWgVX0D3CWj7vXZXd4kmCJc0=,6NV9gXYmChcEhkr/zLm2KBWUa/c=
33,-95,AhAvWgVX0D3CWj7vXZXd4kmCJc0=,6NV9gXYmChcEhkr/zLm2KBWUa/c=
42,-81,AhAvWgVX0D3CWj7vXZXd4kmCJc0=,6NV9gXYmChcEhkr/zLm2KBWUa/c=
40,-81,AhAvWgVX0D3CWj7vXZXd4kmCJc0=,6NV9gXYmChcEhkr/zLm2KBWUa/c=
41,-81,AhAvWgVX0D3CWj7vXZXd4kmCJc0=,6NV9gXYmChcEhkr/zLm2KBWUa/c=
39,-81,AhAvWgVX0D3CWj7vXZXd4kmCJc0=,6NV9gXYmChcEhkr/zLm2KBWUa/c=
38,-81,AhAvWgVX0D3CWj7vXZXd4kmCJc0=,6NV9gXYmChcEhkr/zLm2KBWUa/c=
37,-81,AhAvWgVX0D3CWj7vXZXd4kmCJc0=,6NV9gXYmChcEhkr/zLm2KBWUa/c=
44,-93,AhAvWgVX0D3CWj7vXZXd4kmCJc0=,6NV9gXYmChcEhkr/zLm2KBWUa/c=
36,-81,AhAvWgVX0D3CWj7vXZXd4kmCJc0=,6NV9gXYmChcEhkr/zLm2KBWUa/c=
34,-96,AhAvWgVX0D3CWj7vXZXd4kmCJc0=,6NV9gXYmChcEhkr/zLm2KBWUa/c=
35,-81,AhAvWgVX0D3CWj7vXZXd4kmCJc0=,6NV9gXYmChcEhkr/zLm2KBWUa/c=
46,-94,AhAvWgVX0D3CWj7vXZXd4kmCJc0=,6NV9gXYmChcEhkr/zLm2KBWUa/c=
34,-81,AhAvWgVX0D3CWj7vXZXd4kmCJc0=,6NV9gXYmChcEhkr/zLm2KBWUa/c=
33,-81,AhAvWgVX0D3CWj7vXZXd4kmCJc0=,6NV9gXYmChcEhkr/zLm2KBWUa/c=
46,-95,AhAvWgVX0D3CWj7vXZXd4kmCJc0=,6NV9gXYmChcEhkr/zLm2KBWUa/c=
47,-82,AhAvWgVX0D3CWj7vXZXd4kmCJc0=,6NV9gXYmChcEhkr/zLm2KBWUa/c=
32,-81,AhAvWgVX0D3CWj7vXZXd4kmCJc0=,6NV9gXYmChcEhkr/zLm2KBWUa/c=
36,-96,AhAvWgVX0D3CWj7vXZXd4kmCJc0=,6NV9gXYmChcEhkr/zLm2KBWUa/c=
46,-82,AhAvWgVX0D3CWj7vXZXd4kmCJc0=,6NV9gXYmChcEhkr/zLm2KBWUa/c=
42,-93,AhAvWgVX0D3CWj7vXZXd4kmCJc0=,6NV9gXYmChcEhkr/zLm2KBWUa/c=
45,-82,AhAvWgVX0D3CWj7vXZXd4kmCJc0=,6NV9gXYmChcEhkr/zLm2KBWUa/c=
45,-93,AhAvWgVX0D3CWj7vXZXd4kmCJc0=,6NV9gXYmChcEhkr/zLm2KBWUa/c=
44,-82,AhAvWgVX0D3CWj7vXZXd4kmCJc0=,6NV9gXYmChcEhkr/zLm2KBWUa/c=
46,-93,AhAvWgVX0D3CWj7vXZXd4kmCJc0=,6NV9gXYmChcEhkr/zLm2KBWUa/c=
42,-82,AhAvWgVX0D3CWj7vXZXd4kmCJc0=,6NV9gXYmChcEhkr/zLm2KBWUa/c=
39,-82,AhAvWgVX0D3CWj7vXZXd4kmCJc0=,6NV9gXYmChcEhkr/zLm2KBWUa/c=
40,-82,AhAvWgVX0D3CWj7vXZXd4kmCJc0=,6NV9gXYmChcEhkr/zLm2KBWUa/c=
41,-82,AhAvWgVX0D3CWj7vXZXd4kmCJc0=,6NV9gXYmChcEhkr/zLm2KBWUa/c=
38,-82,AhAvWgVX0D3CWj7vXZXd4kmCJc0=,6NV9gXYmChcEhkr/zLm2KBWUa/c=
47,-93,AhAvWgVX0D3CWj7vXZXd4kmCJc0=,6NV9gXYmChcEhkr/zLm2KBWUa/c=
37,-82,AhAvWgVX0D3CWj7vXZXd4kmCJc0=,6NV9gXYmChcEhkr/zLm2KBWUa/c=
36,-82,AhAvWgVX0D3CWj7vXZXd4kmCJc0=,6NV9gXYmChcEhkr/zLm2KBWUa/c=
35,-82,AhAvWgVX0D3CWj7vXZXd4kmCJc0=,6NV9gXYmChcEhkr/zLm2KBWUa/c=
34,-82,AhAvWgVX0D3CWj7vXZXd4kmCJc0=,6NV9gXYmChcEhkr/zLm2KBWUa/c=
33,-82,AhAvWgVX0D3CWj7vXZXd4kmCJc0=,6NV9gXYmChcEhkr/zLm2KBWUa/c=
32,-92,AhAvWgVX0D3CWj7vXZXd4kmCJc0=,6NV9gXYmChcEhkr/zLm2KBWUa/c=
32,-95,AhAvWgVX0D3CWj7vXZXd4kmCJc0=,6NV9gXYmChcEhkr/zLm2KBWUa/c=
41,-93,AhAvWgVX0D3CWj7vXZXd4kmCJc0=,6NV9gXYmChcEhkr/zLm2KBWUa/c=
33,-92,AhAvWgVX0D3CWj7vXZXd4kmCJc0=,6NV9gXYmChcEhkr/zLm2KBWUa/c=
32,-82,AhAvWgVX0D3CWj7vXZXd4kmCJc0=,6NV9gXYmChcEhkr/zLm2KBWUa/c=
33,-96,AhAvWgVX0D3CWj7vXZXd4kmCJc0=,6NV9gXYmChcEhkr/zLm2KBWUa/c=
47,-83,AhAvWgVX0D3CWj7vXZXd4kmCJc0=,6NV9gXYmChcEhkr/zLm2KBWUa/c=
46,-83,AhAvWgVX0D3CWj7vXZXd4kmCJc0=,6NV9gXYmChcEhkr/zLm2KBWUa/c=
45,-83,AhAvWgVX0D3CWj7vXZXd4kmCJc0=,6NV9gXYmChcEhkr/zLm2KBWUa/c=
34,-92,AhAvWgVX0D3CWj7vXZXd4kmCJc0=,6NV9gXYmChcEhkr/zLm2KBWUa/c=
44,-83,AhAvWgVX0D3CWj7vXZXd4kmCJc0=,6NV9gXYmChcEhkr/zLm2KBWUa/c=
43,-83,AhAvWgVX0D3CWj7vXZXd4kmCJc0=,6NV9gXYmChcEhkr/zLm2KBWUa/c=
42,-83,AhAvWgVX0D3CWj7vXZXd4kmCJc0=,6NV9gXYmChcEhkr/zLm2KBWUa/c=
35,-92,AhAvWgVX0D3CWj7vXZXd4kmCJc0=,6NV9gXYmChcEhkr/zLm2KBWUa/c=
41,-83,AhAvWgVX0D3CWj7vXZXd4kmCJc0=,6NV9gXYmChcEhkr/zLm2KBWUa/c=
38,-83,AhAvWgVX0D3CWj7vXZXd4kmCJc0=,6NV9gXYmChcEhkr/zLm2KBWUa/c=
40,-83,AhAvWgVX0D3CWj7vXZXd4kmCJc0=,6NV9gXYmChcEhkr/zLm2KBWUa/c=
39,-83,AhAvWgVX0D3CWj7vXZXd4kmCJc0=,6NV9gXYmChcEhkr/zLm2KBWUa/c=
36,-92,AhAvWgVX0D3CWj7vXZXd4kmCJc0=,6NV9gXYmChcEhkr/zLm2KBWUa/c=
37,-83,AhAvWgVX0D3CWj7vXZXd4kmCJc0=,6NV9gXYmChcEhkr/zLm2KBWUa/c=
45,-95,AhAvWgVX0D3CWj7vXZXd4kmCJc0=,6NV9gXYmChcEhkr/zLm2KBWUa/c=
37,-92,AhAvWgVX0D3CWj7vXZXd4kmCJc0=,6NV9gXYmChcEhkr/zLm2KBWUa/c=
47,-96,AhAvWgVX0D3CWj7vXZXd4kmCJc0=,6NV9gXYmChcEhkr/zLm2KBWUa/c=
36,-83,AhAvWgVX0D3CWj7vXZXd4kmCJc0=,6NV9gXYmChcEhkr/zLm2KBWUa/c=
34,-83,AhAvWgVX0D3CWj7vXZXd4kmCJc0=,6NV9gXYmChcEhkr/zLm2KBWUa/c=
40,-93,AhAvWgVX0D3CWj7vXZXd4kmCJc0=,6NV9gXYmChcEhkr/zLm2KBWUa/c=
35,-83,AhAvWgVX0D3CWj7vXZXd4kmCJc0=,6NV9gXYmChcEhkr/zLm2KBWUa/c=
33,-83,AhAvWgVX0D3CWj7vXZXd4kmCJc0=,6NV9gXYmChcEhkr/zLm2KBWUa/c=
44,-95,AhAvWgVX0D3CWj7vXZXd4kmCJc0=,6NV9gXYmChcEhkr/zLm2KBWUa/c=
38,-92,AhAvWgVX0D3CWj7vXZXd4kmCJc0=,6NV9gXYmChcEhkr/zLm2KBWUa/c=
32,-83,AhAvWgVX0D3CWj7vXZXd4kmCJc0=,6NV9gXYmChcEhkr/zLm2KBWUa/c=
47,-84,AhAvWgVX0D3CWj7vXZXd4kmCJc0=,6NV9gXYmChcEhkr/zLm2KBWUa/c=
39,-92,AhAvWgVX0D3CWj7vXZXd4kmCJc0=,6NV9gXYmChcEhkr/zLm2KBWUa/c=
46,-84,AhAvWgVX0D3CWj7vXZXd4kmCJc0=,6NV9gXYmChcEhkr/zLm2KBWUa/c=
45,-84,AhAvWgVX0D3CWj7vXZXd4kmCJc0=,6NV9gXYmChcEhkr/zLm2KBWUa/c=
44,-84,AhAvWgVX0D3CWj7vXZXd4kmCJc0=,6NV9gXYmChcEhkr/zLm2KBWUa/c=
43,-84,AhAvWgVX0D3CWj7vXZXd4kmCJc0=,6NV9gXYmChcEhkr/zLm2KBWUa/c=
42,-84,AhAvWgVX0D3CWj7vXZXd4kmCJc0=,6NV9gXYmChcEhkr/zLm2KBWUa/c=
40,-92,AhAvWgVX0D3CWj7vXZXd4kmCJc0=,6NV9gXYmChcEhkr/zLm2KBWUa/c=
41,-84,AhAvWgVX0D3CWj7vXZXd4kmCJc0=,6NV9gXYmChcEhkr/zLm2KBWUa/c=
40,-84,AhAvWgVX0D3CWj7vXZXd4kmCJc0=,6NV9gXYmChcEhkr/zLm2KBWUa/c=
38,-84,AhAvWgVX0D3CWj7vXZXd4kmCJc0=,6NV9gXYmChcEhkr/zLm2KBWUa/c=
39,-84,AhAvWgVX0D3CWj7vXZXd4kmCJc0=,6NV9gXYmChcEhkr/zLm2KBWUa/c=
37,-96,AhAvWgVX0D3CWj7vXZXd4kmCJc0=,6NV9gXYmChcEhkr/zLm2KBWUa/c=
36,-84,AhAvWgVX0D3CWj7vXZXd4kmCJc0=,6NV9gXYmChcEhkr/zLm2KBWUa/c=
43,-95,AhAvWgVX0D3CWj7vXZXd4kmCJc0=,6NV9gXYmChcEhkr/zLm2KBWUa/c=
37,-84,AhAvWgVX0D3CWj7vXZXd4kmCJc0=,6NV9gXYmChcEhkr/zLm2KBWUa/c=
35,-84,AhAvWgVX0D3CWj7vXZXd4kmCJc0=,6NV9gXYmChcEhkr/zLm2KBWUa/c=
46,-96,AhAvWgVX0D3CWj7vXZXd4kmCJc0=,6NV9gXYmChcEhkr/zLm2KBWUa/c=
42,-95,AhAvWgVX0D3CWj7vXZXd4kmCJc0=,6NV9gXYmChcEhkr/zLm2KBWUa/c=
39,-93,AhAvWgVX0D3CWj7vXZXd4kmCJc0=,6NV9gXYmChcEhkr/zLm2KBWUa/c=
41,-92,AhAvWgVX0D3CWj7vXZXd4kmCJc0=,6NV9gXYmChcEhkr/zLm2KBWUa/c=
34,-84,AhAvWgVX0D3CWj7vXZXd4kmCJc0=,6NV9gXYmChcEhkr/zLm2KBWUa/c=
33,-84,AhAvWgVX0D3CWj7vXZXd4kmCJc0=,6NV9gXYmChcEhkr/zLm2KBWUa/c=
47,-85,AhAvWgVX0D3CWj7vXZXd4kmCJc0=,6NV9gXYmChcEhkr/zLm2KBWUa/c=
32,-84,AhAvWgVX0D3CWj7vXZXd4kmCJc0=,6NV9gXYmChcEhkr/zLm2KBWUa/c=
42,-92,AhAvWgVX0D3CWj7vXZXd4kmCJc0=,6NV9gXYmChcEhkr/zLm2KBWUa/c=
46,-85,AhAvWgVX0D3CWj7vXZXd4kmCJc0=,6NV9gXYmChcEhkr/zLm2KBWUa/c=
45,-85,AhAvWgVX0D3CWj7vXZXd4kmCJc0=,6NV9gXYmChcEhkr/zLm2KBWUa/c=
44,-85,AhAvWgVX0D3CWj7vXZXd4kmCJc0=,6NV9gXYmChcEhkr/zLm2KBWUa/c=
34,-95,AhAvWgVX0D3CWj7vXZXd4kmCJc0=,6NV9gXYmChcEhkr/zLm2KBWUa/c=
43,-85,AhAvWgVX0D3CWj7vXZXd4kmCJc0=,6NV9gXYmChcEhkr/zLm2KBWUa/c=
42,-85,AhAvWgVX0D3CWj7vXZXd4kmCJc0=,6NV9gXYmChcEhkr/zLm2KBWUa/c=
41,-85,AhAvWgVX0D3CWj7vXZXd4kmCJc0=,6NV9gXYmChcEhkr/zLm2KBWUa/c=
47,-94,AhAvWgVX0D3CWj7vXZXd4kmCJc0=,6NV9gXYmChcEhkr/zLm2KBWUa/c=
39,-85,AhAvWgVX0D3CWj7vXZXd4kmCJc0=,6NV9gXYmChcEhkr/zLm2KBWUa/c=
40,-85,AhAvWgVX0D3CWj7vXZXd4kmCJc0=,6NV9gXYmChcEhkr/zLm2KBWUa/c=
38,-85,AhAvWgVX0D3CWj7vXZXd4kmCJc0=,6NV9gXYmChcEhkr/zLm2KBWUa/c=
37,-85,AhAvWgVX0D3CWj7vXZXd4kmCJc0=,6NV9gXYmChcEhkr/zLm2KBWUa/c=
38,-96,AhAvWgVX0D3CWj7vXZXd4kmCJc0=,6NV9gXYmChcEhkr/zLm2KBWUa/c=
36,-85,AhAvWgVX0D3CWj7vXZXd4kmCJc0=,6NV9gXYmChcEhkr/zLm2KBWUa/c=
41,-95,AhAvWgVX0D3CWj7vXZXd4kmCJc0=,6NV9gXYmChcEhkr/zLm2KBWUa/c=
45,-96,AhAvWgVX0D3CWj7vXZXd4kmCJc0=,6NV9gXYmChcEhkr/zLm2KBWUa/c=
38,-93,AhAvWgVX0D3CWj7vXZXd4kmCJc0=,6NV9gXYmChcEhkr/zLm2KBWUa/c=
43,-92,AhAvWgVX0D3CWj7vXZXd4kmCJc0=,6NV9gXYmChcEhkr/zLm2KBWUa/c=
35,-85,AhAvWgVX0D3CWj7vXZXd4kmCJc0=,6NV9gXYmChcEhkr/zLm2KBWUa/c=
34,-85,AhAvWgVX0D3CWj7vXZXd4kmCJc0=,6NV9gXYmChcEhkr/zLm2KBWUa/c=
33,-85,AhAvWgVX0D3CWj7vXZXd4kmCJc0=,6NV9gXYmChcEhkr/zLm2KBWUa/c=
44,-92,AhAvWgVX0D3CWj7vXZXd4kmCJc0=,6NV9gXYmChcEhkr/zLm2KBWUa/c=
32,-85,AhAvWgVX0D3CWj7vXZXd4kmCJc0=,6NV9gXYmChcEhkr/zLm2KBWUa/c=
46,-86,AhAvWgVX0D3CWj7vXZXd4kmCJc0=,6NV9gXYmChcEhkr/zLm2KBWUa/c=
47,-86,AhAvWgVX0D3CWj7vXZXd4kmCJc0=,6NV9gXYmChcEhkr/zLm2KBWUa/c=
45,-86,AhAvWgVX0D3CWj7vXZXd4kmCJc0=,6NV9gXYmChcEhkr/zLm2KBWUa/c=
45,-92,AhAvWgVX0D3CWj7vXZXd4kmCJc0=,6NV9gXYmChcEhkr/zLm2KBWUa/c=
44,-86,AhAvWgVX0D3CWj7vXZXd4kmCJc0=,6NV9gXYmChcEhkr/zLm2KBWUa/c=
43,-86,AhAvWgVX0D3CWj7vXZXd4kmCJc0=,6NV9gXYmChcEhkr/zLm2KBWUa/c=
41,-86,AhAvWgVX0D3CWj7vXZXd4kmCJc0=,6NV9gXYmChcEhkr/zLm2KBWUa/c=
42,-86,AhAvWgVX0D3CWj7vXZXd4kmCJc0=,6NV9gXYmChcEhkr/zLm2KBWUa/c=
46,-92,AhAvWgVX0D3CWj7vXZXd4kmCJc0=,6NV9gXYmChcEhkr/zLm2KBWUa/c=
38,-86,AhAvWgVX0D3CWj7vXZXd4kmCJc0=,6NV9gXYmChcEhkr/zLm2KBWUa/c=
39,-86,AhAvWgVX0D3CWj7vXZXd4kmCJc0=,6NV9gXYmChcEhkr/zLm2KBWUa/c=
40,-86,AhAvWgVX0D3CWj7vXZXd4kmCJc0=,6NV9gXYmChcEhkr/zLm2KBWUa/c=
37,-86,AhAvWgVX0D3CWj7vXZXd4kmCJc0=,6NV9gXYmChcEhkr/zLm2KBWUa/c=
47,-92,AhAvWgVX0D3CWj7vXZXd4kmCJc0=,6NV9gXYmChcEhkr/zLm2KBWUa/c=
44,-96,AhAvWgVX0D3CWj7vXZXd4kmCJc0=,6NV9gXYmChcEhkr/zLm2KBWUa/c=
37,-93,AhAvWgVX0D3CWj7vXZXd4kmCJc0=,6NV9gXYmChcEhkr/zLm2KBWUa/c=
40,-95,AhAvWgVX0D3CWj7vXZXd4kmCJc0=,6NV9gXYmChcEhkr/zLm2KBWUa/c=
32,-91,AhAvWgVX0D3CWj7vXZXd4kmCJc0=,6NV9gXYmChcEhkr/zLm2KBWUa/c=
35,-86,AhAvWgVX0D3CWj7vXZXd4kmCJc0=,6NV9gXYmChcEhkr/zLm2KBWUa/c=
36,-86,AhAvWgVX0D3CWj7vXZXd4kmCJc0=,6NV9gXYmChcEhkr/zLm2KBWUa/c=
33,-86,AhAvWgVX0D3CWj7vXZXd4kmCJc0=,6NV9gXYmChcEhkr/zLm2KBWUa/c=
34,-86,AhAvWgVX0D3CWj7vXZXd4kmCJc0=,6NV9gXYmChcEhkr/zLm2KBWUa/c=
33,-91,AhAvWgVX0D3CWj7vXZXd4kmCJc0=,6NV9gXYmChcEhkr/zLm2KBWUa/c=
32,-86,AhAvWgVX0D3CWj7vXZXd4kmCJc0=,6NV9gXYmChcEhkr/zLm2KBWUa/c=
47,-87,AhAvWgVX0D3CWj7vXZXd4kmCJc0=,6NV9gXYmChcEhkr/zLm2KBWUa/c=
34,-91,AhAvWgVX0D3CWj7vXZXd4kmCJc0=,6NV9gXYmChcEhkr/zLm2KBWUa/c=
46,-87,AhAvWgVX0D3CWj7vXZXd4kmCJc0=,6NV9gXYmChcEhkr/zLm2KBWUa/c=
45,-87,AhAvWgVX0D3CWj7vXZXd4kmCJc0=,6NV9gXYmChcEhkr/zLm2KBWUa/c=
44,-87,AhAvWgVX0D3CWj7vXZXd4kmCJc0=,6NV9gXYmChcEhkr/zLm2KBWUa/c=
43,-87,AhAvWgVX0D3CWj7vXZXd4kmCJc0=,6NV9gXYmChcEhkr/zLm2KBWUa/c=
35,-91,AhAvWgVX0D3CWj7vXZXd4kmCJc0=,6NV9gXYmChcEhkr/zLm2KBWUa/c=
41,-87,AhAvWgVX0D3CWj7vXZXd4kmCJc0=,6NV9gXYmChcEhkr/zLm2KBWUa/c=
42,-87,AhAvWgVX0D3CWj7vXZXd4kmCJc0=,6NV9gXYmChcEhkr/zLm2KBWUa/c=
40,-87,AhAvWgVX0D3CWj7vXZXd4kmCJc0=,6NV9gXYmChcEhkr/zLm2KBWUa/c=
39,-87,AhAvWgVX0D3CWj7vXZXd4kmCJc0=,6NV9gXYmChcEhkr/zLm2KBWUa/c=
36,-91,AhAvWgVX0D3CWj7vXZXd4kmCJc0=,6NV9gXYmChcEhkr/zLm2KBWUa/c=
39,-95,AhAvWgVX0D3CWj7vXZXd4kmCJc0=,6NV9gXYmChcEhkr/zLm2KBWUa/c=
38,-87,AhAvWgVX0D3CWj7vXZXd4kmCJc0=,6NV9gXYmChcEhkr/zLm2KBWUa/c=
43,-96,AhAvWgVX0D3CWj7vXZXd4kmCJc0=,6NV9gXYmChcEhkr/zLm2KBWUa/c=
36,-93,AhAvWgVX0D3CWj7vXZXd4kmCJc0=,6NV9gXYmChcEhkr/zLm2KBWUa/c=
37,-91,AhAvWgVX0D3CWj7vXZXd4kmCJc0=,6NV9gXYmChcEhkr/zLm2KBWUa/c=
37,-87,AhAvWgVX0D3CWj7vXZXd4kmCJc0=,6NV9gXYmChcEhkr/zLm2KBWUa/c=
36,-87,AhAvWgVX0D3CWj7vXZXd4kmCJc0=,6NV9gXYmChcEhkr/zLm2KBWUa/c=
35,-87,AhAvWgVX0D3CWj7vXZXd4kmCJc0=,6NV9gXYmChcEhkr/zLm2KBWUa/c=
34,-87,AhAvWgVX0D3CWj7vXZXd4kmCJc0=,6NV9gXYmChcEhkr/zLm2KBWUa/c=
38,-91,AhAvWgVX0D3CWj7vXZXd4kmCJc0=,6NV9gXYmChcEhkr/zLm2KBWUa/c=
33,-87,AhAvWgVX0D3CWj7vXZXd4kmCJc0=,6NV9gXYmChcEhkr/zLm2KBWUa/c=
32,-87,AhAvWgVX0D3CWj7vXZXd4kmCJc0=,6NV9gXYmChcEhkr/zLm2KBWUa/c=
47,-88,AhAvWgVX0D3CWj7vXZXd4kmCJc0=,6NV9gXYmChcEhkr/zLm2KBWUa/c=
39,-91,AhAvWgVX0D3CWj7vXZXd4kmCJc0=,6NV9gXYmChcEhkr/zLm2KBWUa/c=
46,-88,AhAvWgVX0D3CWj7vXZXd4kmCJc0=,6NV9gXYmChcEhkr/zLm2KBWUa/c=
45,-88,AhAvWgVX0D3CWj7vXZXd4kmCJc0=,6NV9gXYmChcEhkr/zLm2KBWUa/c=
44,-88,AhAvWgVX0D3CWj7vXZXd4kmCJc0=,6NV9gXYmChcEhkr/zLm2KBWUa/c=
40,-91,AhAvWgVX0D3CWj7vXZXd4kmCJc0=,6NV9gXYmChcEhkr/zLm2KBWUa/c=
43,-88,AhAvWgVX0D3CWj7vXZXd4kmCJc0=,6NV9gXYmChcEhkr/zLm2KBWUa/c=
42,-88,AhAvWgVX0D3CWj7vXZXd4kmCJc0=,6NV9gXYmChcEhkr/zLm2KBWUa/c=
40,-88,AhAvWgVX0D3CWj7vXZXd4kmCJc0=,6NV9gXYmChcEhkr/zLm2KBWUa/c=
41,-88,AhAvWgVX0D3CWj7vXZXd4kmCJc0=,6NV9gXYmChcEhkr/zLm2KBWUa/c=
39,-88,AhAvWgVX0D3CWj7vXZXd4kmCJc0=,6NV9gXYmChcEhkr/zLm2KBWUa/c=
41,-91,AhAvWgVX0D3CWj7vXZXd4kmCJc0=,6NV9gXYmChcEhkr/zLm2KBWUa/c=
42,-96,AhAvWgVX0D3CWj7vXZXd4kmCJc0=,6NV9gXYmChcEhkr/zLm2KBWUa/c=
35,-93,AhAvWgVX0D3CWj7vXZXd4kmCJc0=,6NV9gXYmChcEhkr/zLm2KBWUa/c=
38,-95,AhAvWgVX0D3CWj7vXZXd4kmCJc0=,6NV9gXYmChcEhkr/zLm2KBWUa/c=
35,-95,AhAvWgVX0D3CWj7vXZXd4kmCJc0=,6NV9gXYmChcEhkr/zLm2KBWUa/c=
38,-88,AhAvWgVX0D3CWj7vXZXd4kmCJc0=,6NV9gXYmChcEhkr/zLm2KBWUa/c=
37,-88,AhAvWgVX0D3CWj7vXZXd4kmCJc0=,6NV9gXYmChcEhkr/zLm2KBWUa/c=
35,-88,AhAvWgVX0D3CWj7vXZXd4kmCJc0=,6NV9gXYmChcEhkr/zLm2KBWUa/c=
32,-93,AhAvWgVX0D3CWj7vXZXd4kmCJc0=,6NV9gXYmChcEhkr/zLm2KBWUa/c=
36,-88,AhAvWgVX0D3CWj7vXZXd4kmCJc0=,6NV9gXYmChcEhkr/zLm2KBWUa/c=
33,-88,AhAvWgVX0D3CWj7vXZXd4kmCJc0=,6NV9gXYmChcEhkr/zLm2KBWUa/c=
34,-88,AhAvWgVX0D3CWj7vXZXd4kmCJc0=,6NV9gXYmChcEhkr/zLm2KBWUa/c=
39,-96,AhAvWgVX0D3CWj7vXZXd4kmCJc0=,6NV9gXYmChcEhkr/zLm2KBWUa/c=
47,-89,AhAvWgVX0D3CWj7vXZXd4kmCJc0=,6NV9gXYmChcEhkr/zLm2KBWUa/c=
32,-88,AhAvWgVX0D3CWj7vXZXd4kmCJc0=,6NV9gXYmChcEhkr/zLm2KBWUa/c=
45,-89,AhAvWgVX0D3CWj7vXZXd4kmCJc0=,6NV9gXYmChcEhkr/zLm2KBWUa/c=
46,-89,AhAvWgVX0D3CWj7vXZXd4kmCJc0=,6NV9gXYmChcEhkr/zLm2KBWUa/c=
42,-91,AhAvWgVX0D3CWj7vXZXd4kmCJc0=,6NV9gXYmChcEhkr/zLm2KBWUa/c=
44,-89,AhAvWgVX0D3CWj7vXZXd4kmCJc0=,6NV9gXYmChcEhkr/zLm2KBWUa/c=
43,-89,AhAvWgVX0D3CWj7vXZXd4kmCJc0=,6NV9gXYmChcEhkr/zLm2KBWUa/c=
42,-89,AhAvWgVX0D3CWj7vXZXd4kmCJc0=,6NV9gXYmChcEhkr/zLm2KBWUa/c=
41,-89,AhAvWgVX0D3CWj7vXZXd4kmCJc0=,6NV9gXYmChcEhkr/zLm2KBWUa/c=
43,-91,AhAvWgVX0D3CWj7vXZXd4kmCJc0=,6NV9gXYmChcEhkr/zLm2KBWUa/c=
40,-89,AhAvWgVX0D3CWj7vXZXd4kmCJc0=,6NV9gXYmChcEhkr/zLm2KBWUa/c=
41,-96,AhAvWgVX0D3CWj7vXZXd4kmCJc0=,6NV9gXYmChcEhkr/zLm2KBWUa/c=
34,-93,AhAvWgVX0D3CWj7vXZXd4kmCJc0=,6NV9gXYmChcEhkr/zLm2KBWUa/c=
44,-91,AhAvWgVX0D3CWj7vXZXd4kmCJc0=,6NV9gXYmChcEhkr/zLm2KBWUa/c=
37,-95,AhAvWgVX0D3CWj7vXZXd4kmCJc0=,6NV9gXYmChcEhkr/zLm2KBWUa/c=
38,-89,AhAvWgVX0D3CWj7vXZXd4kmCJc0=,6NV9gXYmChcEhkr/zLm2KBWUa/c=
37,-89,AhAvWgVX0D3CWj7vXZXd4kmCJc0=,6NV9gXYmChcEhkr/zLm2KBWUa/c=
39,-89,AhAvWgVX0D3CWj7vXZXd4kmCJc0=,6NV9gXYmChcEhkr/zLm2KBWUa/c=
36,-89,AhAvWgVX0D3CWj7vXZXd4kmCJc0=,6NV9gXYmChcEhkr/zLm2KBWUa/c=
34,-89,AhAvWgVX0D3CWj7vXZXd4kmCJc0=,6NV9gXYmChcEhkr/zLm2KBWUa/c=
45,-91,AhAvWgVX0D3CWj7vXZXd4kmCJc0=,6NV9gXYmChcEhkr/zLm2KBWUa/c=
33,-89,AhAvWgVX0D3CWj7vXZXd4kmCJc0=,6NV9gXYmChcEhkr/zLm2KBWUa/c=
32,-89,AhAvWgVX0D3CWj7vXZXd4kmCJc0=,6NV9gXYmChcEhkr/zLm2KBWUa/c=
35,-89,AhAvWgVX0D3CWj7vXZXd4kmCJc0=,6NV9gXYmChcEhkr/zLm2KBWUa/c=
46,-91,AhAvWgVX0D3CWj7vXZXd4kmCJc0=,6NV9gXYmChcEhkr/zLm2KBWUa/c=
47,-90,AhAvWgVX0D3CWj7vXZXd4kmCJc0=,6NV9gXYmChcEhkr/zLm2KBWUa/c=
45,-90,AhAvWgVX0D3CWj7vXZXd4kmCJc0=,6NV9gXYmChcEhkr/zLm2KBWUa/c=
46,-90,AhAvWgVX0D3CWj7vXZXd4kmCJc0=,6NV9gXYmChcEhkr/zLm2KBWUa/c=
47,-91,AhAvWgVX0D3CWj7vXZXd4kmCJc0=,6NV9gXYmChcEhkr/zLm2KBWUa/c=
44,-90,AhAvWgVX0D3CWj7vXZXd4kmCJc0=,6NV9gXYmChcEhkr/zLm2KBWUa/c=
43,-90,AhAvWgVX0D3CWj7vXZXd4kmCJc0=,6NV9gXYmChcEhkr/zLm2KBWUa/c=
41,-90,AhAvWgVX0D3CWj7vXZXd4kmCJc0=,6NV9gXYmChcEhkr/zLm2KBWUa/c=
42,-90,AhAvWgVX0D3CWj7vXZXd4kmCJc0=,6NV9gXYmChcEhkr/zLm2KBWUa/c=
40,-96,AhAvWgVX0D3CWj7vXZXd4kmCJc0=,6NV9gXYmChcEhkr/zLm2KBWUa/c=
32,-90,AhAvWgVX0D3CWj7vXZXd4kmCJc0=,6NV9gXYmChcEhkr/zLm2KBWUa/c=
36,-95,AhAvWgVX0D3CWj7vXZXd4kmCJc0=,6NV9gXYmChcEhkr/zLm2KBWUa/c=
33,-93,AhAvWgVX0D3CWj7vXZXd4kmCJc0=,6NV9gXYmChcEhkr/zLm2KBWUa/c=
40,-90,AhAvWgVX0D3CWj7vXZXd4kmCJc0=,6NV9gXYmChcEhkr/zLm2KBWUa/c=
33,-90,AhAvWgVX0D3CWj7vXZXd4kmCJc0=,6NV9gXYmChcEhkr/zLm2KBWUa/c=
39,-90,AhAvWgVX0D3CWj7vXZXd4kmCJc0=,6NV9gXYmChcEhkr/zLm2KBWUa/c=
38,-90,AhAvWgVX0D3CWj7vXZXd4kmCJc0=,6NV9gXYmChcEhkr/zLm2KBWUa/c=
34,-90,AhAvWgVX0D3CWj7vXZXd4kmCJc0=,6NV9gXYmChcEhkr/zLm2KBWUa/c=
37,-90,AhAvWgVX0D3CWj7vXZXd4kmCJc0=,6NV9gXYmChcEhkr/zLm2KBWUa/c=
36,-90,AhAvWgVX0D3CWj7vXZXd4kmCJc0=,6NV9gXYmChcEhkr/zLm2KBWUa/c=
35,-90,AhAvWgVX0D3CWj7vXZXd4kmCJc0=,6NV9gXYmChcEhkr/zLm2KBWUa/c=
43,-82,AhAvWgVX0D3CWj7vXZXd4kmCJc0=,6NV9gXYmChcEhkr/zLm2KBWUa/c=
